Date,ASIANPAINT.NS,AXISBANK.NS,BAJFINANCE.NS,BANKBEES.NS,BHARTIARTL.NS,GOLDBEES.NS,HCLTECH.NS,HDFCBANK.NS,HINDUNILVR.NS,ICICIBANK.NS,INFY.NS,ITC.NS,JUNIORBEES.NS,KOTAKBANK.NS,LT.NS,MARUTI.NS,NIFTYBEES.NS,RELIANCE.NS,SBIN.NS,SUNPHARMA.NS,TCS.NS,WIPRO.NS,^NSEBANK,^NSEI
2019-01-01,1283.8722,623.4361,257.6205,279.39,276.9401,28.178,371.5956,496.1859,1591.3143,348.023,541.7258,196.5027,289.71,248.4864,1283.0065,6934.8145,113.984,496.1964,271.5512,401.7031,1552.4883,110.881,27392.082,
2019-01-02,1294.871,616.2307,253.4704,277.196,271.0026,28.2885,366.3693,491.6584,1576.7363,348.8363,544.9841,195.043,287.45,246.529,1268.4135,6741.0117,112.973,489.7339,266.3848,407.7256,1569.2139,110.5076,27174.3828,10792.5
2019-01-03,1299.5515,604.2053,250.77,274.946,271.7393,28.4705,367.1436,487.801,1580.094,347.5446,545.0656,193.8266,285.18,245.4659,1241.2744,6681.7446,111.835,483.6919,263.847,404.0658,1550.163,110.4906,26959.5371,10672.25
2019-01-04,1297.2576,615.7834,249.7858,277.475,279.4971,28.298,360.9493,489.106,1574.1742,349.4103,538.4676,195.2863,285.77,247.9895,1235.0907,6710.0796,112.491,486.3034,269.7837,401.9348,1531.3158,110.1342,27194.6836,10727.3496
2019-01-07,1306.7588,633.5236,247.6089,278.744,281.6641,28.2245,364.511,489.8452,1577.0457,351.8023,547.1426,195.7729,285.5,247.7213,1231.3088,6828.3838,112.562,489.0035,268.5601,399.1551,1548.4902,110.0663,27304.2344,10771.7998
2019-01-08,1311.6735,646.8907,246.0041,280.774,285.3913,28.164,365.9046,485.7683,1564.5878,363.714,545.7986,197.5801,285.51,244.204,1229.885,6900.2192,112.857,488.9593,276.7176,415.138,1544.941,110.5076,27509.1797,10802.1504
2019-01-09,1312.3751,665.9724,244.7727,282.803,289.942,28.336,363.2916,488.9559,1577.0896,365.7231,550.7267,201.8549,285.66,246.062,1233.3109,6949.7476,113.263,491.6594,276.7176,415.7866,1539.5563,111.6787,27720.0781,10855.1504
2019-01-10,1307.0864,659.1646,243.8321,281.015,292.369,28.579,362.3043,487.0387,1578.1499,363.0921,553.6592,201.2989,286.64,242.346,1239.1392,6855.7915,113.248,490.2208,276.9441,411.9414,1540.8617,110.5755,27528.2305,10821.5996
2019-01-11,1313.9199,662.3945,243.7885,279.88,290.4621,28.534,363.9303,487.824,1563.3066,362.1831,556.7545,205.2956,285.73,243.0713,1218.6735,6789.8452,112.687,486.0379,274.4062,411.7561,1503.3303,111.5769,27453.582,10794.9502
2019-01-14,1299.8323,655.1396,246.7556,277.952,287.4283,28.61,362.827,485.4564,1558.4476,357.2079,571.7425,204.5658,283.94,240.796,1186.908,6871.6519,112.167,485.4846,272.2763,417.7323,1479.4246,106.0948,27247.9336,10737.5996
2019-01-15,1316.0731,656.5309,252.5153,279.573,292.759,28.621,366.892,490.1339,1581.375,356.6339,591.8623,206.1297,285.53,241.1238,1193.1361,6821.9834,113.599,500.0252,273.4092,419.2148,1523.932,111.9503,27400.4316,10886.7998
2019-01-16,1300.9087,659.9099,249.1846,280.466,289.4652,28.7135,363.2334,489.7413,1566.09,359.0736,600.1708,204.392,285.97,239.0075,1194.2485,6780.3379,114.127,502.7917,274.7688,420.4656,1525.8491,114.2415,27483.3789,10890.2998
2019-01-17,1300.7682,672.4821,245.8926,280.627,287.8183,28.813,369.6019,492.5363,1547.4917,358.4039,597.3606,204.3225,286.01,242.4255,1197.7188,6804.4536,114.148,502.1499,269.5571,395.2173,1548.8657,113.8512,27528.4297,10905.2002
2019-01-18,1310.9247,660.5062,246.5714,279.844,269.7024,28.648,374.0927,492.0627,1540.9536,355.9163,595.4056,202.5848,282.48,246.4495,1172.6709,6824.5815,113.833,524.2375,267.3365,362.047,1554.0579,117.5002,27456.3809,10906.9502
2019-01-21,1331.1909,656.2327,251.5457,279.611,269.8757,28.5825,373.8798,496.1974,1543.4276,355.6293,606.8503,201.5074,282.05,251.8944,1169.6901,6685.8711,114.478,547.8521,265.0706,369.0424,1560.6398,114.6659,27533.2793,10961.8496
2019-01-22,1317.0089,657.5247,254.2316,279.346,264.2415,28.727,364.2013,493.3562,1546.3429,353.0938,607.1353,201.4031,282.72,256.6934,1157.7666,6556.437,114.069,546.7235,263.0765,388.1756,1555.08,117.6191,27481.9297,10922.75
2019-01-23,1307.2739,657.5247,255.4388,277.887,263.2448,28.7315,365.6337,486.3226,1561.3629,351.5152,595.9759,192.7492,281.16,253.663,1158.0334,6534.6865,113.315,542.8062,259.8135,399.3404,1533.5759,119.3333,27250.4336,10831.5
2019-01-24,1312.235,659.5621,255.5648,277.485,261.4679,28.5865,366.4081,485.595,1554.5598,349.0276,599.5387,193.8613,280.61,251.9242,1152.6058,6530.2354,113.471,552.168,261.0825,391.9281,1554.7937,119.4012,27266.084,10849.7998
2019-01-25,1284.4337,665.6246,252.0644,276.114,266.5385,28.6695,375.2929,484.1514,1552.1742,341.7562,598.1872,194.0699,277.3,251.6062,1143.7966,6041.251,112.919,551.5261,258.6805,391.3721,1570.5334,119.9782,27114.9863,10780.5498
2019-01-28,1291.3137,652.2573,238.3876,271.082,264.5016,28.9825,378.5449,481.4141,1539.9817,328.6964,596.2216,190.9767,271.88,250.4735,1157.1437,6039.0713,111.781,544.2446,255.2364,381.5044,1598.4971,120.5553,26652.7402,10661.5498
2019-01-29,1304.2316,656.6799,243.9194,271.584,266.842,29.167,382.6678,475.2814,1552.0857,331.8537,596.1807,193.5485,272.57,248.6751,1137.2124,6053.8188,111.801,535.8788,254.33,391.3721,1621.1864,122.3424,26573.0918,10652.2002
2019-01-30,1301.5171,686.694,251.6718,273.463,263.2448,29.236,394.2627,469.9918,1531.4554,350.08,594.5426,191.498,271.41,242.8726,1151.8047,6073.5747,111.595,529.2614,260.5387,387.249,1620.0826,123.653,26825.1875,10651.7998
2019-01-31,1322.2975,718.2484,249.6694,277.922,265.5851,29.3485,389.1525,480.444,1557.873,348.6927,613.9128,193.6876,272.85,249.5396,1169.4677,6159.7402,113.469,543.1823,266.1582,392.345,1646.8197,125.6784,27295.1328,10830.9502
2019-02-01,1364.0466,712.832,254.8618,276.497,270.3091,29.4675,404.1152,482.8694,1589.7241,339.3165,620.0557,195.2168,276.88,249.5296,1178.6324,6457.6104,113.857,553.2745,257.7742,392.1597,1659.7795,126.4784,27085.6348,10893.6504
2019-02-04,1353.8901,716.062,251.5699,276.12,265.7151,29.4655,404.4832,486.2071,1592.6399,339.2208,619.1139,192.6102,274.38,252.8085,1163.3279,6481.6338,114.301,571.4006,257.3664,384.3304,1676.3778,126.3763,27186.2832,10912.25
2019-02-05,1357.6349,725.0065,252.4571,277.301,267.1453,29.505,406.4031,488.3208,1609.2938,337.4029,618.2538,190.5596,272.43,254.1896,1160.8363,6579.3931,114.712,571.6881,258.0008,379.7903,1671.7174,125.4231,27271.3828,10934.3496
2019-02-06,1375.4669,721.2796,262.8954,278.03,267.6221,29.64,409.2928,490.3072,1616.8041,343.7654,625.1747,193.0272,274.89,254.2591,1169.5565,6662.6836,115.448,579.9655,261.9888,385.9982,1696.4509,126.6996,27402.0312,11062.4502
2019-02-07,1378.3221,725.6525,261.4749,278.513,269.7024,29.294,412.2796,489.0599,1624.8441,343.1436,625.748,194.8345,278.41,255.2626,1153.2288,6773.1963,115.698,571.1792,260.4933,402.954,1703.0741,127.1762,27386.832,11069.4004
2019-02-08,1356.1837,714.9688,262.4978,276.84,271.5227,29.214,414.4324,490.3072,1605.6277,339.747,623.209,191.498,273.98,258.2136,1122.7085,6617.0962,114.644,565.5577,259.2244,399.3867,1685.4944,126.8698,27294.084,10943.5996
2019-02-11,1345.2318,706.4714,257.6544,276.937,270.6125,29.301,418.6602,494.234,1594.5835,334.9153,624.7651,192.6102,270.87,258.6408,1109.1389,6657.5815,114.215,554.7352,254.2393,397.0703,1689.1735,126.989,27227.4844,10888.7998
2019-02-12,1359.2727,701.2537,254.2219,274.983,269.7891,29.2055,410.6893,491.9356,1585.4832,329.4139,614.65,191.359,268.87,258.0646,1109.4503,6643.2979,113.579,556.1295,249.6168,404.5291,1677.4816,127.6528,27010.4355,10831.4004
2019-02-14,1309.7546,690.719,253.0001,274.003,260.731,29.2055,411.6591,487.4314,1577.1343,329.0791,606.1319,193.1662,267.55,255.7097,1092.3218,6508.8096,112.856,541.8765,242.0939,408.5131,1671.7578,127.6868,26970.2852,10746.0498
2019-02-15,1304.5126,682.3707,248.3361,272.491,264.0249,29.467,410.088,485.2254,1566.3109,327.3569,607.6881,194.6954,262.98,255.0838,1106.1134,6427.6982,112.246,550.84,238.3324,391.8354,1659.575,128.0272,26793.9395,10724.4004
2019-02-18,1291.8289,689.0295,247.2065,271.813,262.2479,29.695,405.8408,482.7423,1547.8451,324.1039,606.951,190.9419,260.27,253.7723,1107.3593,6346.6802,111.669,540.0618,235.6133,384.1914,1611.0071,127.857,26653.9395,10640.9502
2019-02-19,1289.7692,688.781,248.2101,271.404,263.2448,29.7715,403.0285,481.3911,1535.5198,328.4093,593.2321,191.776,261.46,254.4479,1119.6387,6311.2959,111.376,538.2912,238.2871,383.265,1557.4512,123.7211,26684.5391,10604.3496
2019-02-20,1307.6018,696.036,252.7044,273.862,267.8388,29.9205,410.3595,487.0041,1531.5881,330.2751,606.6643,191.7413,265.45,256.296,1135.8774,6353.3579,112.317,546.3693,242.6377,391.3258,1565.5868,126.6996,26955.1875,10735.4502
2019-02-21,1308.4441,692.9055,257.412,274.77,268.6189,29.686,408.5947,488.748,1550.3188,336.1112,600.7263,191.1852,267.06,256.1767,1142.5953,6308.5132,112.767,551.9244,242.9096,398.1359,1565.1368,127.4996,27052.0859,10789.8496
2019-02-22,1308.4441,697.7256,256.0254,273.292,272.0427,29.505,413.5402,483.1003,1562.5558,336.8289,601.9548,190.6639,268.79,245.9924,1139.2585,6411.3276,112.897,545.4841,245.5834,398.8772,1574.4993,128.9293,26867.2383,10791.6504
2019-02-25,1308.8651,699.3654,257.7078,275.938,274.9898,29.569,419.7851,490.9424,1563.9695,340.2254,618.2947,192.3322,270.38,246.5985,1135.2544,6422.9219,113.654,545.4619,244.8583,404.0658,1623.149,131.193,27158.9336,10880.0996
2019-02-26,1312.3751,705.7757,257.7078,274.82,273.4296,29.5365,410.7086,487.5353,1565.8248,333.1453,608.1386,191.498,270.24,245.6447,1126.3566,6403.8145,113.625,540.1281,241.4141,403.7415,1666.9337,131.959,26952.6367,10835.2998
2019-02-27,1315.8387,713.7762,256.1806,272.834,277.5035,29.596,411.2905,483.2852,1534.2389,330.6099,602.2006,191.22,271.55,241.6703,1143.1293,6463.3618,112.914,541.5666,242.5924,410.181,1682.7964,127.4486,26798.9902,10806.6504
2019-02-28,1315.3708,705.1793,256.8594,273.566,275.6832,29.5025,408.7887,479.8896,1530.8375,335.011,601.4225,191.8803,273.4,241.0642,1150.4701,6334.6226,113.36,544.9086,243.8613,412.451,1621.7592,125.5763,26789.5898,10792.5
2019-03-01,1303.3422,698.0735,257.9987,275.068,266.6685,29.074,408.2844,481.2294,1532.6042,338.9338,607.6472,193.3748,276.86,243.6178,1164.3512,6432.4292,113.71,542.6954,247.3962,414.4894,1631.5297,127.8911,27043.5859,10863.5
2019-03-05,1314.1072,727.5408,261.3343,279.84,266.842,28.4755,408.2651,486.7153,1523.7247,347.5446,599.9482,196.3984,282.6,246.4992,1161.9042,6601.7925,114.889,547.8301,250.5685,422.4113,1625.5607,123.7721,27553.7305,10987.4502
2019-03-06,1304.606,716.1613,268.2721,280.584,268.1855,28.521,404.6578,486.0571,1501.8135,355.8685,599.9482,198.6228,284.27,246.6681,1171.8699,6545.3525,115.586,559.8476,252.064,426.7198,1634.9637,125.928,27625.3301,11053.0
2019-03-07,1306.2443,729.2303,265.1789,282.052,266.6685,28.3245,401.2831,491.1965,1506.761,354.7682,592.1263,201.6464,283.66,245.8534,1203.369,6519.5215,115.751,562.26,255.3723,417.7786,1646.1658,122.0247,27764.2773,11058.2002
2019-03-08,1293.9816,728.8825,268.4272,282.103,267.5787,28.4685,391.3923,491.5891,1503.4042,354.5769,583.4443,202.9671,282.69,246.1911,1191.8016,6462.6191,115.816,560.8658,254.8738,421.5312,1653.8517,116.964,27761.4785,11035.4004
2019-03-11,1329.0376,729.9757,270.6332,284.779,289.3352,28.502,389.5885,491.6469,1515.1987,359.5999,582.5436,203.6274,289.72,248.3075,1198.1638,6568.541,117.226,577.2433,260.4481,425.7006,1647.3925,117.8944,27966.3262,11168.0498
2019-03-12,1336.807,737.9761,266.9485,290.008,304.9375,28.3585,393.0601,501.4755,1532.7367,371.4159,579.0216,204.7048,290.99,251.0498,1235.8467,6638.3833,118.467,589.3051,260.0402,435.7536,1645.4708,118.6206,28443.3691,11301.2002
2019-03-13,1336.9943,733.4542,274.2305,293.428,292.759,28.5955,398.8782,514.3069,1544.0458,374.9559,580.2502,204.9828,288.45,250.6325,1226.6819,6577.0269,118.824,596.3652,265.705,422.9673,1635.6996,117.0548,28883.9648,11341.7002
2019-03-14,1343.032,736.0381,272.2864,293.884,296.7896,28.3595,390.4999,513.891,1534.9458,371.1289,580.1682,205.3999,288.48,252.1626,1227.7051,6572.6216,118.726,593.82,264.572,431.9085,1624.9885,116.5782,28922.7637,11343.25
2019-03-15,1340.9728,730.572,277.3916,299.146,292.7157,28.349,399.2467,520.4165,1500.5767,378.2089,588.5225,202.1329,288.26,263.3306,1242.6093,6570.4897,119.887,585.0116,270.4635,430.2407,1667.9558,119.5737,29381.1074,11426.8496
2019-03-18,1353.1882,742.3987,284.0627,299.88,286.6048,28.1145,393.0213,522.3685,1499.8256,380.84,581.6836,204.0444,288.6,267.0069,1226.9487,6394.2617,119.988,597.5825,270.962,430.7503,1653.9332,116.9186,29595.7559,11462.2002
2019-03-19,1360.9576,756.2131,283.224,302.695,291.8922,28.3455,401.9231,523.8236,1501.681,381.1749,591.5529,208.1455,289.21,267.8215,1208.3075,6330.4487,120.737,609.3124,274.6782,434.5028,1653.9332,116.8505,29767.5039,11532.4004
2019-03-20,1363.0637,751.0948,278.1527,302.947,289.5085,28.133,402.6019,531.0421,1490.9904,375.9127,605.2309,207.7632,288.65,268.5867,1219.8303,6189.792,120.665,608.8254,275.3579,439.8767,1647.5964,118.7114,29831.8516,11521.0498
2019-03-22,1377.1985,752.3868,275.0548,301.802,287.3849,28.391,397.5207,525.7639,1482.5968,374.8603,608.6301,207.2766,287.0,265.5363,1241.0077,6077.7021,119.98,593.9086,270.1463,438.4869,1639.9108,118.2575,29582.1562,11456.9004
2019-03-25,1364.3743,741.1068,276.3298,298.533,283.441,28.3935,394.728,526.9536,1478.8857,366.9192,602.2006,205.0871,283.34,260.0517,1225.0358,6049.7847,118.81,586.251,266.4755,430.5186,1622.4132,116.4193,29280.8594,11354.25
2019-03-26,1390.1163,752.4365,284.5283,305.002,284.1345,28.346,401.3025,533.8947,1487.677,377.0608,596.0577,203.9402,286.13,266.8677,1221.5211,6108.3101,120.393,605.1959,275.0861,435.2902,1621.1051,115.7385,29881.8027,11483.25
2019-03-27,1377.9475,754.623,285.5851,307.055,279.5404,28.382,404.619,531.1458,1485.0266,376.1998,597.655,203.7317,285.48,264.8607,1215.8705,6045.5171,120.102,597.2284,279.8898,430.7039,1609.0446,115.5343,30019.4512,11445.0498
2019-03-28,1401.3025,775.8912,290.4915,311.359,285.9981,28.2515,420.0372,531.9198,1487.7653,383.2319,604.2891,208.5278,289.16,266.4305,1233.889,6118.0947,120.977,601.9867,289.1349,440.5254,1635.5364,115.625,30420.1973,11570.0
2019-04-01,1397.3241,760.8842,291.0345,309.631,295.4027,28.0925,430.8398,533.9987,1493.1552,381.0314,618.4584,206.6163,291.48,266.1623,1256.5791,6344.8247,122.08,616.0847,292.5338,443.6756,1661.1697,118.7568,30326.1484,11669.1504
2019-04-02,1422.1771,762.6732,296.2463,307.118,308.968,27.996,427.6786,530.0834,1490.637,379.9789,621.9803,207.0681,289.57,266.1722,1254.3992,6390.2734,122.525,615.1331,298.1987,435.1977,1700.1304,118.7568,30353.8965,11713.2002
2019-04-03,1401.8643,756.8094,295.3543,306.886,303.3773,27.883,434.6604,529.5982,1476.1913,375.1473,616.9842,205.8517,289.75,265.1289,1226.1924,6560.1934,122.148,608.7149,290.4945,428.0633,1700.1304,118.7568,30092.9512,11643.9502
2019-04-04,1421.8961,757.4554,294.7191,304.501,309.2715,28.0395,425.9137,527.5656,1472.4365,371.9421,612.5614,204.9133,288.67,262.8834,1217.8727,6597.48,121.813,598.9105,291.6728,431.3989,1647.1467,117.5767,29904.5527,11598.0
2019-04-05,1417.637,757.505,301.9673,306.013,309.1414,28.035,423.8773,532.5665,1465.8542,373.6643,621.8985,204.7395,289.29,265.4767,1222.4108,6592.4712,122.498,599.2866,287.3675,429.1288,1674.7833,118.961,30084.3008,11665.9502
2019-04-08,1400.6942,749.9519,293.2308,303.957,307.6678,28.2975,425.2541,528.8244,1470.9784,370.3635,628.4099,203.4883,289.32,266.9273,1222.2773,6612.6436,121.953,588.3755,283.5154,428.4803,1693.1394,119.6872,29844.9531,11604.5
2019-04-09,1352.4862,758.6977,291.7375,307.531,304.7641,28.255,433.7101,528.3278,1484.7614,379.9789,622.9633,205.9559,289.07,266.5697,1223.6564,6693.4302,122.445,590.6773,285.2828,436.3558,1710.1055,124.2714,30113.5,11671.9502
2019-04-10,1319.7234,756.1633,290.7339,304.062,294.7093,28.279,426.1657,516.8016,1496.8215,377.1565,616.4928,204.8438,289.53,268.2488,1220.4088,6665.4194,121.656,589.3273,281.7932,437.2824,1668.201,127.5393,29803.1543,11584.2998
2019-04-11,1332.1736,747.6661,295.5337,303.633,300.2134,28.2165,422.3452,521.4559,1511.1787,373.1859,608.3024,206.0255,290.07,266.9174,1226.1481,6666.8115,121.694,596.144,285.4188,431.3525,1651.2349,127.6755,29785.7539,11596.7002
2019-04-12,1346.6827,759.6418,291.7472,304.577,296.3995,28.174,420.2505,523.2461,1521.1183,377.5392,612.4386,212.5246,290.78,266.9671,1210.9324,6810.5752,122.414,594.5061,285.736,430.8892,1647.1467,128.6286,29938.2031,11643.4502
2019-04-15,1340.0366,758.151,293.0514,306.351,301.3836,28.0195,427.9305,528.6859,1521.4719,375.7691,595.853,212.3508,292.32,273.0081,1207.3732,6819.5254,122.879,593.2004,286.0533,424.9594,1727.9305,130.5803,30103.9004,11690.3496
2019-04-16,1365.7318,766.3502,294.0453,310.212,302.2937,28.0395,429.4046,532.4395,1536.0503,389.4031,593.0681,213.5325,294.04,275.502,1229.1733,6917.8882,123.753,594.7939,286.1892,428.5729,1743.0566,127.4939,30530.9941,11787.1504
2019-04-18,1375.6539,766.4496,292.2951,308.243,300.7335,27.9305,427.6978,529.8061,1537.2428,386.9155,587.2939,211.5862,292.32,272.1735,1210.7544,6907.5928,123.473,613.4732,281.7026,429.1751,1757.9788,129.264,30223.0488,11752.7998
2019-04-22,1351.0824,750.8464,290.0455,302.025,302.8571,28.0005,427.0967,524.0431,1537.1987,377.4435,590.5701,209.779,287.72,269.6,1210.2649,6790.541,121.868,595.5021,281.0228,421.1141,1767.2998,130.8299,29687.6035,11594.4502
2019-04-23,1339.5217,748.6102,294.2925,300.267,298.787,27.9665,427.4458,518.6379,1541.0419,379.3571,596.4263,210.8911,286.96,269.3318,1199.6317,6537.9331,121.701,603.6909,276.6722,434.1322,1762.0673,132.1234,29479.3574,11575.9502
2019-04-24,1357.3538,748.2126,299.9165,303.922,306.3392,27.957,441.7779,526.5955,1548.4634,383.7581,603.1835,213.0111,288.34,271.5972,1210.71,6508.0669,122.936,615.0446,281.6573,434.8734,1785.2878,133.0085,29860.4531,11726.1504
2019-04-25,1355.3879,736.3364,298.748,302.248,310.1153,28.1945,439.7416,522.8304,1532.2065,378.3046,596.713,211.4124,287.95,270.3354,1205.8159,6404.6963,122.427,607.4753,277.5333,427.1367,1794.7318,133.9843,29561.0059,11641.7998
2019-04-26,1356.137,755.2192,300.285,304.876,307.236,28.1565,442.0883,526.8727,1543.8251,389.5944,604.4529,211.6904,288.23,274.0812,1208.5297,6346.8193,123.393,616.5052,283.2434,430.0091,1830.3403,133.8027,30013.1504,11754.6504
2019-04-30,1369.6162,762.1265,300.1977,302.629,302.3743,28.1525,458.9999,535.3037,1552.9696,389.8814,615.387,209.4662,285.78,275.5318,1199.9432,6183.1597,123.407,616.5052,280.9322,424.0328,1848.165,135.5048,29764.4551,11748.1504
2019-05-02,1344.7638,747.7158,303.669,301.791,306.056,27.8115,449.9623,544.1622,1522.7972,378.4481,598.5557,212.0033,285.56,279.4664,1209.0192,6198.7881,123.179,621.9276,279.3007,418.9832,1811.4117,133.2808,29708.2539,11724.75
2019-05-03,1346.5889,752.6353,301.7394,305.144,312.9003,27.781,443.3683,546.9687,1496.2916,384.4279,592.6586,211.4819,284.09,281.7417,1213.335,6223.6001,122.991,623.6096,280.9775,419.956,1743.22,132.0327,29953.8027,11712.25
2019-05-06,1322.4851,742.8459,294.2198,301.838,314.7883,28.0075,440.6531,537.8447,1474.5126,383.9495,588.3996,213.3935,279.32,280.2712,1203.6359,6223.2744,121.831,613.0084,279.8445,419.8634,1764.3564,132.01,29618.1055,11598.25
2019-05-07,1299.0835,737.2804,292.5472,298.44,306.764,28.0225,438.9854,536.4356,1499.7814,369.7894,593.4368,209.8485,278.3,279.8241,1216.004,6216.1797,120.897,594.6832,276.8535,415.2769,1759.5322,133.3716,29287.8594,11497.9004
2019-05-08,1297.1176,730.9695,283.2628,294.196,306.3392,28.063,439.315,532.9478,1492.0065,365.6753,589.1778,208.9796,275.62,278.6417,1210.4429,6168.0879,119.531,575.185,270.3276,406.8917,1760.2683,132.01,28994.0625,11359.4502
2019-05-09,1267.6313,726.4973,288.1159,293.689,297.7957,28.115,440.8665,529.171,1505.3033,364.9099,590.5701,208.4235,274.81,275.3232,1206.9725,6144.7148,118.459,556.1517,271.2792,407.0771,1776.3756,132.1007,28884.2637,11301.7998
2019-05-10,1255.3218,730.5223,283.4131,295.969,305.9616,28.1095,421.4918,530.4645,1490.9021,368.45,587.1302,206.9638,272.94,277.8369,1206.1273,6150.8828,118.498,553.8056,279.2101,405.5946,1746.3275,131.783,29040.1621,11278.9004
2019-05-13,1247.3185,727.5905,284.2858,292.085,300.8166,28.2615,420.3281,528.3162,1503.7573,360.0304,589.4644,201.0903,269.0,276.0882,1172.4485,6069.4014,117.22,545.3513,278.1677,368.8571,1740.563,131.2157,28659.6152,11148.2002
2019-05-14,1235.8516,726.845,279.4375,293.035,317.762,28.554,414.1996,528.478,1500.6649,363.9531,584.673,204.6006,269.21,274.8164,1193.937,6099.499,117.861,557.9221,285.1922,388.6388,1710.8007,129.1732,28828.8633,11222.0498
2019-05-15,1222.4657,717.503,291.1605,291.598,312.7114,28.571,414.0444,528.2007,1476.4121,360.748,586.5159,206.4772,268.18,277.3699,1179.7003,6023.0249,117.498,556.3508,282.8809,379.6513,1713.2946,128.447,28616.1172,11157.0
2019-05-16,1221.0148,727.342,301.5649,294.722,307.0,28.3675,416.687,533.733,1491.5646,365.9623,600.4396,204.8786,267.77,280.8177,1189.7994,6009.9468,118.064,560.0911,286.1892,382.1067,1724.21,129.5136,28854.9648,11257.0996
2019-05-17,1235.6177,744.3368,320.09,300.52,310.0681,28.2645,412.9758,545.6174,1534.5038,372.8511,592.9045,209.5009,270.55,290.1276,1211.822,6220.6782,119.629,560.9985,289.3615,379.0491,1713.3356,129.9902,29449.8086,11407.1504
2019-05-20,1286.1187,777.5806,330.4119,313.809,321.0662,27.895,417.1923,561.8442,1566.0455,390.0728,591.6758,213.3935,279.43,298.5831,1291.5039,6571.0454,123.93,586.8927,312.4289,383.1259,1752.9908,131.7377,30759.3418,11828.25
2019-05-21,1270.9542,768.189,332.9087,308.995,312.145,27.9245,410.411,555.2264,1577.3107,382.8492,580.9465,212.6289,277.47,295.6718,1289.413,6376.9634,123.068,593.0455,305.9482,378.8175,1725.0275,130.2171,30308.0488,11709.0996
2019-05-22,1280.9702,774.3506,334.4214,311.719,316.3932,27.895,412.3151,555.7,1562.335,387.8244,581.3149,212.5023,276.75,297.1324,1300.0906,6399.6411,123.313,593.3109,309.1659,390.2603,1702.1339,128.4924,30526.4453,11737.9004
2019-05-23,1280.3149,771.6176,327.5223,310.553,319.8389,28.015,414.4137,538.6877,1549.568,393.0866,574.1893,204.3141,277.34,298.0267,1313.4375,6426.9565,122.602,590.4338,310.1629,382.6164,1679.485,128.0839,30408.7461,11657.0498
2019-05-24,1295.9941,788.3141,336.2637,317.308,333.433,27.9925,414.2388,548.2159,1545.8127,413.083,580.8644,205.9093,284.32,300.4013,1373.9888,6578.9761,124.552,591.7396,322.0818,385.2106,1674.538,128.4017,31212.1875,11844.0996
2019-05-27,1279.4725,808.8867,334.431,321.612,329.9401,28.096,413.5587,556.3006,1565.5596,416.6708,579.9633,206.1928,285.3,303.9186,1420.1249,6556.0669,125.033,580.1425,327.8373,384.3767,1680.3843,127.3124,31647.2832,11924.75
2019-05-28,1277.1323,803.4205,330.6301,321.907,326.2583,28.101,416.3178,558.1138,1569.9331,415.5227,596.3444,204.8104,287.06,300.2622,1400.9943,6543.2666,125.182,585.941,326.3417,382.4309,1695.5923,128.4244,31597.5332,11928.75
2019-05-29,1271.4225,799.7433,330.5767,318.383,319.8389,28.202,421.6418,558.2755,1573.4232,404.9983,596.0987,204.2432,284.73,300.8385,1381.374,6391.8975,124.753,581.2049,316.0091,392.6693,1723.2286,129.6725,31295.1875,11861.0996
2019-05-30,1286.7271,802.5757,337.5969,321.213,327.2967,28.04,418.9991,563.5073,1576.4271,407.773,600.8082,204.6331,285.24,305.101,1386.8463,6369.8682,125.478,588.5969,320.4503,382.4309,1754.9127,130.7164,31536.7324,11945.9004
2019-05-31,1317.3368,803.3212,336.1861,319.775,329.2792,28.382,424.5758,560.2273,1580.1821,405.381,604.2481,197.4729,286.0,302.4779,1385.912,6371.8623,125.249,588.774,319.4986,379.744,1795.9993,129.9902,31375.0352,11922.7998
2019-06-03,1365.9655,807.6443,340.4477,322.539,333.0082,28.5345,433.3779,567.5613,1625.4186,404.6156,609.8996,197.4729,288.94,304.2863,1387.5581,6513.8179,126.798,602.0753,322.1725,386.1834,1833.4069,132.2142,31653.2832,12088.5498
2019-06-04,1330.6289,817.7318,342.3966,322.208,332.6778,28.6445,421.9721,566.4525,1604.1252,400.98,602.2415,197.9691,287.66,304.3061,1396.8121,6540.623,126.59,598.2908,319.408,380.9485,1799.4468,133.3262,31588.6836,12021.6504
2019-06-06,1337.228,802.7249,334.8141,314.609,333.9995,28.9515,419.3878,559.7653,1623.6957,393.7563,602.4872,195.4879,282.87,300.9081,1348.8517,6482.0967,124.678,587.5345,305.3591,374.4627,1785.4344,132.305,30857.041,11843.75
2019-06-07,1327.6801,799.0476,340.2925,316.468,337.1148,28.9065,419.5433,565.3784,1617.511,398.588,605.3538,195.1334,282.93,300.4212,1347.0276,6444.5786,124.892,582.0237,310.027,369.9226,1798.3342,133.9162,31066.1895,11870.6504
2019-06-10,1331.6587,809.1351,341.2767,315.498,343.1094,28.7955,424.0511,563.6575,1636.7275,398.1096,617.148,198.0755,283.68,298.593,1363.2666,6464.7065,125.674,583.9049,312.0663,372.517,1839.3417,134.8467,31033.6387,11922.7002
2019-06-11,1334.3734,809.7811,344.4038,318.281,342.9205,28.6005,430.541,565.5516,1625.507,403.1326,618.2947,198.3945,284.45,299.6065,1356.326,6472.4502,125.622,588.3314,314.6042,361.3059,1856.8979,135.119,31265.0859,11965.5996
2019-06-12,1334.3264,808.5388,339.9435,315.483,339.758,28.783,430.6186,560.6201,1631.9565,399.9275,617.3937,198.4654,281.58,294.7975,1342.9346,6355.3057,125.073,589.6593,311.7944,362.6493,1863.5746,135.2552,30965.3398,11906.2002
2019-06-13,1345.2904,815.0982,343.6912,315.27,343.3925,28.826,427.8207,564.697,1630.5427,401.4583,616.8538,198.9262,281.29,298.8712,1350.3199,6292.8853,125.421,587.4903,314.0603,361.1205,1857.9694,135.4367,30975.7402,11914.0498
2019-06-14,1329.5737,796.2649,341.1604,311.795,333.5274,29.242,422.419,562.4796,1610.6194,399.6882,615.0266,197.1184,280.06,292.8798,1358.1058,6258.2886,124.517,583.1968,311.6131,363.7148,1858.2992,135.6183,30613.9941,11823.2998
2019-06-17,1319.4094,772.9097,336.1279,307.705,324.7479,28.9375,417.7169,559.4536,1606.2903,396.2917,615.1096,194.9562,275.7,290.1972,1333.5916,6104.5542,123.083,567.5938,306.2202,354.7737,1853.9308,135.7771,30272.8984,11672.1504
2019-06-18,1298.7991,770.9716,340.278,308.282,325.8335,29.0475,423.4294,558.3563,1598.8242,403.8981,623.0836,195.0271,276.0,290.4952,1339.4198,5972.2437,123.141,567.0184,308.2142,350.6506,1855.2908,135.2552,30350.6465,11691.5
2019-06-19,1299.8341,765.9528,341.8488,309.367,322.0102,29.017,421.292,560.9203,1600.6798,401.6496,624.537,196.5159,274.4,297.6391,1339.2864,5958.9346,123.027,565.4028,307.1265,347.6393,1862.7498,133.4624,30361.7461,11691.4502
2019-06-20,1310.0927,766.6483,347.3807,313.244,329.0433,29.759,422.555,563.9418,1606.3306,414.6616,627.0288,196.3741,277.93,301.7228,1385.5115,6137.1094,124.493,573.9899,312.8367,361.8154,1877.6285,130.2399,30780.7422,11831.75
2019-06-21,1301.5752,766.3006,345.7614,312.646,324.5591,29.765,418.2415,561.1179,1572.1582,412.174,623.1249,194.4245,278.05,296.0494,1370.0735,5952.0713,123.68,566.3543,316.6888,354.681,1854.4664,129.7406,30627.9941,11724.0996
2019-06-24,1295.1287,758.151,343.7735,312.809,325.7863,30.007,418.8826,561.9894,1570.2002,410.8824,619.2212,195.8424,278.33,292.2341,1371.1858,5991.6289,123.406,558.7853,320.1331,355.2833,1875.609,128.8555,30601.6953,11699.6504
2019-06-25,1282.8469,776.8353,347.1188,314.663,329.0905,30.417,419.3101,564.488,1563.0809,414.9008,621.3807,197.4375,279.34,294.877,1365.8469,6049.6914,124.074,573.5914,323.1695,357.4143,1869.2615,129.491,30846.6914,11796.4502
2019-06-26,1279.8824,783.7424,351.7829,317.276,326.2111,29.8475,419.213,573.5989,1567.1301,419.6847,613.9883,196.6576,281.5,296.2084,1380.2616,6010.5503,124.653,572.8391,324.6197,370.108,1858.0519,129.8768,31161.9883,11847.5498
2019-06-27,1281.2469,795.5195,353.1646,319.619,329.1377,29.7835,412.9952,572.2974,1579.0552,421.8853,606.8034,193.8928,282.8,294.4199,1379.9949,6016.4868,124.817,563.9863,328.2452,373.2119,1856.6925,128.0386,31269.1367,11841.5498
2019-06-28,1278.1884,803.5695,356.9365,318.713,327.2495,29.9795,413.7335,567.9859,1590.8016,418.2017,608.0079,194.1409,282.46,293.5257,1382.0414,6060.9604,124.292,554.6688,327.4294,371.4977,1835.7969,127.3124,31104.8379,11788.8496
2019-07-01,1274.1415,805.4579,358.6722,320.166,328.9961,29.586,407.6906,577.7013,1584.2163,420.0195,607.4265,194.9207,283.17,294.3404,1385.1111,6036.1035,124.934,561.6403,327.7013,375.5746,1845.9766,127.9932,31371.834,11865.5996
2019-07-02,1266.5186,797.6562,359.8454,319.548,333.8106,29.628,411.9265,579.8977,1592.2251,417.8668,614.6529,194.1409,284.98,292.4128,1391.5177,6084.4731,125.303,565.9118,330.3752,366.4944,1856.321,129.0144,31282.9375,11910.2998
2019-07-03,1272.4006,801.2341,360.2624,320.071,333.433,30.1505,408.5068,578.6542,1588.2209,417.1014,607.4265,196.1614,284.64,293.1084,1404.153,6060.1719,125.483,567.7044,331.8707,366.6334,1844.4105,128.379,31381.9355,11916.75
2019-07-04,1279.6472,804.866,361.9205,321.523,342.4485,29.945,404.4458,577.2947,1596.1414,417.3406,609.503,196.8349,285.08,297.6391,1398.5024,6070.0503,126.04,568.3463,333.0037,363.2979,1848.5317,128.8329,31471.4844,11946.75
2019-07-05,1278.7059,802.1296,360.6261,321.577,344.3838,30.246,394.9832,574.6449,1594.1835,417.4841,596.3793,198.111,282.75,301.4943,1386.6237,5898.9702,124.608,559.2057,335.9494,347.6856,1782.9617,123.3863,31475.4355,11811.1504
2019-07-08,1261.3423,779.0439,330.9694,312.687,336.4539,30.2935,403.7851,560.0488,1560.5006,407.4859,596.047,196.6931,276.58,293.168,1326.1171,5600.9614,121.944,554.204,322.0364,339.8563,1793.0997,121.1396,30603.4941,11558.5996
2019-07-09,1243.2256,782.3276,349.3733,312.334,342.0237,30.022,396.6736,552.9714,1548.6646,409.9735,594.3028,193.6092,277.73,290.694,1358.3726,5514.4712,121.804,566.6199,325.8433,358.0166,1758.4401,120.5042,30568.7949,11555.9004
2019-07-10,1245.0605,765.4611,332.4966,311.242,338.4836,30.162,395.9547,555.2026,1529.3982,412.2697,595.7563,193.6447,275.53,293.2773,1334.3035,5498.1929,121.352,566.0667,321.0395,363.3905,1737.7097,121.1623,30521.7441,11498.9004
2019-07-11,1254.0013,762.6252,335.2164,313.635,340.5605,30.5875,396.6929,559.4793,1540.3438,408.1078,599.2864,195.417,278.5,295.0856,1330.4326,5594.0054,122.203,567.2618,329.1969,368.9035,1733.0526,121.5254,30716.1934,11582.9004
2019-07-12,1281.7648,752.0773,328.0721,312.672,336.1707,30.328,397.8977,556.3996,1524.5925,408.5862,603.6472,194.9916,279.04,294.9862,1305.207,5538.5864,121.971,566.7971,329.5594,377.7519,1737.2147,117.5313,30601.0938,11552.5
2019-07-15,1273.4828,746.0572,331.433,311.032,330.9785,30.515,399.2967,556.5972,1527.9294,404.0416,647.3373,192.085,278.9,299.8475,1281.8496,5638.9897,122.216,564.8495,326.3417,391.8817,1768.6195,117.9625,30445.5957,11588.3496
2019-07-16,1291.5052,757.3015,334.9881,312.397,331.1201,30.5465,396.2462,555.7721,1549.599,406.2422,651.9056,192.7939,282.57,298.5253,1300.1796,5711.6597,122.952,572.33,330.2393,401.4714,1739.951,118.0079,30570.4453,11662.5996
2019-07-17,1313.7158,748.8931,336.4062,313.079,326.872,30.4865,404.4458,557.2247,1566.8632,406.3378,659.6305,193.4675,282.45,305.1163,1295.063,5635.2798,123.271,567.3947,337.5356,398.4602,1749.2456,117.8263,30735.1426,11687.5
2019-07-18,1303.4104,736.7532,336.8289,310.01,323.3318,30.9625,395.8186,560.5833,1547.6859,400.5494,658.426,193.5383,280.51,305.842,1277.0446,5455.9458,122.557,558.5419,329.6047,394.893,1706.8622,122.1382,30430.2461,11596.9004
2019-07-19,1288.4938,725.6581,322.788,303.159,320.9246,31.1835,394.6722,552.158,1531.0001,392.5604,652.3625,190.2063,275.38,298.0183,1256.001,5350.9043,120.717,552.8541,322.671,390.3993,1715.9497,120.1411,29770.0039,11419.25
2019-07-22,1321.5269,723.8669,315.3572,298.253,323.3791,30.8645,395.9742,533.9359,1495.6705,394.6704,651.5319,187.4415,275.23,289.1507,1249.0159,5483.9102,119.895,566.7971,318.0031,398.6455,1743.1727,120.1865,29284.6094,11346.2002
2019-07-23,1345.1963,724.4143,318.3004,296.892,324.3703,30.7835,392.8652,526.0915,1506.9277,395.102,656.2249,191.8724,274.84,297.044,1254.1768,5447.9688,119.693,563.7208,310.1629,398.6455,1745.2795,120.0503,29127.7617,11331.0498
2019-07-24,1396.064,708.7916,308.2615,295.403,319.9333,30.826,396.8873,530.1357,1538.3416,391.7931,653.11,192.0142,270.85,297.6803,1250.4364,5349.8843,119.139,557.3246,307.8063,394.2907,1732.35,119.9142,28951.9141,11271.2998
2019-07-25,1407.781,719.5882,295.9206,296.084,320.0277,30.8355,393.0012,531.3328,1545.4609,392.2727,659.921,189.8873,272.57,295.2646,1236.9615,5339.4497,118.992,545.1078,309.3472,405.0387,1758.0444,119.0291,29042.7129,11252.1504
2019-07-26,1436.5795,726.2552,317.1056,299.079,316.1572,30.6845,389.1734,529.299,1540.1213,398.7466,653.6915,191.6951,275.16,300.593,1254.7627,5384.8052,119.322,537.2732,310.5255,407.633,1742.4706,119.6418,29324.959,11284.2998
2019-07-29,1424.1566,716.7025,315.9449,298.539,315.8268,30.669,394.614,521.629,1524.6818,411.7904,657.3876,189.8165,271.32,298.7341,1236.1505,5158.1221,118.36,536.0115,311.6131,399.3867,1759.7797,119.0972,29295.5605,11189.2002
2019-07-30,1419.9218,704.1148,315.6826,294.311,326.4,30.7895,397.7811,523.4769,1530.5549,407.954,658.426,190.6318,267.77,297.9785,1240.5219,5107.9429,117.249,522.7103,296.8845,380.2073,1800.3866,119.0518,28791.2656,11085.4004
2019-07-31,1431.5446,670.7798,315.8866,293.898,318.706,30.6565,402.0364,523.3373,1536.5619,407.2346,659.215,191.5533,269.12,302.124,1250.3912,5073.2075,117.577,516.2258,301.0991,395.4026,1822.3218,120.4134,28875.6641,11118.0
2019-08-01,1416.1101,666.0033,312.9774,287.763,305.7728,30.4555,396.9844,517.5488,1540.7,399.9934,638.6158,189.6746,266.59,297.4019,1224.0278,5168.6479,116.273,522.4227,287.4581,393.8738,1801.1299,122.7282,28366.9199,10980.0
2019-08-02,1454.2258,670.531,314.5121,288.329,324.3231,31.27,392.6903,515.8134,1546.173,393.8073,644.2225,187.5124,267.02,299.7481,1235.0239,5276.9351,116.337,527.3843,279.5726,389.7507,1821.9913,119.6645,28204.6211,10997.3496
2019-08-05,1435.5914,659.1873,306.9502,282.456,337.6811,31.971,392.9233,507.6371,1549.5101,386.1824,645.1364,184.1805,265.43,290.3039,1212.9866,5259.3125,115.15,509.1272,272.1404,386.5078,1857.7655,118.9156,27647.7285,10862.5996
2019-08-06,1473.6599,675.6556,317.8487,286.512,347.8295,32.171,398.0142,509.9316,1552.0907,393.4715,643.2673,183.5424,267.7,295.3143,1241.5583,5410.4507,115.871,502.4255,273.1826,387.4807,1829.9227,117.5086,28021.7734,10948.25
2019-08-07,1467.4012,656.6995,317.2221,283.381,345.6111,32.651,397.412,508.7435,1581.5914,391.6972,644.6379,179.8205,266.57,293.5249,1225.8306,5356.377,114.912,494.0094,262.7593,390.1213,1828.7244,119.1653,27701.7285,10855.5
2019-08-08,1473.7069,656.8488,323.9148,288.046,351.3225,32.6045,422.9048,520.1926,1604.5953,397.4518,655.145,182.7271,269.11,298.7838,1226.3713,5474.4028,116.935,513.1348,266.7927,395.1247,1865.6143,120.6177,28110.123,11032.4502
2019-08-09,1482.7417,657.5453,332.1711,290.697,350.3784,32.7255,422.147,531.5718,1638.6345,402.9666,656.0587,180.2104,272.07,304.6193,1229.9314,5657.7241,117.615,517.4764,264.0735,391.0016,1855.8237,119.5965,28431.5703,11109.6504
2019-08-13,1480.7185,646.2512,312.9531,283.103,331.9698,33.3055,416.7841,517.211,1623.8619,393.4715,635.2103,174.6099,265.88,300.5036,1183.649,5393.895,115.763,567.6389,256.8225,406.9844,1817.1578,117.3271,27728.7773,10925.8496
2019-08-14,1477.2832,659.9334,319.5679,285.096,340.9853,32.777,418.9839,519.3307,1636.5875,400.2332,643.558,176.3467,268.4,296.6066,1202.0808,5469.6479,116.714,573.6503,262.6233,386.5078,1821.2476,113.9457,28018.873,11029.4004
2019-08-16,1503.3994,672.3221,324.1576,287.89,341.3157,32.903,413.7668,518.9231,1627.3325,401.8157,643.3505,179.3597,269.53,298.0283,1203.478,5619.2256,117.014,569.086,263.6657,384.2378,1788.7789,113.106,28216.6719,11047.7998
2019-08-19,1493.047,681.6261,323.2688,288.0,340.7965,32.943,414.2729,514.0663,1620.4359,406.0837,645.9254,178.3318,269.43,297.5113,1218.755,5626.2793,117.127,575.5873,259.9948,394.7078,1787.0436,114.4223,28185.7715,11053.9004
2019-08-20,1501.235,669.0384,319.9711,285.671,338.0116,33.1855,422.0401,517.2692,1640.4587,399.8495,658.4675,174.7516,266.46,299.251,1210.0125,5822.2695,116.708,568.1732,257.1398,392.5161,1806.6656,114.9669,27982.123,11017.0
2019-08-21,1495.5881,661.4261,316.7997,283.613,335.0379,32.9495,416.6479,518.4922,1646.332,395.1979,664.0326,171.1716,264.26,299.3802,1181.3054,5857.9585,115.677,565.9467,251.4296,388.8792,1806.2111,114.5584,27718.7285,10918.7002
2019-08-22,1477.7538,657.8936,302.4868,276.84,333.0082,33.1995,420.0545,506.4374,1665.9993,382.7775,660.9178,170.179,261.1,293.9125,1166.524,5838.8203,113.868,555.1706,243.4081,386.5944,1830.8315,114.3996,27033.8848,10741.3496
2019-08-23,1487.3533,660.63,308.3392,275.913,336.4539,33.0915,423.2082,503.7819,1655.2312,379.2289,666.3169,167.3787,263.25,292.312,1159.5389,5881.8931,114.743,568.1287,245.7193,398.9509,1857.0214,114.1046,26958.3379,10829.3496
2019-08-26,1503.4935,680.3325,322.8997,285.158,340.4661,33.9605,425.4858,525.5502,1669.9595,394.8143,666.6075,171.9159,267.85,300.7819,1202.0358,5883.021,117.087,564.0988,253.9674,391.0707,1880.6501,113.0606,27951.0254,11057.8496
2019-08-27,1505.2816,679.5862,326.1537,286.847,328.8072,33.949,425.5832,526.4354,1656.4772,401.4801,651.7396,174.0427,271.38,298.5452,1223.0361,5903.8994,117.454,567.6833,258.9525,388.646,1847.7684,113.5145,28125.8242,11105.3496
2019-08-28,1508.7638,674.8596,323.1037,283.365,326.4471,34.2115,437.594,523.5353,1626.8431,396.0611,666.5659,174.3617,269.23,294.9862,1211.9501,5739.9326,116.862,562.5403,258.2274,385.2422,1850.0404,113.1287,27803.9785,11046.0996
2019-08-29,1520.1515,657.8936,320.4762,279.445,324.2759,34.2225,435.1803,518.7484,1631.1591,387.8608,670.2622,170.9943,270.63,288.4648,1209.9672,5746.3281,116.118,552.9442,248.8011,405.339,1845.248,112.9245,27304.8828,10948.2998
2019-08-30,1521.0455,660.63,323.701,280.365,327.3912,33.7995,428.4059,518.9813,1674.7201,392.8961,676.8657,174.1491,273.31,284.6076,1197.1687,5759.0703,116.614,555.9721,248.2119,420.0268,1866.853,115.4662,27427.5312,11023.25
2019-09-03,1483.9185,642.5196,316.5131,273.425,317.998,34.452,431.5205,515.0213,1639.0793,376.1118,676.3256,171.2424,268.39,281.1977,1166.6593,5689.4302,114.517,537.2031,243.2722,409.722,1860.2438,115.1258,26823.8379,10797.9004
2019-09-04,1444.7673,644.1118,315.7117,277.735,326.3528,34.5765,438.256,523.5936,1643.3066,381.243,682.1815,172.4476,267.7,283.6134,1178.9622,5483.5195,114.89,534.8652,249.3449,397.6919,1855.1211,116.2151,27123.5352,10844.6504
2019-09-05,1430.274,646.4004,319.8351,275.34,328.2408,34.514,432.9221,520.6586,1628.3118,373.0906,692.7719,173.1565,269.5,280.3726,1190.0032,5613.2075,114.979,533.7297,247.7134,402.6811,1830.2529,116.0108,26919.3867,10847.9004
2019-09-06,1442.1794,667.7944,327.635,278.479,329.7041,33.5245,428.4253,523.1626,1618.8785,375.3445,697.8385,172.9084,269.98,286.6157,1197.5292,5818.5068,115.97,544.3722,248.3026,396.433,1815.547,114.3769,27247.584,10946.2002
2019-09-09,1449.8967,668.2423,333.8856,281.014,336.5011,33.687,422.1958,524.0245,1632.1381,379.2769,688.6602,174.0427,270.96,292.5308,1223.0814,5958.2104,116.434,544.2386,251.9734,399.8835,1803.4434,116.0108,27504.3301,11003.0498
2019-09-11,1469.5189,678.3424,331.8506,283.444,335.2267,33.3315,411.8007,524.4205,1623.4615,378.4616,681.1847,172.8021,272.79,293.3061,1229.0751,6204.4194,116.784,549.6712,258.5446,393.7286,1779.6078,112.6294,27775.877,11035.7002
2019-09-12,1449.6141,659.6349,328.5432,284.053,328.0992,33.148,410.7105,528.9745,1606.6421,386.2303,678.1116,170.6753,272.55,289.7969,1227.9485,6011.3926,116.444,538.9619,260.1761,398.9509,1762.7537,110.9955,27818.1758,10982.7998
2019-09-13,1457.0492,670.9291,332.9142,286.812,323.8511,33.1235,416.0055,525.853,1606.7756,396.4927,688.8263,170.0727,273.68,295.1055,1228.8949,6066.1743,117.311,545.7527,264.3908,394.3347,1769.652,111.3586,28098.4238,11075.9004
2019-09-16,1431.7328,667.5955,332.0886,285.151,324.7479,33.25,416.5505,522.755,1616.3422,395.2939,687.4974,169.7182,274.4,293.2564,1211.0039,6030.8608,116.403,539.14,258.0461,398.0183,1776.303,112.1529,27854.6758,11003.5
2019-09-17,1440.7676,637.2955,327.1882,277.539,320.8301,33.364,411.0804,515.1146,1629.6018,384.2641,690.446,168.1586,269.98,287.9578,1184.0544,5765.3242,114.664,533.2176,248.3026,392.2831,1753.7068,110.8139,27131.4355,10817.5996
2019-09-18,1456.6254,645.2064,331.603,277.793,316.818,33.1195,412.0927,509.6171,1627.8219,383.0173,689.2832,169.6119,270.27,291.2285,1187.9302,5732.0801,114.816,536.8912,254.1487,388.6926,1766.8431,110.882,27172.334,10840.6504
2019-09-19,1462.4136,635.0566,326.5714,273.491,318.706,32.798,408.6276,512.9598,1613.1829,370.7888,681.6831,167.8041,269.03,288.8127,1172.3375,5616.1226,113.52,525.0242,248.3932,383.4237,1736.6046,109.6112,26757.3398,10704.7998
2019-09-20,1572.6193,676.999,359.6117,296.065,336.4539,32.818,408.4523,558.8725,1752.8987,400.425,668.6425,168.7612,284.08,305.9613,1272.203,6199.3892,119.547,558.5547,273.4546,385.8018,1706.4485,111.6309,28981.2148,11274.2002
2019-09-23,1696.6127,721.9266,390.8453,313.675,328.524,33.0825,402.1452,585.7307,1815.1921,428.0471,634.8781,180.6712,288.56,326.1917,1377.6566,6487.0723,123.002,551.8087,284.3764,381.8384,1665.4287,108.6353,30565.8438,11600.2002
2019-09-24,1661.9319,700.9305,384.823,308.772,329.1377,33.0865,407.7905,584.1233,1824.7144,422.868,659.5473,181.4865,288.91,321.7182,1335.1146,6591.6968,122.689,569.3977,274.2703,382.0248,1689.3054,109.2481,30182.748,11588.2002
2019-09-25,1648.6621,691.527,381.8264,301.775,322.5294,33.345,410.3017,577.5544,1825.6488,416.442,658.3845,175.496,285.38,318.4376,1306.9937,6243.1675,121.359,569.7762,254.0127,379.3204,1725.4515,108.3857,29585.707,11440.2002
2019-09-26,1666.6846,696.4527,388.6161,306.57,324.795,32.9865,406.9144,578.8588,1810.4314,433.4661,649.9952,177.5165,287.37,323.4579,1342.8207,6449.0776,122.761,577.4575,255.463,384.1697,1724.7491,107.6141,30002.25,11571.2002
2019-09-27,1671.7195,697.1492,394.1139,305.39,329.5625,33.0215,405.3182,579.6509,1789.5186,430.8286,649.7045,179.3243,288.85,326.7683,1327.3181,6370.3149,122.094,582.9124,254.8738,374.611,1698.7653,107.3872,29876.3027,11512.4004
2019-09-30,1658.4027,681.6261,393.0114,298.175,346.5079,32.9725,420.7164,571.8473,1763.7559,415.9625,669.1824,184.2159,285.54,326.9573,1328.7603,6315.8633,121.567,593.2432,245.4474,363.1871,1734.4153,108.8396,29102.8125,11474.4502
2019-10-01,1662.1201,675.8049,387.8002,293.672,331.3089,32.6405,412.5209,581.794,1771.1863,407.2346,659.132,181.4156,281.97,327.7029,1319.567,6378.1211,120.503,581.0644,231.9877,360.4826,1701.9049,105.9801,28725.166,11359.9004
2019-10-03,1645.9797,665.1078,384.6336,290.338,325.5975,33.354,419.237,570.0305,1746.0466,409.8242,652.5287,185.492,280.45,321.2509,1314.1593,6351.835,119.844,583.803,230.3562,361.9747,1702.1525,107.0468,28413.7695,11314.0
2019-10-04,1622.8752,653.1669,379.2086,283.846,320.4997,33.6405,420.1324,554.2602,1730.1615,396.9722,659.049,182.3727,276.88,310.7928,1284.2805,6253.606,118.215,582.4894,226.5494,360.0163,1717.9329,107.8864,27731.5273,11174.75
2019-10-07,1623.5812,670.133,378.9124,283.334,322.435,33.6035,418.3026,552.9558,1726.4684,399.0823,655.8095,178.5799,273.03,309.3016,1259.9,6235.0317,117.569,583.38,225.779,354.2811,1691.7842,107.5914,27767.2285,11126.4004
2019-10-09,1669.0376,682.9197,390.8599,293.513,339.286,33.7225,409.231,572.1735,1733.5431,418.8398,650.9089,175.177,276.7,320.575,1285.4973,6319.3896,119.427,589.9036,236.5196,358.058,1668.9812,107.9091,28785.5156,11313.2998
2019-10-10,1673.8842,669.6354,383.5749,286.363,356.1371,33.828,414.0587,559.3151,1752.0089,406.3714,650.4105,172.4122,275.04,315.0973,1284.4607,6212.085,118.539,606.8247,230.3562,360.9488,1656.0513,108.5673,28013.123,11234.5498
2019-10-11,1684.8483,669.3867,385.9352,286.909,361.4708,33.6615,420.2882,558.4998,1783.9565,411.0231,676.7825,172.9439,276.09,315.6839,1286.8043,6299.9692,119.736,602.3051,230.7188,360.2494,1641.5104,108.6807,28042.1738,11305.0498
2019-10-14,1692.8004,680.1335,377.2028,287.285,371.5248,33.7465,423.1303,561.1087,1792.4998,411.3108,652.944,173.0502,278.05,315.2365,1283.4243,6414.8921,119.893,604.7095,231.5345,368.0364,1669.7251,110.4962,28181.6211,11341.1504
2019-10-15,1696.9418,686.6511,376.8288,292.005,362.1789,33.925,422.2349,569.7975,1837.1285,414.1881,638.1591,175.5315,279.45,321.2211,1290.9053,6569.7368,120.873,607.4481,234.2537,370.0414,1683.1919,110.587,28554.7676,11428.2998
2019-10-16,1661.7437,689.9847,390.1314,291.918,363.6893,33.7345,428.62,568.8889,1843.0021,417.497,640.7754,172.7312,282.05,319.2229,1283.6498,6559.6279,120.947,611.0995,232.0784,372.7458,1690.7102,112.9698,28538.4688,11464.0
2019-10-17,1705.6003,706.8015,398.9124,296.426,364.2557,33.7875,425.5637,568.3765,1872.2358,422.5803,639.1559,174.2909,285.71,319.0241,1283.7848,6699.6606,122.48,621.8534,240.5983,374.4244,1715.6727,112.4933,28989.1113,11586.3496
2019-10-18,1709.7878,706.0551,401.9089,297.204,362.0373,33.763,426.5176,572.5694,1874.9054,419.8948,637.7852,174.7516,289.16,321.1516,1304.9205,6867.4365,123.455,630.6925,244.4051,374.5643,1737.9747,112.9698,29119.9121,11661.8496
2019-10-22,1675.3899,709.2394,391.8556,300.069,353.1633,33.665,414.4286,577.3681,1893.1483,432.6988,534.5402,176.4531,290.8,323.8555,1300.1887,6824.1279,122.963,629.7128,245.1755,378.1081,1732.9481,115.0804,29410.8086,11588.3496
2019-10-23,1663.3438,711.329,392.2635,300.061,340.1828,33.793,426.3813,578.4395,1908.2661,436.4873,547.1982,177.9773,292.04,320.8334,1290.4996,6997.1709,122.995,620.0276,249.6621,377.8749,1748.7452,115.4435,29459.2578,11604.0996
2019-10-24,1685.0835,704.2142,391.0785,297.56,351.5113,33.7015,435.6864,575.8772,1908.3555,436.1516,534.372,176.5594,290.48,320.744,1290.9053,6951.2295,122.67,639.6428,237.9245,378.5744,1758.7981,113.2876,29107.6113,11582.5996
2019-10-25,1690.5421,705.1098,387.2999,300.661,354.1545,34.2815,441.5265,572.5694,1918.8665,449.9147,536.1384,175.6024,289.56,315.8528,1284.3706,7026.2305,122.536,637.3051,255.191,389.3454,1795.0802,114.8307,29395.6074,11583.9004
2019-10-27,1687.0599,706.6024,386.4889,301.735,352.2193,34.134,440.1442,576.6226,1914.0804,450.3463,545.7264,177.5165,291.2,316.7277,1292.843,6980.1016,123.387,638.6633,255.4176,389.5786,1787.2665,115.1258,,
2019-10-29,1707.4353,734.8128,393.128,304.448,339.758,33.7105,443.7456,578.8588,1932.3737,457.8752,547.2403,179.5369,293.9,313.2582,1316.9081,7261.4839,124.678,653.2689,254.3753,393.4954,1854.1295,115.8293,29872.7031,11786.8496
2019-10-30,1717.2412,743.7187,387.7613,305.487,347.3575,33.66,446.4709,581.5842,1940.6034,451.8808,555.6089,183.8969,295.97,313.9243,1328.7603,7106.9214,125.287,658.6346,262.7593,400.6761,1903.0839,115.625,29987.1523,11844.0996
2019-10-31,1706.2096,732.7231,391.2144,306.852,353.3049,34.0655,453.4912,573.1984,1945.9261,444.1121,576.6356,182.6562,296.7,313.0494,1327.679,7109.2246,125.498,652.0666,283.1528,404.1732,1917.3177,117.6902,30065.9004,11877.4502
2019-11-01,1665.4305,744.6143,395.3232,309.145,352.1721,34.18,449.2985,577.7175,1949.5043,443.3448,578.57,185.2439,297.75,314.1231,1306.3627,7164.9468,126.141,648.7492,284.1951,408.0433,1859.24,117.3725,30330.1992,11890.5996
2019-11-04,1683.8636,738.9424,399.5146,310.136,356.8451,34.187,450.8196,576.2267,1930.5399,451.2574,596.3167,184.8539,297.04,312.3635,1308.8864,6981.8887,126.344,649.0831,284.8749,408.4164,1853.3693,116.4647,30332.7461,11941.2998
2019-11-05,1691.3595,734.4148,410.6657,308.595,362.462,34.0915,451.9117,577.4612,1943.063,449.1953,585.4668,186.3781,293.84,308.9536,1297.71,6948.9731,126.059,644.4744,289.3162,400.9092,1860.0428,117.3271,30219.498,11917.2002
2019-11-06,1694.8954,743.5694,406.8142,312.009,350.6617,33.862,447.875,585.451,1949.5933,461.0403,599.0921,185.2793,296.64,312.3635,1309.6526,6875.7588,126.475,638.9527,287.8206,399.0442,1848.7651,116.5782,30609.2441,11966.0498
2019-11-07,1722.5684,731.1311,410.4762,312.867,350.9448,33.787,447.9141,588.7356,1912.7388,458.9781,605.6524,188.4695,296.59,314.9383,1293.4288,6853.188,126.979,649.5062,288.3645,410.8877,1846.1042,117.849,30632.7949,12012.0498
2019-11-08,1692.3022,721.9266,404.0266,314.119,348.4903,33.5045,448.5575,584.9619,1866.3569,469.4324,595.6017,184.6767,294.34,318.1691,1282.5681,6771.7451,126.062,643.6729,286.4158,393.6353,1799.3043,116.3739,30749.043,11908.1504
2019-11-11,1672.5964,730.0862,404.959,316.496,350.7088,33.553,446.9389,589.2247,1861.8396,476.4818,592.4477,183.9323,295.62,321.4796,1277.16,6712.2617,126.491,635.791,288.4551,393.0291,1774.8066,116.3966,31115.1895,11913.4502
2019-11-13,1669.2963,707.697,402.5792,311.502,347.9711,33.8255,444.0724,585.8704,1870.4722,465.8837,581.4717,179.9623,294.21,319.2726,1255.5287,6728.5322,125.697,655.6068,278.0771,384.2164,1840.402,114.8761,30541.1953,11840.4502
2019-11-14,1670.6163,712.374,408.9901,313.28,342.2125,33.8415,447.6605,593.4875,1850.8369,478.2561,593.2046,179.9978,292.77,317.6423,1244.217,6815.5698,125.546,651.3542,277.352,382.5378,1855.7772,114.7173,30749.5918,11872.0996
2019-11-15,1660.1034,713.369,406.7609,317.151,371.0528,33.5385,445.5154,595.3511,1840.6838,479.407,592.0272,177.6937,292.64,322.6427,1241.6936,6721.5718,126.044,654.9611,291.7635,387.0607,1836.8962,114.6265,31008.0391,11895.4502
2019-11-18,1639.6432,719.3892,403.5846,315.704,386.2989,33.43,445.0474,587.9669,1839.3423,477.9684,593.1205,177.7646,292.41,323.5275,1229.8413,6675.7261,125.73,649.7733,294.6638,395.92,1818.438,113.2195,30991.7402,11884.5
2019-11-19,1623.0016,744.1167,401.7244,318.61,414.7616,33.7085,442.5318,592.5558,1822.838,473.3168,599.5547,176.7366,291.5,322.8515,1230.9678,6625.8818,126.396,672.283,299.4676,397.179,1781.4377,113.6507,31235.8867,11940.0996
2019-11-20,1625.0289,745.0621,401.9964,314.504,412.8263,33.853,441.8103,593.2313,1812.7744,474.7554,599.6809,177.7292,293.26,318.0101,1244.5328,6726.7915,126.833,689.1597,298.0174,419.6538,1781.2264,112.9698,31353.4844,11999.0996
2019-11-21,1622.059,733.7681,400.549,319.248,402.4419,33.703,443.2924,597.8901,1832.5884,477.8725,599.8911,174.1845,291.38,317.175,1255.2583,6601.0542,126.604,684.6844,300.3287,416.996,1789.2937,112.3571,31349.584,11968.4004
2019-11-22,1586.6072,728.4941,396.144,316.88,397.1081,33.707,434.7705,589.2247,1814.4294,476.4818,583.0277,175.5669,290.7,311.9758,1242.5947,6639.9888,126.442,688.6475,298.4706,421.6122,1750.0972,110.3374,31111.2383,11914.4004
2019-11-25,1612.96,751.0326,402.3023,321.421,426.1372,33.3885,438.6707,592.1831,1844.8883,477.4409,587.1489,175.6378,295.41,318.8452,1244.5776,6805.1782,127.737,695.3492,304.634,428.0003,1758.3755,110.292,31555.5332,12073.75
2019-11-26,1612.583,748.5449,398.0916,323.127,408.1534,33.3215,432.1575,594.0234,1841.2655,489.8133,580.8409,176.6303,293.81,318.9943,1228.4894,6700.6938,127.51,694.7704,304.0902,420.3532,1728.9354,107.8183,31717.9805,12037.7002
2019-11-27,1617.3444,749.1917,400.0342,324.499,409.0974,33.287,440.0358,595.584,1872.4847,484.826,585.1725,175.0707,294.63,321.6784,1203.7034,6860.0063,127.902,699.0451,311.3865,427.8137,1735.3981,108.9531,31875.5781,12100.7002
2019-11-28,1616.6372,746.903,398.451,327.826,412.2127,33.3365,441.7518,589.481,1867.0284,497.9178,590.3029,174.8935,297.6,321.1018,1216.682,6828.8306,128.406,703.6985,316.5982,426.5081,1754.8699,108.8396,32122.5762,12151.1504
2019-11-29,1608.6703,735.4099,395.7458,325.607,417.6881,33.4135,439.8018,593.9767,1820.6464,491.6356,585.6771,174.6808,295.75,321.1416,1199.2417,6814.3481,127.513,690.7182,309.8457,419.5139,1734.5109,107.8864,31945.7285,12056.0498
2019-12-02,1638.936,740.634,383.7254,324.935,432.9342,33.4085,438.8851,589.6906,1827.7131,490.0052,582.6072,173.6528,296.69,324.6807,1201.7653,6714.1895,127.634,706.4594,306.8094,410.3282,1707.3097,108.2949,31871.0781,12048.2002
2019-12-03,1637.2386,729.7877,385.095,322.166,433.4062,33.4845,438.5927,584.8688,1814.5188,488.5186,587.3592,173.0148,294.61,327.4146,1183.6038,6713.6724,126.96,703.0751,304.77,404.3598,1732.6104,107.4779,31612.9824,11994.2002
2019-12-04,1622.0118,736.2059,387.6496,325.977,435.5775,33.7565,438.9632,583.1216,1832.0068,507.6046,596.1905,172.3767,294.89,328.3092,1158.2769,6654.707,127.469,691.4083,309.8457,413.7787,1755.8409,109.9289,31978.9297,12043.2002
2019-12-05,1617.8159,725.6581,387.6496,323.553,422.3138,33.6655,437.5201,580.3032,1822.5697,506.5016,601.2368,175.0707,292.84,327.9215,1173.6895,6595.2227,127.204,690.5846,304.7247,407.2507,1791.9972,110.6097,31712.5801,12018.4004
2019-12-06,1618.5699,714.0655,383.8419,319.844,419.9538,33.622,437.0522,580.5127,1812.3722,503.3366,601.4472,172.5185,289.9,332.8921,1163.4146,6476.5859,126.227,692.3881,290.0413,399.697,1793.9397,109.3842,31341.1855,11921.5
2019-12-09,1627.7162,728.3945,383.1814,319.848,420.8978,33.2355,430.6168,579.0685,1796.3599,504.9671,603.2553,171.1716,288.2,329.8999,1150.0752,6578.2012,126.326,700.2697,287.0503,398.2048,1740.5929,109.1119,31316.2871,11937.5
2019-12-10,1615.2703,712.1749,387.261,317.736,421.9834,33.2065,424.6886,582.1201,1811.7458,507.0771,600.9844,167.0243,285.74,330.5261,1152.7789,6548.9531,125.795,695.5273,284.0592,398.8109,1700.3826,108.0907,31159.9883,11856.7998
2019-12-11,1638.8888,713.0207,392.1129,318.73,417.9713,33.272,424.1815,581.7706,1798.417,511.7288,606.4514,168.4422,287.07,335.3278,1139.5295,6576.7437,126.22,695.7278,283.5154,400.816,1724.9231,108.9531,31256.3867,11910.1504
2019-12-12,1650.6278,718.5433,394.0896,322.448,414.1008,33.2875,418.3704,588.689,1795.6442,513.4551,590.5132,169.1156,289.0,341.1036,1153.4099,6582.9502,127.109,698.3104,291.7181,404.8726,1707.1826,108.6807,31665.082,11971.7998
2019-12-13,1644.3103,748.296,395.5273,326.406,403.858,33.2205,423.6746,588.8054,1794.6154,515.0856,598.251,171.2779,290.71,336.5605,1176.4835,6785.2881,127.906,704.8562,301.4164,409.6288,1749.7167,110.6778,32013.877,12086.7002
2019-12-16,1632.5248,743.5694,392.3704,326.039,398.2409,33.443,430.7339,585.7772,1766.4824,517.1957,600.5219,167.9459,290.34,338.7873,1174.4105,6714.8477,127.531,697.5979,300.7819,405.8052,1796.6011,110.3601,31973.8281,12053.9502
2019-12-17,1645.6777,741.9774,401.7244,327.634,415.328,33.503,435.063,592.1831,1754.4955,519.018,613.7267,170.888,290.99,340.6463,1187.8851,6766.6675,128.616,695.8613,301.7336,400.1166,1828.871,111.0863,32139.877,12165.0
2019-12-18,1676.8394,738.196,400.1314,328.695,413.7703,33.596,440.4843,602.0831,1725.155,519.2578,616.0397,173.7946,291.88,342.8433,1189.1471,6809.4575,129.254,701.7169,296.3407,410.095,1831.2367,112.6975,32243.875,12221.6504
2019-12-19,1700.0809,738.8926,397.4602,32.951,424.2963,0.3355,444.2284,600.4293,1745.3265,518.1069,614.6938,173.2275,293.48,343.8672,1182.2971,6809.4575,13.02,716.9014,297.4283,404.3598,1883.0203,113.106,32241.0742,12259.7002
2019-12-20,1696.4509,736.2059,401.7098,33.091,428.4029,0.3365,444.5404,604.1096,1738.1704,523.7655,615.2827,170.9589,293.92,336.5505,1182.1167,6829.0659,13.034,712.0701,306.2202,401.2823,1877.8251,114.2861,32384.5723,12271.7998
2019-12-23,1704.2766,739.4897,404.0799,330.71,429.3469,33.65,445.3594,606.7653,1744.7004,519.1619,619.0255,169.3638,295.35,338.9762,1181.8464,6922.5469,129.93,699.7354,301.2804,399.5104,1885.2593,115.2166,32339.0742,12262.75
2019-12-24,1700.4108,737.002,402.0887,330.37,431.5654,33.75,437.2472,600.5922,1741.1222,518.97,616.8387,169.2574,295.12,340.2983,1172.6077,6891.4175,129.45,688.6253,300.4194,400.816,1871.6586,114.4903,32280.375,12214.5498
2019-12-26,1706.2096,732.8724,406.7122,327.76,422.5027,34.0,437.2082,591.8802,1739.825,516.7162,613.0959,167.875,293.36,336.8587,1153.0494,6809.6924,128.69,674.7989,298.9691,393.6819,1860.1273,113.6053,31997.3281,12126.5498
2019-12-27,1708.7081,756.4059,413.0795,330.74,429.6301,34.15,442.7073,594.0,1744.2533,526.9306,619.8244,167.9459,296.18,335.1389,1171.3459,6907.499,129.56,686.7996,305.6763,397.2723,1857.213,112.3571,32411.9727,12245.7998
2019-12-30,1699.3265,750.3857,412.1712,330.09,434.728,34.3,444.0724,597.3311,1732.9373,521.7035,616.4181,168.8675,296.25,336.0932,1173.7797,6974.6006,130.26,687.6234,303.0931,401.1424,1844.2882,112.9925,32354.5234,12255.8496
2019-12-31,1682.9679,750.3857,411.3408,329.0,430.2909,34.45,443.1364,592.649,1720.1899,516.8601,614.9462,168.513,293.75,334.8904,1170.0841,6929.7886,129.15,674.1978,302.504,403.3805,1826.1256,111.5628,32161.2773,12168.4502
2020-01-01,1690.7466,745.0123,411.0056,328.31,427.9309,34.35,446.1395,595.6772,1732.3109,514.7979,619.7404,168.7966,293.53,332.8424,1180.6747,6876.2769,129.42,672.2162,303.1385,405.0126,1831.1096,112.4252,32102.5273,12182.5
2020-01-02,1688.342,753.2217,412.4384,331.93,429.7246,34.35,447.3875,599.4741,1733.653,518.4905,617.932,170.0372,295.77,332.3454,1212.5361,6893.3457,130.14,683.6603,307.5344,405.6187,1822.7041,112.6975,32443.4727,12282.2002
2020-01-03,1651.3347,739.2906,407.3291,326.54,429.6301,35.4,456.3578,590.9252,1724.1708,516.812,627.436,169.0802,295.0,329.4724,1203.2977,6822.2471,129.71,684.4841,302.4587,414.618,1859.0288,113.9684,32068.877,12226.6504
2020-01-06,1609.613,719.6877,388.2179,319.18,424.4851,36.15,453.9788,578.1368,1713.4363,504.1999,621.4224,166.6698,290.1,328.5677,1186.8037,6623.0132,127.37,668.6094,289.1349,410.2816,1858.8604,114.4449,31236.7871,11993.0498
2020-01-07,1625.8776,722.1754,389.2815,320.17,420.1898,35.5,455.7339,587.2913,1718.1324,501.5144,612.2129,166.8471,292.19,332.2062,1190.1833,6652.3555,127.76,678.8956,288.5911,416.2966,1863.4222,115.8293,31399.0352,12052.9502
2020-01-08,1630.0261,720.9315,393.3903,319.47,433.1703,36.1,456.904,585.754,1725.8705,504.4397,604.0543,166.0318,291.14,329.025,1164.0906,6616.2427,127.56,673.7969,289.86,410.4214,1905.1533,115.6477,31373.2852,12025.3496
2020-01-09,1671.2765,739.1912,400.6026,327.01,434.3503,35.05,452.6527,592.3229,1730.9695,523.9574,611.9184,167.1661,296.1,331.053,1186.2627,6797.4668,129.34,689.3155,299.2864,410.1884,1870.6024,115.1258,32092.0273,12215.9004
2020-01-10,1690.1338,736.4049,402.6083,327.82,431.4238,34.95,452.6917,597.5873,1747.9207,518.1548,620.8338,168.7258,296.87,334.9599,1193.8789,6893.9565,129.61,689.1597,301.1445,413.6854,1869.9261,114.2634,32097.0273,12256.7998
2020-01-13,1701.7782,733.7681,404.5171,328.65,442.6578,34.75,457.4889,599.1248,1784.4625,516.5722,650.6075,169.6119,298.42,336.2324,1202.9821,6914.8345,130.41,687.4008,299.7849,414.618,1850.3281,115.6477,32177.2773,12329.5498
2020-01-14,1715.2137,744.2163,407.2854,327.83,443.0826,34.75,463.5732,600.7553,1796.9414,515.6132,652.3738,172.4476,298.79,333.3892,1195.2307,6946.9033,131.01,681.033,297.2923,415.9236,1864.3092,116.737,32071.2773,12362.2998
2020-01-15,1736.9939,742.6241,408.6696,324.8,441.6666,35.05,464.7042,598.3094,1808.436,513.6949,645.561,171.845,299.87,333.1506,1192.9775,7037.3281,131.01,678.5616,293.8934,418.7679,1881.2043,112.6748,31824.5312,12343.2998
2020-01-16,1730.2997,733.6685,409.9323,325.16,447.378,35.0,462.7541,599.8934,1833.1254,515.1815,645.0985,170.6753,300.83,338.3101,1189.1019,7018.2368,130.91,684.8181,293.0323,418.7679,1891.2571,113.6734,31853.5293,12355.5
2020-01-17,1725.4911,736.2557,411.0493,322.91,472.0645,34.95,467.0832,595.4676,1843.0095,510.2902,645.8134,170.1082,301.41,337.6241,1175.4921,7072.313,131.19,704.0103,288.2285,423.9436,1874.6154,113.9684,31590.2832,12352.3496
2020-01-20,1743.1229,723.6182,403.3612,318.0,480.2304,35.23,459.634,584.6358,1845.2906,512.9756,646.3182,171.4906,299.07,321.6784,1180.3591,7005.9648,129.78,682.3467,284.603,419.1409,1833.4329,112.5614,31080.2891,12224.5498
2020-01-21,1707.2937,714.0655,402.0012,316.42,483.1097,35.13,455.5779,579.7208,1838.6265,509.331,641.3137,169.0448,297.71,323.11,1173.8245,6867.7651,129.27,683.0369,284.3311,417.2291,1834.0248,112.1529,30947.1914,12169.8496
2020-01-22,1677.5936,709.0901,402.3509,313.85,485.7058,35.29,460.7261,578.0901,1835.3165,501.4664,647.79,168.7612,297.41,315.2365,1166.4789,6710.6636,128.53,682.792,286.5518,416.2033,1864.3092,111.5855,30701.0918,12106.9004
2020-01-23,1674.6234,719.4388,400.7579,317.09,494.3437,35.21,467.2004,579.9537,1839.9684,506.1181,659.691,168.6548,300.51,319.2826,1200.8188,6721.4785,129.31,679.8975,292.9417,419.5139,1855.0374,112.8791,31003.6895,12180.3496
2020-01-24,1684.7122,733.7681,407.4311,319.57,494.9101,35.4,475.6138,579.814,1854.9965,512.0165,658.3452,168.8321,303.96,326.659,1225.0643,6703.9395,130.11,677.5375,293.7121,417.6022,1848.6456,112.8335,31241.3867,12248.25
2020-01-27,1686.1737,736.6039,404.5024,315.52,485.6114,35.85,472.9919,565.2084,1843.9493,515.2775,654.4343,166.3154,301.27,321.7679,1215.5103,6723.0762,128.73,670.8581,286.5971,418.1617,1836.6647,111.8082,30837.041,12119.0
2020-01-28,1677.4523,733.5192,409.2281,314.13,463.757,35.72,470.7222,569.8673,1843.2783,506.5976,654.3502,163.586,300.54,323.2989,1213.7531,6580.3638,128.1,655.3618,285.6,422.3582,1848.9414,111.2157,30761.043,12055.7998
2020-01-29,1694.2821,731.6285,429.2378,315.53,462.8129,35.61,476.5139,575.7607,1855.4438,505.063,664.1907,167.7687,302.17,326.1619,1230.9227,6592.8252,128.76,658.9686,286.8237,419.7471,1824.261,112.4462,30876.6406,12129.5
2020-01-30,1701.8723,727.3,423.9245,312.71,462.3881,35.93,475.7312,571.1951,1841.0419,510.434,656.621,165.9254,296.87,323.7362,1234.9786,6602.3711,127.74,642.8936,281.612,412.2865,1810.0792,109.6891,30647.0449,12035.7998
2020-01-31,1693.0566,725.7079,424.0799,316.9,468.666,35.87,462.8566,571.3115,1819.7074,504.152,652.626,166.7053,294.63,336.3616,1234.1675,6501.7905,127.17,628.5996,288.6364,405.0126,1760.2942,107.9119,30833.2422,11962.0996
2020-02-03,1760.943,705.4581,423.4437,306.93,481.5048,35.91,453.23,555.7045,1949.1465,494.465,645.4349,147.1742,286.7,333.2798,1159.6742,6593.7661,124.42,616.9552,270.1916,389.3921,1780.1488,108.1853,30022.9004,11707.9004
2020-02-04,1783.2419,711.4783,438.9755,312.9,489.8595,35.58,459.0216,572.9421,1928.2594,509.0912,662.6347,152.8811,291.87,337.664,1164.2706,6770.8521,126.75,635.1677,277.5786,396.9459,1784.594,109.4841,30686.3418,11979.6504
2020-02-05,1766.459,720.4838,439.8449,316.81,503.5008,35.31,466.1436,579.8605,1932.463,517.0518,659.8592,153.4482,296.68,335.964,1180.7648,6621.6025,127.91,645.0087,281.8839,397.5054,1817.4452,110.3955,31001.5898,12089.1504
2020-02-06,1750.7128,733.3202,453.2641,319.83,516.1981,35.58,469.3526,577.601,1928.9744,519.4495,648.7571,151.3924,299.18,332.8325,1187.5697,6603.4521,128.94,649.1499,291.8088,401.6087,1802.0353,111.0335,31303.6875,12137.9502
2020-02-07,1752.5039,744.4651,452.0935,318.34,509.2595,35.7,475.6138,578.7192,1932.1504,514.5101,653.7615,151.286,300.77,328.6671,1170.8053,6556.5713,128.19,638.3961,290.5398,401.7486,1808.978,111.1702,31201.5859,12098.3496
2020-02-10,1762.6873,737.4498,458.6453,317.68,508.5514,35.95,473.4223,577.8339,1931.5687,512.1125,650.3131,149.2656,300.46,331.898,1158.4572,6482.417,127.91,639.2645,288.6817,391.9566,1830.4839,109.7803,31057.7891,12031.5
2020-02-11,1770.7958,746.2562,461.3262,319.47,504.3976,35.82,477.9227,577.9737,1925.6202,517.6752,650.6075,150.7189,300.23,333.5184,1159.8993,6614.8784,128.3,646.9012,293.984,390.3246,1823.2448,109.9398,31300.2363,12107.9004
2020-02-12,1785.5044,751.53,463.2058,321.07,509.401,35.76,480.6227,581.8871,2021.9617,526.8346,656.9154,151.0379,300.1,340.9644,1169.2731,6623.8589,129.19,654.7161,290.2226,386.641,1837.9352,111.398,31492.5352,12201.2002
2020-02-13,1766.9774,744.1167,465.7944,318.22,509.7314,35.95,479.3315,578.3464,2042.5803,518.8741,666.3354,150.2226,299.65,335.9739,1164.7216,6587.8877,129.3,656.4304,296.7938,390.6977,1855.8843,111.079,31229.8867,12174.6504
2020-02-14,1769.806,732.8724,464.4734,314.75,533.3795,35.85,486.5317,568.0737,2017.2207,523.4777,661.4573,147.2451,296.57,334.2143,1167.3353,6502.0718,128.38,662.4197,289.4975,390.3246,1849.3229,110.6917,30834.4434,12113.4502
2020-02-17,1773.9072,734.7631,463.9779,313.06,533.2379,35.93,480.114,567.0487,2015.0292,519.4495,663.9805,145.1892,293.4,336.2324,1153.8606,6495.4419,127.84,658.2562,284.7843,383.6086,1865.4519,111.1018,30680.3418,12045.7998
2020-02-18,1757.1715,730.0365,462.1664,312.28,517.5669,36.14,475.105,565.2319,1998.7485,519.066,670.8772,144.5157,292.05,336.2125,1159.4036,6377.2744,127.34,653.4247,287.8206,383.8435,1876.0353,111.2157,30562.1445,11992.5
2020-02-19,1777.2075,737.4,473.8275,314.01,512.9884,36.71,474.0876,571.7308,2050.408,522.5187,673.2322,146.5362,297.98,338.2207,1154.9423,6354.2334,128.59,669.6335,290.3586,379.0531,1859.6094,112.8335,30837.8398,12125.9004
2020-02-20,1736.9939,740.634,474.0605,315.12,515.0654,36.82,475.8876,567.0255,2011.1377,524.6288,670.3306,147.0679,298.52,335.2084,1154.2211,6355.1743,128.36,661.6849,296.9751,380.3681,1826.1237,111.9677,30942.4902,12080.8496
2020-02-24,1715.0254,721.8768,466.6297,309.67,500.2439,38.58,465.7916,563.6943,1981.5286,508.1801,669.3633,143.9131,292.68,333.6775,1135.3835,6085.0771,125.73,643.4279,292.7151,373.6991,1791.0287,111.2841,30454.7461,11829.4004
2020-02-25,1721.7668,725.1606,468.7667,310.54,505.2945,37.44,455.852,559.1986,1998.0325,509.2351,671.5081,143.0624,290.57,333.1904,1119.4756,6032.5527,125.34,630.7148,296.2047,365.2924,1825.573,111.2385,30432.3457,11797.9004
2020-02-26,1722.2855,725.8074,467.2174,309.92,505.9553,37.52,456.752,558.7095,2000.3586,502.2816,658.3452,140.7938,286.48,331.3413,1091.6249,5863.5542,124.04,619.8496,297.4736,351.9544,1798.0135,109.3245,30306.498,11678.5
2020-02-27,1738.4557,732.2256,462.3413,307.42,501.8959,37.38,448.4951,558.8026,2017.1312,494.2731,654.2241,140.0495,285.69,334.5722,1090.9041,5915.2319,123.64,617.2892,291.8088,364.9167,1782.689,105.5422,30186.6484,11633.2998
2020-02-28,1695.2251,693.8655,433.7885,296.72,494.2021,37.37,418.2067,548.6464,1945.3892,476.9134,615.4088,140.0495,276.71,322.1656,1070.3539,5908.9312,119.29,591.6402,274.6328,350.2636,1693.491,100.9167,29146.8125,11201.75
2020-03-02,1684.7122,680.83,423.5797,294.45,489.3403,37.03,430.2203,549.5547,1931.7031,485.4015,623.2728,138.4544,275.84,317.9206,1046.334,5910.8584,118.39,586.074,260.4933,347.07,1694.4647,100.6205,28868.0645,11132.75
2020-03-03,1704.4972,683.7655,433.6417,298.27,491.6532,37.12,442.2339,550.5798,1938.1433,493.6977,628.2772,137.4264,280.47,323.3486,1064.7208,6005.75,120.4,597.9634,262.714,369.6602,1724.0137,101.9421,29176.7109,11303.2998
2020-03-04,1749.3687,678.8399,417.3147,292.7,487.8299,38.1,440.7078,535.229,1946.3735,487.5594,638.1598,132.9247,278.07,319.7001,1060.5298,6004.1514,119.52,596.5607,258.59,380.8378,1763.8076,104.289,28653.3652,11251.0
2020-03-05,1774.4551,674.561,421.6277,294.59,497.4118,38.04,451.117,536.3937,1984.0776,483.8669,634.6693,133.3146,280.38,328.3291,1065.7572,5986.8477,119.75,583.8476,261.4904,380.3212,1799.2415,104.6763,28815.0156,11269.0
2020-03-06,1777.2949,654.4108,411.4197,284.77,490.0956,39.05,443.134,528.7299,1958.0468,466.4592,621.5065,128.8483,274.28,324.293,1044.5314,6062.0835,117.18,565.9689,245.1755,376.564,1791.9602,101.8737,27801.127,10989.4502
2020-03-09,1767.5447,620.4788,392.0406,271.61,468.4771,38.46,422.981,515.8716,1897.7551,439.0289,592.4897,125.6227,269.12,313.7751,993.2017,5831.8145,111.62,496.1245,229.7218,369.4723,1669.9529,97.704,26462.293,10451.4502
2020-03-11,1782.4069,616.2994,392.4155,270.62,466.1643,38.18,420.1242,518.8998,1927.7223,446.6057,576.9721,124.5238,260.76,315.992,1006.7212,5780.2773,111.31,513.6691,222.1535,362.5215,1654.1621,97.1116,26487.4922,10458.4004
2020-03-12,1745.0139,540.5742,363.5683,244.89,438.9289,37.96,386.1183,475.8057,1839.1187,408.2417,530.8817,110.4516,239.43,291.2881,916.2294,5307.0913,102.99,473.3478,192.6962,333.2623,1498.5001,90.7316,23970.8711,9590.1504
2020-03-13,1701.7993,565.9984,384.8119,257.76,464.3234,36.62,385.766,498.401,1818.7678,428.9104,540.2595,115.0242,240.19,292.2823,947.6852,5490.9023,106.36,492.1837,219.3438,360.8777,1529.3613,89.9569,25166.1562,9955.2002
2020-03-16,1593.5969,506.0949,357.5224,239.97,438.7873,35.67,352.7383,465.6494,1737.0969,386.4221,490.4683,104.3902,231.71,275.1137,873.1017,5153.8921,102.37,452.2853,202.4398,346.1777,1436.3113,81.9137,23100.8828,9197.4004
2020-03-17,1639.2253,485.9446,335.3832,226.35,429.2526,34.83,352.6993,454.2819,1792.6921,352.2302,466.7502,105.7372,232.72,262.9854,862.331,5270.2256,99.2,448.8566,195.0075,347.6806,1403.7986,78.8832,22154.8926,8967.0498
2020-03-18,1531.875,471.118,298.0465,210.12,401.7339,35.44,339.8639,408.5323,1720.906,340.5291,449.3821,106.836,222.29,233.0126,815.2825,5033.8906,96.08,431.2675,195.0528,340.7297,1400.7507,77.4477,20579.9609,8468.7998
2020-03-19,1515.7817,426.1407,267.3544,203.57,419.8593,35.21,323.5849,417.221,1644.4232,324.7039,458.8441,114.7406,211.15,240.7468,759.8969,4532.5371,89.47,408.6465,184.5841,338.5224,1395.5907,73.9843,20083.2656,8263.4502
2020-03-20,1649.97,426.0412,287.3907,204.25,436.7576,36.11,348.199,411.3043,1835.3165,331.5616,492.1925,124.4175,220.87,250.9863,779.3652,4776.7251,92.97,453.2873,190.2036,343.078,1532.988,81.663,20317.3633,8745.4502
2020-03-23,1418.5132,307.1298,220.6275,174.78,384.5525,35.02,326.4807,359.4515,1672.5116,272.3849,442.7798,109.3882,200.42,218.3592,652.5956,3969.021,83.52,393.6624,164.5985,304.8017,1424.0339,77.5389,16917.4531,7610.25
2020-03-24,1443.5048,301.6568,240.8828,174.05,381.4372,36.39,345.9685,357.6579,1813.9821,284.3737,496.0614,106.1271,199.05,229.2249,646.9748,4219.2749,85.0,420.0906,166.0486,314.8053,1452.5625,80.3643,17107.1016,7801.0498
2020-03-25,1508.1613,325.1904,251.7285,186.86,405.0852,36.99,358.1386,399.1447,1867.9226,303.9394,509.8549,104.4611,205.31,256.5136,699.846,4707.8374,89.46,481.9197,172.1214,326.5464,1492.7748,79.5896,18480.8359,8317.8496
2020-03-26,1530.6917,339.7185,271.9886,197.89,444.3571,36.72,350.3905,419.8066,1963.4142,316.7434,540.8062,110.8769,213.28,272.9763,765.8779,4587.5068,92.68,474.7727,174.7046,317.764,1527.4445,83.2124,19613.6719,8641.4502
2020-03-27,1518.5745,357.9781,247.5129,201.2,423.8243,38.17,337.0464,421.3673,1914.7964,325.9508,548.9645,115.6976,214.2,278.1756,765.0095,4369.417,91.26,474.5056,177.605,317.717,1556.0579,83.6226,19968.7676,8660.25
2020-03-30,1509.8651,366.3367,218.286,191.62,406.9261,39.74,327.9285,387.4511,1953.9768,300.5825,527.0968,112.8619,211.68,257.2195,729.9144,4070.6833,89.17,458.8535,169.4022,312.504,1516.8258,83.9188,18782.1816,8281.0996
2020-03-31,1577.5985,377.1333,215.7255,194.57,416.2249,38.21,341.5466,401.544,2056.0876,310.5092,539.5446,121.7236,217.88,257.6867,738.9167,4032.9243,91.94,495.9465,178.4207,330.9142,1557.4222,89.6379,19143.7773,8597.75
2020-04-01,1517.675,356.8835,216.0712,187.02,397.7689,38.24,323.6631,386.5193,1949.7723,298.4246,506.9951,117.9662,218.67,234.9412,707.7058,3993.4734,89.35,481.1182,169.085,322.6953,1457.3385,86.3568,18208.1387,8253.7998
2020-04-03,1439.7657,323.847,214.9175,174.83,400.2234,38.79,317.5976,379.1584,1926.9172,274.9265,492.613,126.1189,214.73,226.8291,707.98,3772.6089,86.59,479.7823,159.0695,353.1285,1410.8145,82.0276,17249.0996,8083.7998
2020-04-07,1537.176,386.9348,219.3813,192.12,443.885,39.67,353.0906,417.4772,2187.0481,312.7632,537.4418,128.7065,227.61,238.2019,732.6563,4282.4727,92.41,537.0694,168.9491,392.0154,1514.0116,87.4505,19062.2793,8792.2002
2020-04-08,1523.1182,389.4224,227.1261,191.28,435.8135,39.79,362.4432,414.1228,2201.3157,305.9055,531.2179,126.6507,233.25,236.1341,737.6371,4418.3208,92.82,530.8575,165.8674,410.1908,1454.5237,87.9062,18946.2285,8748.75
2020-04-09,1563.2565,418.0806,248.4427,198.58,461.3496,40.79,367.0999,430.9645,2122.0596,328.6842,535.129,131.3296,239.03,253.0839,742.8466,5009.4395,96.23,543.2367,170.1727,426.8633,1506.293,89.6379,19913.3672,9111.9004
2020-04-13,1591.1829,416.8865,222.6866,196.44,483.5345,42.49,358.6473,417.1278,2098.981,317.127,536.0963,128.742,236.77,248.7098,790.9653,4968.5298,95.62,529.5217,166.3206,434.2838,1500.4083,86.2201,19487.7734,8993.8496
2020-04-15,1626.5405,415.2446,212.4786,191.35,481.9296,42.67,374.6916,402.1963,2225.1997,313.962,537.4839,134.2362,243.76,233.3705,804.4003,4790.9258,95.2,512.0216,165.2782,421.932,1479.854,85.0125,19056.8301,8925.2998
2020-04-16,1650.1119,420.4688,216.1344,195.48,472.4421,43.26,359.8214,409.86,2179.176,328.0128,524.6996,132.1094,242.79,224.8409,833.1892,4825.2524,95.68,520.126,170.8524,435.5518,1463.5645,85.6049,19399.7754,8992.7998
2020-04-17,1662.5605,476.4417,224.7165,210.32,474.3301,42.47,356.2995,424.0927,2133.4648,360.1907,528.821,133.35,247.12,235.8558,852.6104,5177.168,98.21,545.0402,175.1578,429.3524,1540.4506,85.2176,20681.209,9266.75
2020-04-20,1638.1368,453.7042,224.7263,206.9,462.8601,41.55,367.8435,440.1889,2090.1248,346.5235,549.4692,128.104,243.94,234.1657,836.7991,5013.8599,97.99,553.8569,174.478,444.6629,1551.0684,82.5289,20522.4121,9261.8496
2020-04-21,1633.9241,418.5781,204.4272,198.23,472.4893,42.05,356.6516,429.3806,2072.9944,318.2779,532.5637,127.3241,241.05,224.7017,795.4436,4703.2764,95.6,550.9849,167.4535,444.4282,1481.9868,81.139,19409.123,8981.4502
2020-04-22,1716.2831,429.0264,209.149,199.18,473.3389,42.61,361.8954,432.6183,2134.4939,322.2103,539.839,129.2028,242.84,229.0758,779.2213,4872.3223,97.38,607.2032,171.0337,445.5553,1509.1501,81.3668,19701.6211,9187.2998
2020-04-23,1724.4718,427.9318,211.5051,203.53,468.2411,42.61,373.8698,444.8944,2073.0837,338.515,571.3369,127.9976,244.37,248.4612,768.2541,4849.2803,98.62,610.4539,169.221,448.4671,1601.8998,82.4377,20267.7129,9313.9004
2020-04-24,1730.0569,401.9604,192.4035,196.9,466.5891,42.69,366.3565,437.0209,2042.312,321.1552,553.4222,127.6432,241.04,246.4531,777.9418,4745.1729,97.1,630.9821,162.9216,456.0754,1550.9835,81.0022,19586.4219,9154.4004
2020-04-27,1752.5872,425.1954,199.0043,201.6,466.4003,42.56,378.0961,433.1308,2075.7229,333.6715,558.9733,127.5014,243.57,259.1878,781.6432,4755.2363,98.43,636.6594,163.964,460.1613,1566.3774,82.9618,20080.916,9282.2998
2020-04-28,1727.0748,453.2067,216.923,207.1,458.4704,42.68,368.7044,433.9228,2048.4399,345.1328,555.6931,127.2178,243.62,263.7707,783.3797,4751.8042,99.35,635.947,167.0457,445.1796,1585.5244,81.8909,20670.8594,9380.9004
2020-04-29,1673.2104,436.9373,223.5774,211.86,468.2411,42.37,384.866,455.2137,1996.3782,355.2993,569.0241,129.1319,246.59,264.0093,800.0133,4766.6152,101.12,635.4127,172.3027,448.655,1625.2681,82.3238,21089.9531,9553.3496
2020-04-30,1664.8796,442.7086,225.6852,215.33,485.5169,42.57,425.407,466.721,1963.5033,364.6026,601.7836,129.061,250.47,269.8448,820.3026,5039.6748,104.18,652.8013,172.6652,436.2563,1718.0599,87.0176,21534.25,9859.9004
2020-05-04,1587.3489,400.816,202.4703,199.2,502.6984,42.73,402.4755,430.0094,1863.0024,324.2244,566.627,123.3896,240.3,254.0582,777.439,4595.312,98.8,639.0862,162.1059,437.1956,1646.4196,86.6075,19743.5215,9293.5
2020-05-05,1532.7744,387.084,194.9445,195.12,498.4974,41.54,407.2888,424.6285,1826.1925,317.3188,566.627,123.2832,239.9,246.2145,764.8726,4542.2246,97.65,650.419,154.447,428.601,1648.3809,83.9416,19271.5254,9205.5996
2020-05-06,1524.7277,386.9348,205.06,199.28,515.4427,41.36,406.2713,440.9111,1798.1935,327.4373,560.0667,116.1939,238.47,247.7256,765.2382,4554.8262,98.5,650.4636,155.0815,426.8163,1623.5197,85.2403,19694.3223,9270.9004
2020-05-07,1509.2499,395.3929,200.6107,197.25,498.4974,41.06,400.519,430.9412,1781.9579,322.9776,559.2676,114.138,238.12,238.5498,752.0317,4466.4717,97.6,671.036,154.7642,424.7499,1613.3278,83.896,19491.5742,9199.0498
2020-05-08,1494.1981,380.1682,197.0669,195.3,500.3855,41.51,405.7235,432.828,1869.0856,323.8887,567.0475,112.1884,239.91,242.0591,745.7255,4376.9878,98.12,695.4606,151.0481,440.53,1614.8206,83.8504,19352.6758,9251.5
2020-05-11,1485.8676,377.6805,196.181,191.42,506.1913,41.17,412.8847,426.6551,1832.0068,307.0565,574.3647,112.3302,242.14,236.2932,750.8892,4643.7451,98.21,702.14,149.9604,435.6927,1650.5559,84.1694,18950.2793,9239.2002
2020-05-12,1442.085,384.9446,201.5016,190.27,528.5178,41.24,412.7673,420.0162,1799.4012,308.0635,578.36,117.0092,241.66,230.0799,744.6745,4656.4414,97.96,658.7015,151.2747,435.7397,1662.6664,85.2403,18862.6309,9196.5498
2020-05-13,1479.9037,411.9608,210.3952,197.78,524.836,40.97,413.8238,432.1758,1785.2677,324.2244,583.8267,117.2573,243.56,235.9452,788.6349,4736.1924,99.69,672.677,157.8006,424.8908,1662.7944,86.448,19634.7207,9383.5498
2020-05-14,1441.1853,399.9702,205.6198,192.42,509.637,41.49,404.9799,416.3591,1794.4812,314.0099,553.5483,116.123,244.81,233.2412,796.6318,4809.5,97.42,645.4813,152.2264,428.2722,1622.4537,84.7618,19068.2793,9142.75
2020-05-15,1470.106,386.6362,203.1323,190.05,523.0895,41.8,400.1276,413.7734,1817.7838,309.5021,548.6282,116.7256,242.9,234.2751,790.0057,4796.6626,97.08,656.0225,150.8215,421.3684,1614.3943,83.7593,18833.7305,9136.8496
2020-05-18,1421.0216,357.0327,188.7379,177.63,507.9378,42.54,399.7364,389.7805,1793.7657,286.2919,558.3845,116.7965,236.16,221.4211,743.3492,4439.8101,93.93,647.639,140.7607,413.948,1659.3405,83.0301,17572.9941,8823.25
2020-05-19,1423.7198,352.7539,191.3033,175.87,565.2878,41.37,405.6061,386.9852,1767.198,288.0183,562.3375,121.0501,235.94,224.7613,727.8124,4519.1357,94.34,633.322,138.4947,414.8872,1661.9415,84.0327,17486.0469,8879.0996
2020-05-20,1420.028,360.7145,198.8826,179.04,560.8036,41.88,412.2586,399.3078,1780.8845,293.1494,563.1364,124.5948,240.47,230.6565,763.136,4600.6265,96.25,644.47,139.0385,428.0844,1666.163,84.2833,17839.9922,9066.5498
2020-05-21,1490.3169,355.4406,193.7616,178.27,561.2757,41.43,418.5981,400.4492,1763.0382,291.9506,565.3654,133.9527,242.81,228.6981,749.8839,4749.3579,96.69,647.8638,137.7243,438.1349,1698.2311,86.1745,17734.8926,9106.25
2020-05-22,1531.5912,335.2904,184.5223,173.76,560.0014,41.65,415.1153,390.8054,1778.2455,279.1466,582.3128,132.1094,240.86,230.6764,745.497,4828.5439,96.11,643.5034,136.7273,440.9058,1723.0923,86.129,17278.6992,9039.25
2020-05-26,1542.9034,339.619,178.0675,175.82,527.9514,41.2,410.1063,397.1182,1769.2109,280.7291,572.3882,135.9022,242.86,229.2846,754.4994,4933.7329,96.21,640.132,137.2258,431.278,1657.1228,86.0378,17440.1465,9029.0498
2020-05-27,1533.0583,385.0938,188.5286,187.79,531.5858,40.65,415.5458,420.9947,1787.37,305.8096,593.3309,136.2213,241.45,242.0789,777.6218,4932.0869,98.6,649.7967,143.7517,423.5288,1710.2565,91.7114,18710.334,9314.9502
2020-05-28,1555.9198,389.0244,189.6239,192.21,531.2555,41.19,424.7026,440.3753,1797.9698,313.4825,594.9709,135.1578,245.1,244.445,827.5684,5142.7012,100.37,661.7988,143.3892,431.231,1709.4036,90.8456,19169.5781,9490.0996
2020-05-29,1593.3127,383.054,190.2032,193.68,521.6735,40.99,430.6509,443.357,1840.3708,318.3739,589.0885,139.9077,251.79,243.3614,852.0162,5276.668,101.38,658.2701,146.1989,445.4613,1682.1543,96.9748,19297.0254,9580.2998
2020-06-01,1602.9213,394.9948,210.3757,200.53,527.7625,41.21,438.0859,460.1287,1886.1713,325.3753,596.3774,142.1762,254.16,248.2127,848.2692,5448.582,104.42,683.4203,154.1298,437.1486,1744.3281,98.0002,19959.668,9826.1504
2020-06-02,1618.115,408.0801,228.421,206.4,526.8657,41.18,438.4381,466.3482,1885.1425,334.1511,603.6664,139.8368,256.63,267.0017,864.0801,5351.2461,105.89,690.3204,154.311,444.3812,1745.9491,98.3648,20529.9609,9979.0996
2020-06-03,1624.9784,407.5328,234.8174,210.67,520.7767,40.88,440.4729,476.2483,1896.8608,342.2555,598.0826,139.4468,259.1,275.6803,878.566,5289.082,106.36,692.9952,158.5257,447.2461,1750.226,96.3141,20940.4551,10061.5498
2020-06-04,1546.5956,392.4077,225.1936,205.4,540.4126,40.81,453.1127,466.6744,1896.9504,333.6236,603.3682,141.8927,258.25,265.3117,850.5996,5351.3394,106.27,710.144,157.7553,464.8109,1789.0599,98.547,20390.2129,10029.0996
2020-06-05,1551.1395,403.3037,232.7194,211.96,551.6467,41.19,450.7649,481.4195,1867.4307,342.5912,599.7877,141.7863,263.53,265.9876,873.0367,5404.0044,107.66,710.9981,170.218,464.2473,1752.0221,99.6863,21034.2559,10142.1504
2020-06-08,1547.069,428.1308,244.1005,214.02,552.4019,40.65,452.5648,473.2899,1888.9889,345.0848,614.5361,140.1203,264.21,265.7789,878.6118,5393.2832,108.1,705.514,169.3116,459.316,1772.1232,103.1953,21187.1035,10167.4502
2020-06-09,1554.4528,417.9811,237.9037,208.56,536.0229,41.0,448.3386,459.9656,1884.3375,334.295,611.7654,140.723,263.03,259.2972,871.2546,5325.1006,106.85,690.9723,167.1816,470.3527,1772.38,99.504,20724.6602,10046.6504
2020-06-10,1548.678,425.3446,237.1297,213.18,535.3619,41.21,452.9172,462.0854,1896.056,338.563,610.2735,141.1129,263.66,264.8842,865.0854,5337.6089,107.52,706.7054,170.1273,468.8499,1803.7722,98.8888,21099.8535,10116.1504
2020-06-11,1524.6805,411.4136,227.7103,206.77,520.9655,41.73,452.4082,451.2537,1884.6953,327.2935,600.1287,137.71,259.02,258.2136,850.3712,5103.0142,105.3,691.2195,160.565,444.8977,1768.6162,97.0204,20524.9121,9902.0
2020-06-12,1550.0032,405.9904,238.5413,207.74,528.7537,41.8,446.695,457.8459,1885.0078,330.1229,589.9836,137.4619,260.79,254.4558,846.6697,5230.5381,105.72,714.1898,162.3778,450.9562,1744.538,94.7419,20654.3105,9972.9004
2020-06-15,1531.875,387.6811,228.9272,200.74,519.8799,41.41,453.1127,442.5184,1864.4786,317.5586,586.1473,132.712,259.14,248.3121,822.4504,5149.6597,104.51,725.7648,157.438,456.3102,1736.3259,97.4306,19912.668,9813.7002
2020-06-16,1535.1884,379.6707,230.2513,203.89,514.4044,41.85,454.6388,461.4099,1857.3672,328.924,597.7842,131.1524,259.26,253.8593,818.0178,5174.5352,105.21,727.1807,156.7129,454.0559,1749.9265,96.7926,20296.4629,9914.0
2020-06-17,1510.2915,387.6811,233.2695,202.94,531.9161,41.65,450.6866,456.2153,1859.0667,327.9649,599.8729,128.4584,260.45,247.2981,808.65,5385.1948,104.92,726.1243,156.7583,456.1693,1751.6375,99.2534,20201.5156,9881.1504
2020-06-18,1512.5634,403.4032,245.9211,210.97,529.509,41.84,453.1127,475.1768,1847.5273,337.6039,608.6112,132.2867,260.29,259.1382,819.4801,5374.0981,106.97,744.3522,162.831,454.8543,1743.34,99.4129,20956.0566,10091.6504
2020-06-19,1535.9456,414.9958,262.7299,215.07,540.4597,41.74,445.795,481.4195,1884.814,348.9212,601.4927,130.4789,263.39,258.9691,820.8967,5546.1538,108.79,790.8771,167.2269,458.4706,1748.9001,101.1901,21337.8516,10244.4004
2020-06-22,1564.0139,428.0313,276.5255,218.5,548.5313,42.29,445.795,479.2765,1892.064,352.5179,599.9155,131.1524,267.64,269.477,829.3506,5544.8833,109.56,784.921,170.1273,463.261,1734.6581,99.3673,21708.0977,10311.2002
2020-06-23,1594.0699,441.4648,294.5562,224.58,546.4072,42.22,454.1302,485.5892,1941.7341,360.7661,614.3657,131.755,272.54,276.3464,884.3237,5535.9487,111.0,773.5706,174.4327,470.071,1740.9449,100.5294,22264.6426,10471.0
2020-06-24,1654.0405,422.5584,285.6917,215.85,526.1576,42.7,437.9686,481.0236,1918.6328,333.8634,608.8243,136.0085,270.5,267.2004,873.3109,5412.6094,109.53,776.6948,167.3176,454.9952,1746.8473,99.4357,21426.5508,10305.2998
2020-06-25,1598.8979,419.623,292.5945,216.3,527.7154,42.31,430.4943,479.2765,1957.2252,336.6447,597.1876,143.2751,270.82,274.7161,861.9324,5419.145,109.05,772.2221,167.9067,458.0479,1724.5215,99.4357,21505.9004,10288.9004
2020-06-26,1596.7682,422.7575,282.6785,216.82,529.037,42.33,440.16,492.1815,1940.1576,334.8225,637.8525,138.3835,270.04,266.4449,879.3885,5412.1855,110.24,782.8981,167.3176,450.8154,1812.4113,102.7396,21591.8008,10383.0
2020-06-29,1601.6906,402.8062,278.2439,215.31,535.3619,42.49,433.351,501.3128,1966.0514,329.0679,623.8285,139.8368,269.3,269.5367,855.9918,5340.5239,109.74,774.5821,162.4684,452.7409,1797.6986,100.1192,21358.752,10312.4004
2020-06-30,1597.4305,404.6471,275.6201,215.41,528.5178,42.61,435.8161,496.5607,1963.3944,337.0764,627.4092,137.9936,268.83,270.491,862.4351,5490.6191,109.52,766.0189,161.7433,444.2403,1781.0192,100.0965,21369.9023,10302.0996
2020-07-01,1597.9517,431.1161,287.5854,221.24,528.801,43.0,431.8247,505.296,1954.748,349.161,623.9565,143.8423,269.42,269.7553,844.7504,5457.5156,111.04,781.0776,167.4989,439.7316,1789.4878,99.823,21977.3438,10430.0498
2020-07-02,1596.4839,421.1156,288.593,221.51,527.1961,42.24,445.4819,507.5323,1937.9514,348.0101,645.0135,145.9336,271.15,268.8109,860.2874,5594.2104,112.1,794.5242,168.088,444.2872,1845.1724,102.1699,21952.9434,10551.7002
2020-07-03,1605.1934,426.3398,285.4045,220.46,548.9089,42.2,453.2692,500.3344,1957.7201,346.2358,650.214,147.1388,272.3,269.1689,862.9835,5578.8335,112.51,806.9587,167.4082,447.9036,1881.5261,102.4434,21852.1465,10607.3496
2020-07-06,1617.6891,431.8624,302.6661,223.67,544.3303,42.27,452.9172,513.8683,1946.8231,347.051,651.3222,149.2232,273.28,271.9723,869.3352,5758.9292,114.28,835.7997,170.4446,451.0502,1935.8853,101.4636,22198.6914,10763.6504
2020-07-07,1652.6204,445.1466,326.3386,227.35,535.4092,42.42,463.3653,514.87,1940.113,360.6702,677.0256,145.0781,275.57,272.0419,862.3893,5855.9365,114.65,823.004,170.9431,450.1579,1941.6158,102.4889,22627.7363,10799.6504
2020-07-08,1596.2948,441.9623,312.3289,228.5,529.8867,43.01,449.9431,517.2925,1968.8435,353.8606,660.4442,146.6092,273.54,268.9601,860.2415,5684.4458,113.85,811.5172,173.9341,453.2105,1897.9918,101.6687,22584.3887,10705.75
2020-07-09,1625.6411,451.5151,324.2017,231.09,536.8253,43.33,460.3914,524.0943,1959.657,355.2034,666.4117,145.9743,273.46,272.022,863.6232,5644.9009,115.07,823.365,180.4601,452.6939,1885.5463,100.9851,22906.9336,10813.4502
2020-07-10,1612.6244,437.4348,322.6585,226.04,542.5366,43.2,455.6954,514.8466,2002.843,345.6124,666.5395,145.1528,274.27,268.2841,851.9249,5600.9814,114.38,847.6475,177.2878,463.9185,1900.9431,101.2129,22398.1895,10768.0498
2020-07-13,1614.6598,437.8825,314.9137,222.51,553.9595,43.26,471.6222,503.2695,2040.1737,339.1384,679.4979,147.5427,273.29,265.5403,848.2692,5632.2046,114.86,873.3515,174.6593,469.3665,1898.9325,103.7193,22088.9941,10802.7002
2020-07-14,1598.3302,415.6426,310.664,215.39,556.3668,43.12,462.8174,493.2996,2012.7048,331.4177,667.7332,146.3104,271.76,258.1341,834.3316,5428.0332,112.93,865.2272,168.6318,462.2278,1857.832,102.5345,21391.9512,10607.3496
2020-07-15,1582.4736,424.5486,306.6042,214.14,532.0579,43.22,481.4837,490.6441,2049.0903,331.6574,708.3981,148.4016,269.79,256.4839,833.6918,5455.8228,112.97,832.2791,166.5925,465.0457,1910.8223,119.7375,21340.502,10618.2002
2020-07-16,1602.8739,431.8624,312.0125,216.67,531.2555,43.12,491.3057,495.0233,2060.5286,330.5545,776.6421,144.7794,270.12,262.9754,841.8715,5525.4629,114.08,832.0084,168.8131,469.3665,1915.8379,119.3502,21596.8984,10739.9502
2020-07-17,1626.2562,430.9668,321.4075,220.7,535.0316,42.88,487.7057,511.7484,2102.5886,339.3303,769.9498,144.9287,275.09,263.9298,845.8928,5566.9844,115.81,862.8351,170.5805,473.0298,1886.6897,119.0995,21966.5449,10901.7002
2020-07-20,1658.1582,431.8624,335.057,224.39,543.528,43.07,507.624,527.868,2099.3462,348.154,796.5056,143.9205,276.22,262.2597,840.4548,5518.0811,117.06,866.5361,172.8918,454.4317,1892.8196,123.4059,22321.5898,11022.2002
2020-07-21,1632.2676,444.0023,320.5458,229.32,535.9756,43.26,510.559,530.4304,2087.6831,363.3078,798.5944,143.5844,276.7,270.2028,857.317,5765.748,118.54,889.8481,176.2001,448.2793,1907.5216,123.6566,22781.7344,11162.25
2020-07-22,1605.288,476.591,316.7051,229.72,537.2973,43.88,508.8372,524.7466,2025.0884,365.5137,782.5245,146.7959,276.42,266.8923,841.6431,5645.8877,118.11,904.4942,174.0248,445.5083,1878.2878,121.2186,22882.334,11132.5996
2020-07-23,1637.0763,458.5802,321.0668,231.99,535.4563,44.5,512.5269,526.6335,1991.6295,376.2077,774.0419,149.8954,278.51,273.195,837.6674,5704.7129,119.08,928.7766,179.6897,447.1052,1861.3564,121.492,23083.6328,11215.4502
2020-07-24,1622.1536,443.4053,316.5932,227.74,528.1401,44.92,533.802,521.369,1989.7832,366.1851,786.7443,149.0738,275.58,268.4133,826.5631,5643.3491,118.99,968.6529,173.9795,456.1223,1849.5259,123.292,22661.7871,11194.1504
2020-07-27,1684.7825,429.4244,308.7364,220.12,528.1873,46.45,550.406,502.92,2000.7712,343.838,808.5687,146.6839,272.05,262.9655,826.0147,5683.4116,118.39,973.1888,169.6288,446.6355,1891.876,122.5173,21848.4961,11131.7998
2020-07-28,1667.2542,434.8973,315.4005,222.67,533.002,46.01,559.3166,506.2511,2019.7297,337.6998,820.8449,145.937,274.85,275.1833,834.8799,5908.6494,120.02,982.8928,171.7135,453.3045,1980.1349,125.525,22104.9414,11300.5498
2020-07-29,1648.7777,438.7284,319.7476,222.14,534.5123,46.52,545.146,495.9784,2009.5974,336.6927,813.4281,146.9079,275.34,276.2569,842.6026,5816.814,119.26,946.3113,173.2997,463.0732,1951.2438,126.2313,22076.3438,11202.8496
2020-07-30,1651.8098,423.7525,313.3268,217.39,521.7679,46.55,545.9706,489.4794,1985.8999,330.8422,819.6514,144.4059,276.69,275.3722,830.0817,5892.2852,117.96,951.8177,169.085,478.9942,1954.2014,129.4669,21646.5977,11102.1504
2020-07-31,1625.4222,429.5239,316.5396,217.89,523.7975,47.14,553.6248,481.1634,1998.8339,332.6165,823.5304,145.0034,279.66,271.5448,834.8342,5889.7935,118.02,932.9741,173.5263,499.424,1955.8306,128.0314,21639.7988,11073.4502
2020-08-03,1615.9471,415.2944,309.0625,212.62,516.7172,47.29,554.2136,466.8141,1993.9495,329.2117,815.7725,143.8458,279.7,260.172,837.0734,5798.0522,116.17,906.751,174.2514,487.8706,1932.469,128.3048,21071.8555,10891.5996
2020-08-04,1623.9537,427.0362,315.0111,215.97,518.2749,47.26,543.7724,485.2864,1987.8899,336.6447,809.7623,144.63,280.7,263.2339,844.7048,5980.2637,118.0,970.6613,173.6622,496.8409,1928.6543,128.077,21490.25,11095.25
2020-08-05,1626.1802,432.8077,317.5959,216.09,527.6681,48.51,540.436,478.7175,1984.95,337.7957,805.3719,143.9951,280.25,265.2719,853.463,6137.6016,118.03,959.7614,173.5263,496.7469,1937.056,126.7782,21509.6992,11101.6504
2020-08-06,1636.8395,430.8673,325.6815,217.22,526.1049,48.9,553.3893,484.8438,2008.3761,344.0778,827.6651,145.8997,282.51,266.4449,850.144,6165.3447,119.02,963.2141,173.0731,499.9406,1978.7203,127.439,21642.3477,11200.1504
2020-08-07,1711.4071,431.1658,337.2768,218.21,531.3157,49.17,541.9274,486.3113,1999.4215,343.3106,810.6574,146.4225,283.99,266.9221,844.1516,6281.2544,119.35,968.7883,172.8012,494.0231,1967.7902,126.4136,21753.748,11214.0498
2020-08-10,1688.762,428.9767,335.1982,220.05,529.4682,48.4,543.3012,489.4794,1995.9846,348.6815,811.0411,148.5137,287.94,270.4413,885.0845,6215.3291,119.97,956.7825,175.6563,510.8364,1957.0308,126.4136,21899.9961,11270.1504
2020-08-11,1695.5841,445.7934,336.6051,224.04,522.1256,47.3,536.8246,496.9334,1999.5122,352.3261,808.5687,151.6505,286.54,271.3161,886.7902,6253.2295,120.44,963.0788,176.7892,508.2064,1954.5443,127.439,22226.9414,11322.5
2020-08-12,1702.8798,448.8781,332.7935,224.32,518.9045,45.68,562.967,495.5591,1985.4474,351.8465,814.1101,152.5094,284.92,265.4508,875.5889,6329.5,120.33,960.2803,184.2669,499.8466,1935.213,125.8668,22263.7422,11308.4004
2020-08-13,1707.9014,445.8929,332.9297,223.16,507.2037,45.99,568.855,493.3928,1988.6586,352.9974,810.9132,150.4555,287.97,265.6795,913.3412,6387.7144,120.49,957.7755,182.9979,489.1856,1932.7268,126.2313,22196.0918,11300.4502
2020-08-14,1707.9014,433.7032,324.3087,217.85,500.8087,46.32,556.6865,481.932,1966.2722,346.6194,812.9592,146.6839,286.07,259.9533,906.0582,6251.5942,119.26,954.0519,178.1035,499.0952,1922.1815,126.0035,21679.1484,11178.4004
2020-08-17,1740.2582,435.9919,329.5369,218.66,493.9872,46.15,564.3408,481.14,1986.3068,345.4685,816.2841,148.439,285.93,263.9497,922.6526,6422.5864,119.88,943.9193,175.0218,496.2773,1931.8263,128.4871,21700.5977,11247.0996
2020-08-18,1775.6946,443.6042,332.9541,223.37,498.6295,47.31,560.8866,492.2047,2002.8594,354.4361,824.8519,148.2896,289.62,272.2606,926.1098,6540.916,120.97,956.1957,176.8345,494.0699,1945.8428,128.8289,22170.3418,11385.3496
2020-08-19,1786.6851,442.0121,331.9854,224.17,507.6774,46.88,557.2754,496.9101,1984.0909,359.1357,817.8187,148.215,289.41,269.5267,930.3046,6633.1499,121.13,962.0632,178.602,494.4464,1934.5695,127.4845,22285.6406,11408.4004
2020-08-20,1776.4526,432.8077,330.4131,221.14,497.919,45.68,557.4717,493.3695,1976.9451,352.7097,814.2806,146.2358,288.27,266.097,917.9969,6618.3472,120.42,946.4919,176.5173,491.5291,1931.3549,124.9554,21999.1934,11312.2002
2020-08-21,1855.189,438.2806,329.975,223.95,492.8976,45.72,554.1743,505.7852,1991.7339,355.9706,808.8672,146.9826,289.47,266.3058,916.5219,6616.7334,121.11,939.6315,179.8256,500.9869,1927.7113,124.568,22299.3398,11371.5996
2020-08-24,1859.121,443.6042,339.9785,229.31,499.198,45.5,554.0174,520.414,1984.8143,364.7944,807.6737,146.9079,289.23,275.8195,913.9406,6720.6392,122.0,945.9051,182.59,502.0222,1927.2825,124.2718,22832.7344,11466.4502
2020-08-25,1895.552,449.5747,354.665,231.99,500.856,44.93,550.7987,521.6484,1970.9758,370.549,799.7452,145.937,290.59,278.3743,903.8456,6746.687,121.93,939.7442,188.4815,494.164,1922.6102,123.0186,23091.8828,11472.25
2020-08-26,1867.8853,461.0678,354.9229,235.64,487.45,44.8,559.5912,521.0661,1974.3225,373.4263,810.5721,145.6009,290.64,285.6514,893.2897,6650.5625,122.75,964.6584,190.2036,494.2112,1931.9115,123.9756,23413.9277,11549.5996
2020-08-27,1878.4027,470.72,353.6524,237.35,484.2761,45.05,557.5109,518.1077,1963.8752,376.1597,807.3753,145.0781,291.75,282.331,899.4204,6735.3477,122.91,952.6075,195.4606,500.8928,1927.5396,124.1123,23600.0762,11559.25
2020-08-28,1855.2838,506.692,357.3812,247.24,495.9294,45.1,554.6061,519.2259,1946.4188,392.9441,797.3156,146.049,292.86,291.6956,905.1824,6741.1357,124.04,955.1125,203.7993,523.0084,1919.0955,123.9756,24523.5156,11647.5996
2020-08-31,1799.3817,494.3033,339.5647,239.57,486.1235,45.34,545.146,519.8549,1915.1238,378.4616,791.6463,142.7255,281.97,278.6229,871.1637,6490.4819,121.03,939.1124,192.1524,489.5998,1935.1268,123.6338,23754.0742,11387.5
2020-09-01,1875.3705,483.3077,354.7574,239.98,517.5306,45.46,541.3779,525.1892,1955.1921,374.9609,779.3275,142.0533,283.04,284.4485,880.6134,6552.8247,122.15,942.0687,197.6813,490.7291,1925.7823,123.7705,23811.7227,11470.25
2020-09-02,1841.8766,482.0141,357.1719,240.65,521.6046,45.0,551.0733,528.3805,1937.1023,376.3516,787.7247,142.9122,287.43,283.0269,880.936,6567.1533,122.75,960.5512,196.0045,484.1886,1941.8989,124.7275,23874.2734,11535.0
2020-09-03,1874.1387,472.6107,352.4062,237.12,509.7144,44.44,554.8417,526.8664,1934.8409,367.0963,797.5713,143.0989,288.73,277.6984,886.0987,6711.2446,122.73,953.2845,193.1947,492.6113,1971.3477,128.8972,23530.5762,11527.4502
2020-09-04,1853.6255,452.9579,350.1767,231.9,495.6451,44.72,550.1705,521.4622,1921.7258,357.3134,783.59,139.4393,282.51,274.388,868.905,6822.7417,121.12,937.5552,187.2579,482.2594,1962.1743,125.7757,23011.2324,11333.8496
2020-09-07,1878.0233,456.4407,341.2539,231.37,488.35,44.75,556.4509,517.3624,1956.0518,358.1286,788.6199,141.2318,281.93,272.1412,859.3632,6840.8179,121.27,939.9925,188.4362,483.0122,1994.9659,127.0288,22944.7832,11355.0498
2020-09-08,1857.4156,442.1614,340.7525,229.01,471.9122,44.82,569.8754,518.2708,1937.6448,360.3346,800.7682,140.5222,279.54,268.5525,845.1197,6854.9097,120.85,951.0279,184.9466,472.3309,2013.0981,128.7605,22744.1367,11317.3496
2020-09-09,1875.1335,429.1259,333.2414,224.24,477.7388,44.94,566.7747,510.8401,1928.6002,352.5659,790.9217,137.2734,279.7,263.6714,838.4818,6846.6069,120.34,975.5132,176.608,479.2949,1995.4802,128.8972,22266.7402,11278.0
2020-09-10,1948.5643,444.6491,340.6259,226.36,471.2016,45.22,567.1279,508.0681,1930.093,355.5391,801.4077,138.095,282.1,262.3492,849.0378,6862.1694,121.94,1044.411,179.599,478.0244,1998.4803,129.6719,22465.9375,11449.25
2020-09-11,1929.0459,444.9973,345.0752,226.57,465.8013,45.17,566.5392,502.524,1953.0216,355.3473,806.2244,137.3854,284.3,264.5063,845.765,6826.0625,122.13,1047.0061,183.723,475.7658,2035.3025,133.6594,22479.6875,11464.4502
2020-09-14,1924.5454,438.3801,334.9792,222.75,449.174,45.03,625.8184,492.8802,1920.6862,348.8253,834.1017,136.9373,284.13,259.4066,831.6595,6764.6211,122.13,1039.2432,179.9163,466.5902,2135.8621,139.9938,22100.9922,11440.0498
2020-09-15,1911.6122,447.3358,342.0571,226.24,460.022,45.56,624.0471,498.7271,1921.5449,356.3543,837.5543,135.7797,287.49,263.2339,838.8967,6692.4561,122.9,1046.6,181.4118,476.5658,2135.8621,140.0621,22465.3887,11521.7998
2020-09-16,1906.4485,443.8033,342.8457,227.26,456.4218,45.38,621.3311,509.5123,1938.7758,359.3755,854.008,134.9208,288.26,263.5222,849.8214,6697.3433,123.71,1049.1727,179.6443,487.9529,2145.8071,142.2495,22573.2891,11604.5498
2020-09-17,1902.516,440.7185,338.0216,224.32,453.8164,44.98,636.328,504.8301,1924.9368,353.9086,861.8937,133.3897,288.01,259.4861,835.5317,6723.8179,122.72,1037.5281,177.1518,481.8358,2109.7573,142.0444,22320.0898,11516.0996
2020-09-18,1921.8925,441.1663,338.2991,221.33,468.5488,45.32,638.1388,492.5774,1898.2548,354.4361,854.3489,133.7632,288.73,253.919,830.369,6608.9058,122.66,1040.6648,174.5686,492.5172,2100.2842,144.2318,22030.7949,11504.9502
2020-09-21,1868.9751,421.2649,324.2163,215.07,443.1578,45.0,631.8408,488.8504,1843.1713,336.357,860.9559,131.2612,280.98,256.0564,812.9908,6288.3643,119.92,1018.1653,168.4052,473.9778,2113.4868,142.1356,21366.5527,11250.5498
2020-09-22,1835.7654,409.9707,321.573,213.11,446.1896,44.26,646.3261,482.3746,1833.2218,339.9057,858.9098,130.1035,275.9,252.6167,789.6202,6111.4883,118.91,997.9902,168.7678,478.8714,2162.9097,142.2951,21138.8535,11153.6504
2020-09-23,1844.3401,417.6825,315.8143,213.58,410.9928,43.98,640.8941,487.8954,1856.5122,337.46,869.3531,128.8338,275.21,253.581,793.4001,6169.1348,118.95,1006.8591,166.5925,473.272,2115.3296,143.4799,21178.2539,11131.8496
2020-09-24,1817.6208,400.4678,294.8873,206.8,397.2551,43.36,620.5832,480.0452,1864.0648,321.9705,831.5441,124.39,271.05,247.7554,784.2731,5975.9365,115.76,984.4724,159.84,457.1794,1999.4237,138.8545,20456.6113,10805.5498
2020-09-25,1824.4904,413.0057,305.6014,211.1,416.5352,43.62,651.6006,486.3812,1880.4814,334.3909,862.2773,127.5268,276.97,249.1373,819.813,6165.7183,117.87,993.725,165.1423,460.8025,2076.6233,143.047,20982.1055,11050.25
2020-09-28,1843.4402,437.0865,324.7031,218.15,420.3249,43.31,657.5441,491.1331,1866.2355,348.154,861.3821,129.4313,281.34,254.2371,832.351,6360.5283,119.75,1000.2921,169.7195,480.0478,2080.052,141.9761,21665.248,11227.5498
2020-09-29,1857.0365,424.7476,320.7698,215.74,412.6982,44.15,639.8313,495.0233,1839.0104,342.4473,860.1887,126.5186,281.11,251.1653,825.5289,6398.248,119.82,1013.2908,167.7255,476.3305,2133.2903,141.9533,21411.0527,11222.4004
2020-09-30,1882.0977,422.5584,319.1974,215.94,398.8184,44.18,638.9261,502.5008,1870.7129,340.2414,859.5491,128.2364,282.18,252.1494,831.1987,6398.9126,119.93,1008.4614,168.0427,470.9663,2136.634,142.8875,21451.5508,11247.5498
2020-10-01,1933.3098,441.5146,335.1836,223.71,409.619,44.1,639.9889,515.7085,1894.9077,354.1004,867.5629,127.6015,283.81,259.4761,832.305,6449.0615,121.61,1004.3542,172.4839,477.0363,2163.3379,142.6596,22245.7422,11416.9502
2020-10-05,1921.5133,441.9623,329.3519,224.68,402.1344,44.18,648.8451,519.156,1909.425,357.8409,894.0334,126.4065,284.16,261.3749,826.9119,6470.46,122.38,998.4641,171.0791,492.2819,2319.666,152.184,22370.6895,11503.3496
2020-10-06,1980.2581,447.4353,338.2504,229.33,404.3134,44.61,652.742,533.016,1913.8119,365.0342,900.0437,126.892,285.71,266.0771,822.9014,6540.251,124.03,997.6292,173.6622,490.3527,2326.9534,150.4067,22853.4336,11662.4004
2020-10-07,1994.4701,450.8683,324.3136,230.34,400.2395,43.95,651.8761,541.4717,1935.0221,367.0003,909.2512,126.5932,284.63,263.3831,818.5685,6686.8584,124.89,1018.9102,172.8465,481.6005,2345.5129,152.7992,22964.5332,11738.8496
2020-10-08,1978.9785,449.6742,323.856,232.87,402.1344,44.0,668.8018,555.2386,1954.4235,371.6519,932.3965,124.8381,286.35,262.4684,812.2534,6718.1245,125.91,1010.673,173.5716,493.2229,2422.4548,163.8046,23191.0801,11834.5996
2020-10-09,1942.927,465.7447,323.0237,239.42,402.8449,44.4,673.6829,574.6892,1935.2935,385.0794,943.5647,125.3609,286.65,262.4187,837.5139,6701.5659,126.99,1008.0552,179.735,482.6828,2411.5247,170.4351,23846.5234,11914.2002
2020-10-12,1968.7458,465.6949,323.929,238.27,393.2285,44.79,681.5945,565.4182,1934.1626,387.5251,965.1332,128.6098,284.67,261.0369,835.0247,6772.022,126.96,1009.68,180.0975,483.624,2426.1423,172.0301,23712.5254,11930.9502
2020-10-13,1956.2388,459.0777,318.6133,236.51,393.4654,44.72,708.8331,558.3368,1933.9818,380.0441,987.043,127.0787,284.54,267.4092,826.4508,6673.5732,127.02,1029.3813,177.3784,473.5072,2423.1841,171.3237,23491.9258,11934.5
2020-10-14,1962.5874,468.9787,328.2956,240.16,391.5232,44.15,701.0001,564.4166,1952.0264,390.1626,969.3107,125.3236,286.22,269.0794,843.7368,6644.585,127.42,1032.4506,181.3211,472.6132,2418.9221,159.7032,23874.373,11971.0498
2020-10-15,1980.6841,460.3215,312.9812,231.93,378.2119,44.3,677.0287,544.733,1946.9614,375.0088,944.8008,123.2697,282.45,260.3708,819.3981,6540.4419,124.81,995.8915,174.7952,461.4142,2359.5176,155.6701,23072.1328,11680.3496
2020-10-16,1952.9701,470.0732,314.5973,236.5,380.5331,44.49,651.1677,558.756,1945.1525,379.9003,961.2117,123.7551,284.18,265.7391,824.2843,6542.624,125.62,982.0352,177.605,458.2146,2379.0608,154.7815,23532.9766,11762.4502
2020-10-19,1961.403,490.522,318.0876,243.9,376.7908,44.52,665.0231,560.7128,1969.7998,400.0414,959.8476,125.6597,286.06,273.7219,832.3972,6501.8687,126.81,982.2157,184.9013,455.156,2334.5059,156.3993,24266.4688,11873.0498
2020-10-20,2007.2615,491.5171,317.5959,244.11,383.7069,44.44,692.4978,570.2167,1965.5488,397.6436,969.7369,125.0622,285.18,272.1512,845.6727,6494.894,126.77,973.0535,184.0403,457.697,2358.1396,158.0171,24311.5176,11896.7998
2020-10-21,2003.2823,498.9801,314.7433,247.28,396.9709,44.79,685.7274,580.8156,1956.549,403.1105,978.9866,125.2115,285.47,277.0224,852.2643,6511.2632,126.98,958.9264,184.6747,461.3201,2303.3835,156.5132,24634.7637,11937.6504
2020-10-22,1989.6375,507.7866,322.6878,246.1,408.0084,44.79,685.0948,574.5727,1971.202,396.0132,962.5331,125.8837,286.06,276.9727,863.1891,6463.5322,126.73,950.96,184.2669,456.9442,2299.7231,156.9689,24483.8652,11896.4502
2020-10-23,2008.9194,504.7018,322.9263,246.49,411.5612,44.65,674.1807,575.7375,1939.0924,399.8975,967.2292,127.5268,285.95,274.9845,867.7525,6740.3291,127.11,953.7134,183.8137,455.956,2313.198,156.0347,24478.0156,11930.3496
2020-10-26,1971.209,490.92,320.6871,242.43,411.2296,44.55,670.5031,564.137,1959.8053,387.9088,958.5693,125.8837,282.04,281.7147,877.4327,6694.3545,125.81,915.823,178.2848,446.5451,2314.4033,154.8498,24075.1699,11767.75
2020-10-27,2082.3977,505.5974,336.201,248.51,410.5664,44.52,670.0682,574.4796,1968.8048,393.1838,939.9573,124.8755,287.27,315.664,905.2746,6792.6611,126.81,918.2603,176.4267,442.7337,2264.4255,152.2295,24769.2129,11889.4004
2020-10-28,2049.2793,502.2141,328.1739,243.77,428.0938,44.61,656.1094,563.5312,1970.307,379.8523,927.6356,123.6058,284.75,308.4466,906.1043,6818.8989,125.4,907.8569,172.6199,436.0991,2257.5811,152.9587,24232.2188,11729.5996
2020-10-29,2111.8147,491.4176,329.0744,242.44,427.099,44.35,664.374,553.0956,1931.8451,383.5448,926.1705,122.3735,284.55,312.3336,861.5297,6754.041,124.72,914.83,171.0337,429.4644,2266.5771,153.7789,24091.7207,11670.7998
2020-10-30,2098.5771,490.0742,322.1571,240.65,410.9454,44.32,665.8766,551.3951,1885.5994,376.5434,913.8915,123.4191,284.66,307.6613,856.92,6609.2842,124.57,927.2871,171.5322,438.3106,2294.2998,155.26,23900.623,11642.4004
2020-11-02,2061.9006,520.0757,332.9444,250.13,433.352,44.62,650.4149,566.1636,1886.2365,400.377,923.9732,124.5394,285.67,314.2822,856.7357,6517.4302,124.37,847.3766,177.6956,441.7456,2242.4277,152.5713,24892.2109,11669.1504
2020-11-03,2044.6294,531.5191,339.8568,257.72,430.6992,44.8,643.8112,581.3979,1871.3979,425.6974,915.572,127.0414,287.27,316.847,873.7451,6560.1318,126.01,835.1677,185.5811,456.9911,2267.3953,152.9587,25682.502,11813.5
2020-11-04,2058.6741,522.5634,346.7351,259.74,429.2307,44.84,644.6813,585.8005,1875.3579,419.1754,942.6284,126.8173,289.07,324.2234,883.2366,6598.752,127.03,863.5121,187.6204,474.9189,2284.2271,156.2854,25771.3008,11908.5
2020-11-05,2124.0085,536.6437,363.8166,264.04,433.2573,44.92,666.6282,591.2979,1913.8657,420.5662,951.2883,130.5143,293.65,333.1208,900.3875,6730.4126,129.12,882.3784,198.1798,482.3064,2312.2505,157.4019,26312.793,12120.2998
2020-11-06,2096.2524,539.0816,368.0857,268.87,426.2463,45.61,672.3222,609.2111,1906.4008,424.6903,958.8279,129.9167,294.69,341.5907,902.8777,6554.6753,130.61,915.8456,198.6783,479.1537,2330.9766,157.5613,26798.6387,12263.5498
2020-11-09,2111.5774,562.2668,376.2881,277.4,446.9949,45.83,676.1976,624.5386,1941.358,443.7764,979.3358,129.0579,298.94,343.5988,907.6705,6521.0361,132.73,925.5721,198.9502,480.0948,2347.4634,160.3867,27533.7793,12461.0498
2020-11-10,2087.4268,580.7255,409.7354,288.14,441.8788,43.98,640.371,649.2769,1945.045,464.0614,940.1298,133.203,296.89,348.5297,971.4334,6446.3574,134.72,940.85,210.008,461.9789,2281.1707,155.9891,28605.668,12631.0996
2020-11-11,2070.2986,605.6522,415.6012,290.71,453.4373,44.2,653.3018,647.5532,1940.0831,466.651,967.2292,138.3937,300.41,359.4452,995.6324,6506.9927,135.83,901.425,212.274,476.2363,2314.0586,158.0171,28844.6641,12749.1504
2020-11-12,2060.9041,596.7462,418.4733,284.77,454.6216,44.26,652.234,639.0508,1995.5692,457.2039,963.1363,140.4102,302.39,348.8876,1008.5539,6487.54,135.26,893.6619,205.5668,479.2479,2299.6379,157.4702,28278.4727,12690.7998
2020-11-13,2068.6379,607.3438,426.0429,286.43,450.7372,44.34,654.9228,633.041,1989.424,465.6919,968.6942,139.738,304.98,350.5875,988.1613,6461.3501,135.79,901.064,207.9687,478.495,2287.4124,156.8322,28465.3691,12719.9502
2020-11-14,2073.0508,610.1299,425.9211,287.13,456.1849,44.71,656.8212,638.119,1991.5634,466.9867,976.6646,140.8583,308.95,352.029,995.3975,6502.1528,136.4,903.7269,208.1499,483.718,2299.0354,157.4246,,
2020-11-17,2075.9446,625.7029,436.942,293.58,459.0746,44.51,644.5626,656.1721,1982.3691,466.5071,968.2633,139.9248,309.23,357.2184,1015.7903,6624.7524,137.39,899.6423,217.7123,487.8588,2295.3335,158.9057,29180.9609,12874.2002
2020-11-18,2083.6311,633.166,453.0791,299.78,453.2479,44.18,644.009,656.2885,1940.9484,477.297,956.9323,137.4601,310.16,363.9684,1078.9894,6693.8799,137.9,896.9117,228.4075,482.7769,2261.4119,157.3562,29749.5039,12938.25
2020-11-19,2051.3198,608.4881,441.6688,290.79,443.9158,43.83,636.2979,640.2855,1939.7194,459.17,945.0411,140.3355,309.94,363.1234,1065.9268,6607.5293,136.25,890.5703,217.3044,477.4598,2270.2371,156.1259,28902.7148,12771.7002
2020-11-20,2055.9221,604.8561,459.125,294.63,458.2693,43.81,647.9238,653.9359,1930.1608,460.5607,950.7281,143.1736,312.72,375.6593,1064.0942,6609.9492,137.0,857.3288,220.0235,473.6013,2290.3396,157.812,29235.6602,12859.0498
2020-11-23,2074.6165,592.6664,468.4324,292.12,452.1584,43.88,663.7017,649.7196,1938.4902,449.0995,982.1792,142.5388,315.69,377.3394,1058.0326,6630.7305,137.76,880.4376,216.3527,482.6357,2345.4404,162.164,29023.8613,12926.4502
2020-11-24,2095.1609,616.598,468.3546,298.59,449.3161,42.78,664.7299,670.032,1963.9348,458.6425,982.3518,146.049,316.08,382.7176,1067.1014,6792.6611,139.38,886.463,221.0206,489.5057,2343.5464,162.0045,29736.9043,13055.1504
2020-11-25,2044.298,596.8954,456.584,293.79,439.6997,42.68,652.234,653.5399,1944.3623,453.3675,961.3268,144.7794,314.16,370.301,1048.776,6695.208,137.39,879.1286,220.2501,476.3776,2325.6812,159.4981,29196.0605,12858.4004
2020-11-26,2045.2462,609.5329,469.3866,297.11,443.7737,42.94,665.9557,664.6511,1961.067,455.8611,959.2156,145.4889,315.91,375.5997,1051.4543,6636.8979,138.24,881.2952,222.4707,481.5535,2342.2979,161.7083,29549.4062,12987.0
2020-11-27,2102.1831,598.6368,477.9102,297.06,438.8944,42.84,650.1776,671.2667,1946.5013,453.9909,947.8417,144.63,317.23,379.1785,1054.7906,6676.3252,138.38,871.0045,221.3831,481.5064,2307.0425,159.726,29608.707,12968.9502
2020-12-01,2116.1797,600.6768,473.2663,299.43,454.2427,42.29,659.6683,667.7493,1941.8132,465.2603,980.456,145.1901,321.77,372.9653,1048.729,6738.8589,139.79,882.3332,224.8273,507.5746,2347.636,160.7969,29817.5039,13109.0498
2020-12-02,2197.5986,605.1048,469.6446,296.68,459.4062,42.83,666.8257,655.4732,1947.5029,460.8005,983.0842,146.3478,324.35,360.7077,1046.6616,6838.3037,139.96,883.8002,223.8303,512.5624,2367.2227,163.5539,29462.8086,13113.75
2020-12-03,2288.2695,599.7314,473.8845,296.19,454.6691,43.07,681.8918,641.6133,1936.988,462.1432,970.6329,146.5345,326.14,362.0597,1057.3749,7343.6924,140.12,886.463,232.3049,515.9502,2332.699,164.1919,29448.4082,13133.9004
2020-12-04,2314.2231,611.4733,474.6537,301.92,467.7909,43.06,678.9656,645.5266,1988.3774,481.5171,977.6987,148.0282,327.54,367.08,1080.2581,7404.4688,141.27,878.6548,238.8309,535.5248,2348.2817,164.4198,30052.0508,13258.5498
2020-12-07,2346.2971,616.2,470.1849,303.13,482.1917,42.76,676.4349,639.3071,2053.8765,489.5735,985.3245,151.7252,330.59,361.9702,1099.2413,7347.772,142.29,883.8226,244.3598,547.9942,2357.0203,163.3488,30211.1992,13355.75
2020-12-08,2314.3655,617.5931,466.5535,303.45,477.123,43.34,683.1571,641.1939,2057.3811,487.6074,993.812,151.2024,330.71,364.6046,1100.839,7366.0869,142.86,899.8679,246.4444,535.1955,2408.333,165.7413,30261.5488,13392.9502
2020-12-09,2393.5068,631.0764,471.6161,308.41,476.6019,43.18,688.4957,655.5897,2086.6951,490.5806,1012.6395,153.4056,331.43,374.4962,1109.8606,7315.3672,144.41,914.8526,245.0396,535.9952,2419.9558,163.8273,30709.043,13529.0996
2020-12-10,2397.0657,623.9615,466.8115,306.78,478.5915,42.65,685.4902,645.6431,2139.7222,486.2167,1006.22,158.8577,331.52,378.423,1118.6473,7340.7505,143.82,905.8482,244.3144,531.9017,2397.1401,162.1868,30509.9941,13478.2998
2020-12-11,2392.2256,610.2295,471.5869,307.99,477.881,42.71,681.9315,644.2223,2161.8438,494.369,1002.2993,161.5465,332.59,381.8229,1122.3595,7338.4253,143.93,905.3067,246.943,534.6307,2396.5386,161.0931,30604.4941,13513.8496
2020-12-14,2418.0371,612.8665,476.9221,309.22,476.6019,42.56,690.4332,639.2605,2158.2024,504.2958,1003.4628,161.2477,335.6,385.5906,1174.3752,7303.5527,144.32,898.7622,248.5291,542.3005,2408.6772,159.2019,30745.543,13558.1504
2020-12-15,2398.394,604.1097,498.7156,308.43,477.6915,42.82,700.7147,648.1822,2112.0476,496.8627,994.8889,159.4926,332.88,387.9368,1171.1802,7368.5059,144.61,891.1119,245.3115,537.9715,2377.5537,160.7285,30690.6934,13567.8496
2020-12-16,2450.5857,603.1147,501.062,309.01,489.0605,43.33,699.9633,657.2203,2133.8049,491.4917,1004.4534,159.8287,334.65,388.2151,1191.8551,7398.0171,145.82,892.1049,244.1785,542.63,2422.8823,163.326,30698.043,13682.7002
2020-12-17,2443.5635,602.4182,514.7018,309.99,488.0184,43.67,695.4553,671.7092,2107.7234,489.5256,998.8527,159.1191,333.65,390.7799,1201.7695,7300.8975,146.56,896.1894,242.6377,537.6893,2443.5454,162.6425,30846.6914,13740.7002
2020-12-18,2468.6628,606.4979,511.3721,309.17,483.8023,43.73,704.3922,657.5231,2124.2463,495.9995,1025.22,160.2021,335.11,387.5789,1204.3539,7173.5059,146.96,898.875,246.0366,541.1242,2463.1748,165.6729,30714.293,13760.5498
2020-12-21,2424.2053,579.6309,490.8637,296.22,465.0907,44.16,688.4164,639.4935,2099.2117,474.2758,1014.449,151.5758,325.63,381.9124,1160.4668,6999.2388,142.5,875.4727,230.8548,519.9969,2428.0051,161.2982,29456.1074,13328.4004
2020-12-22,2467.9988,586.8452,487.8992,297.78,473.9965,43.7,722.7009,639.7031,2103.8093,479.8386,1051.6733,151.9119,328.78,378.3534,1186.6393,7017.5527,143.82,874.1188,233.3473,534.819,2473.0759,165.9691,29625.6055,13466.2998
2020-12-23,2507.6174,589.5319,495.4444,300.05,480.5338,43.58,729.6606,640.8911,2157.8384,483.0037,1079.7211,155.1608,334.46,381.8925,1188.6128,7069.3154,145.12,877.3459,238.3777,540.7478,2504.2856,175.6985,29882.9531,13601.0996
2020-12-24,2513.0256,607.1946,504.7907,305.28,490.1027,43.73,727.0903,650.8843,2186.8782,492.5467,1065.0724,155.7956,334.94,389.8156,1186.1693,7065.6147,146.52,900.0485,241.8673,555.6642,2504.8022,174.1719,30401.8457,13749.25
2020-12-28,2546.8552,614.6078,506.66,310.1,494.1766,43.85,729.0278,658.222,2174.7253,498.8288,1068.7345,156.4677,338.36,395.4424,1211.7311,7100.6768,147.78,904.1782,249.4355,552.3702,2522.0642,174.4909,30880.5898,13873.2002
2020-12-29,2559.0967,627.096,506.3095,314.11,492.8976,43.68,740.1793,664.9073,2170.5378,507.1731,1077.3512,157.9989,338.34,397.5102,1207.455,7071.5928,148.77,898.1979,251.8828,555.8051,2523.0112,175.4479,31322.1367,13932.5996
2020-12-30,2594.7766,622.0211,519.3214,313.94,489.0132,43.58,743.9755,667.3765,2190.8381,507.1251,1074.3354,157.7001,339.5,401.2182,1214.2214,7223.9399,149.27,900.6577,250.9763,549.594,2504.759,175.1745,31302.6875,13981.9502
2020-12-31,2623.3401,617.394,515.5293,313.54,482.9023,43.75,748.2856,669.1469,2180.6421,513.1674,1082.0903,156.0943,340.27,396.7745,1210.0392,7258.7646,149.07,896.0541,249.2089,557.4521,2464.6819,176.0176,31263.6875,13981.75
2021-01-01,2633.8257,620.7275,514.0641,313.65,488.0658,43.81,751.726,663.9058,2173.4963,505.9262,1086.0975,159.7166,342.19,396.4663,1218.8732,7298.334,149.57,897.0471,253.2423,561.1223,2521.074,176.8606,31225.4863,14018.5
2021-01-04,2613.0913,621.6231,507.8381,314.12,489.9132,44.52,775.3732,659.6895,2208.9546,509.9544,1110.0518,159.3805,346.62,390.7998,1235.413,7308.772,150.71,898.559,254.7378,568.7921,2616.812,180.643,31212.0859,14132.9004
2021-01-05,2651.1909,661.1773,498.3749,318.73,486.9762,44.97,784.0333,664.6743,2230.8484,515.2775,1114.8341,157.9241,351.38,389.6467,1227.613,7264.3159,151.3,887.3883,255.3723,567.8981,2662.9155,185.1545,31721.8809,14199.5
2021-01-06,2662.1038,651.0275,489.7392,319.67,497.6821,45.16,773.6331,661.8092,2200.5789,524.341,1104.7526,153.4056,353.29,391.7641,1234.849,7238.8379,151.22,863.9861,258.3634,569.6391,2627.186,185.2001,31797.5312,14146.25
2021-01-07,2649.6731,667.7944,494.6753,321.08,516.5832,44.41,761.256,659.806,2156.4724,518.97,1087.5623,151.4638,354.73,388.1853,1258.2961,7179.4834,151.2,862.587,260.7653,566.4395,2611.0857,185.3596,31955.6289,14137.3496
2021-01-08,2699.4446,669.3867,494.7726,321.82,511.8461,43.83,786.6432,666.9806,2176.8186,519.8812,1130.6028,150.4929,357.26,391.8238,1290.6711,7605.4004,152.88,872.7647,259.2244,584.2258,2686.9355,196.046,32083.8262,14347.25
2021-01-11,2703.8098,663.665,485.2559,321.39,518.3834,43.03,834.4514,676.2049,2211.3213,522.4229,1185.8361,151.2397,358.63,385.352,1268.6805,7812.1201,154.38,856.3132,256.0521,584.4141,2734.7615,203.6107,31998.5293,14484.75
2021-01-12,2581.6343,672.3719,490.8978,325.24,536.0054,43.23,839.9877,689.9717,2162.8906,525.5878,1182.0017,154.1898,359.83,378.4528,1268.4929,7769.7036,155.32,883.3036,265.1159,573.7329,2733.3843,208.578,32338.625,14563.4502
2021-01-13,2565.6445,684.4123,477.3359,327.83,547.8483,43.07,835.1236,685.15,2159.6592,533.7401,1195.2714,157.7748,356.63,374.2079,1271.0302,7723.9673,155.6,875.0667,278.0771,566.8159,2719.6956,209.1703,32574.2715,14564.8496
2021-01-14,2527.8765,672.6704,474.8483,327.25,550.0273,42.7,812.7815,684.2648,2183.51,530.671,1180.9243,159.9407,357.55,376.3055,1293.6783,7733.0767,155.76,884.9059,278.4849,571.2861,2804.0127,207.0513,32519.3711,14595.5996
2021-01-15,2458.604,671.526,475.4568,324.31,570.9654,43.03,782.8074,683.2864,2140.3591,520.7924,1158.9086,162.704,353.76,370.5893,1272.5807,7614.7471,154.11,874.4573,275.4033,568.6981,2789.0471,199.8511,32246.4258,14433.7002
2021-01-18,2456.042,653.764,459.5144,320.03,556.0909,42.54,776.2432,690.9501,2123.4727,511.3451,1130.5598,164.1231,345.44,367.2193,1255.5709,7430.5649,152.56,895.4447,266.8833,547.1942,2779.0415,196.6611,31811.3809,14281.2998
2021-01-19,2509.9895,665.4561,482.8122,326.42,561.1596,42.79,778.1017,700.6172,2151.2837,524.1012,1134.5234,163.4509,353.03,375.1822,1287.3348,7517.8164,155.45,910.0909,270.6447,561.4046,2812.6387,196.0687,32424.4727,14521.1504
2021-01-20,2559.5237,672.4217,485.032,326.97,564.8071,42.99,790.2811,695.0966,2144.7292,528.4651,1154.1693,162.5547,353.68,374.5061,1299.3639,7728.8057,156.75,927.3774,274.2249,559.6636,2854.1296,202.7677,32543.3203,14644.7002
2021-01-21,2577.6489,672.5211,498.3067,323.21,550.7852,43.22,788.7327,687.0834,2155.3801,530.0956,1154.3848,159.6046,351.3,369.3765,1288.6978,7664.0903,156.02,947.5525,267.2459,548.5589,2823.9817,203.155,32186.5254,14590.3496
2021-01-22,2464.0605,641.3256,484.1168,314.08,546.5219,43.04,782.7773,672.5245,2193.3423,511.9685,1155.3759,157.364,349.4,363.4515,1280.0518,7637.6157,153.91,925.0756,257.1398,541.3125,2849.2129,203.1322,31166.8887,14371.9004
2021-01-25,2385.5833,655.1571,477.9005,314.15,550.2168,42.79,752.3651,681.516,2184.4661,516.0448,1141.8044,155.1981,345.01,356.771,1279.2999,7573.7075,152.46,876.0596,254.6472,551.8526,2839.0342,199.7067,31198.0371,14238.9004
2021-01-27,2312.1829,628.9866,471.6989,304.81,540.7899,42.56,758.7175,656.7078,2176.9104,500.9868,1121.038,157.3266,341.62,350.8659,1277.9374,7468.7578,149.48,855.2977,249.8434,536.2307,2812.9409,203.9086,30284.1992,13967.5
2021-01-28,2317.0222,667.3965,468.3156,304.13,540.8847,42.54,741.6057,638.9343,2094.1594,506.6456,1099.6683,154.3019,340.08,342.5451,1264.3107,7200.7861,147.99,846.9704,255.9161,531.1016,2757.304,197.2632,30357.9473,13817.5498
2021-01-29,2284.4265,659.6349,460.9456,307.06,524.4942,42.65,725.7644,647.8094,2060.9319,515.0377,1067.6573,151.7999,332.79,340.5767,1254.3022,6838.4458,146.1,831.3538,255.6895,551.6645,2683.8113,190.8689,30565.1445,13634.5996
2021-02-01,2322.8113,705.8561,492.4944,332.97,548.7009,42.34,737.159,687.9918,2047.0035,579.1057,1086.4851,161.285,341.85,358.1826,1361.5764,7021.7275,152.52,855.4331,281.612,555.3817,2707.9634,192.5131,33088.668,14281.2002
2021-02-02,2337.8518,710.6823,503.6516,343.96,567.8389,41.92,758.0425,727.0327,2030.4806,592.1015,1095.4033,162.9655,348.99,370.0724,1428.6284,7263.604,156.1,869.1992,301.9149,573.5446,2763.2556,195.6417,34267.5,14647.8496
2021-02-03,2328.3623,730.1857,510.6518,348.51,576.8394,41.69,762.2114,733.6717,2032.6658,596.897,1106.95,161.8825,350.13,368.263,1436.4752,7201.4507,157.66,871.3881,304.498,592.1311,2760.323,197.9939,34758.0469,14789.9502
2021-02-04,2279.1602,740.236,535.9404,354.21,569.0233,41.33,760.4248,735.6749,2044.2731,602.6038,1102.3829,171.7411,354.44,379.8346,1437.6501,7249.6553,158.69,868.522,321.8552,594.2955,2750.3164,196.3497,35344.3906,14895.6504
2021-02-05,2255.3887,716.0557,539.2213,357.81,550.5484,41.13,751.2932,744.2936,2066.0757,589.0324,1096.1359,175.0273,353.02,394.2096,1425.1514,7111.2568,159.05,868.2738,356.2976,597.3541,2724.0078,194.3629,35654.0859,14924.25
2021-02-08,2293.4419,732.5241,535.2443,361.28,565.8967,41.28,760.5043,747.8577,2036.1244,603.8505,1123.2355,174.0937,356.8,389.1297,1458.325,7187.5967,161.03,880.7761,359.8778,597.26,2772.4426,198.816,35983.2305,15115.7998
2021-02-09,2378.8457,738.8429,525.7617,362.02,567.4599,41.85,755.6208,750.9326,2017.554,607.4472,1124.9589,171.0316,356.19,387.5391,1472.0924,7237.3667,161.23,882.8974,357.8385,591.9914,2740.354,200.6658,36056.082,15109.2998
2021-02-10,2382.4045,731.1808,533.1219,360.25,559.1699,41.76,761.8541,736.9094,2035.0782,606.2962,1117.1605,169.9486,357.19,388.1157,1459.3118,7232.291,161.46,891.0892,355.5272,595.3138,2771.7524,200.5059,35782.6875,15106.5
2021-02-11,2377.5645,736.4547,541.996,359.66,566.6547,41.76,770.549,732.5302,2060.1125,604.8576,1113.8433,169.1271,360.39,389.8952,1438.308,7275.6079,162.06,927.8287,353.6238,611.025,2765.4548,199.5925,35751.6875,15173.2998
2021-02-12,2359.1558,746.704,543.0086,363.78,555.4277,41.2,762.6084,737.0027,2040.5858,621.1143,1128.621,162.4053,361.95,387.9168,1429.7091,7181.8081,162.17,921.4648,356.343,595.3614,2752.3442,201.8761,36108.4805,15163.2998
2021-02-15,2331.3042,790.0892,562.7139,376.7,562.486,41.19,758.0425,753.1454,2016.598,646.3867,1128.4917,163.2642,365.32,394.8559,1445.0273,7208.521,163.93,917.4026,368.851,595.6936,2708.3955,200.8257,37305.8164,15314.7002
2021-02-16,2325.136,771.2325,560.8057,373.5,562.7228,41.35,756.1766,757.8276,1999.2101,631.4247,1111.9044,163.0028,366.41,401.5562,1456.1165,7303.7905,163.54,929.5439,364.6816,599.1586,2681.6113,199.8437,37097.9688,15313.4502
2021-02-17,2266.207,773.9193,555.4411,371.57,562.6281,40.52,748.9507,739.1224,1969.8972,630.4656,1104.0631,162.6294,367.25,395.5518,1455.0826,7119.8447,162.59,940.2632,373.2016,589.7604,2650.8174,196.4867,36910.5195,15208.9004
2021-02-18,2344.5894,773.1729,541.6359,368.37,558.0804,40.47,752.8415,724.121,1954.3762,618.285,1113.6708,163.4509,369.59,386.8034,1432.7632,7114.4834,161.89,933.2449,376.3286,584.824,2637.2319,197.7427,36586.5742,15118.9502
2021-02-19,2293.0618,745.9577,535.2686,360.94,550.7852,40.1,754.4695,717.0396,1985.5557,598.5275,1112.6798,161.285,364.13,385.4713,1417.915,6948.8516,160.42,938.9318,362.1437,576.5175,2649.7395,196.3725,35841.1836,14981.75
2021-02-22,2265.1631,715.9064,523.4786,354.58,540.3162,40.43,730.6478,721.1859,1973.2656,584.9082,1090.1903,158.4479,359.57,387.6286,1364.7244,6724.3872,157.18,906.3446,353.0346,565.1258,2551.9219,191.2343,35256.7891,14675.7002
2021-02-23,2251.0713,712.4236,524.1455,353.76,535.816,40.67,722.5484,712.4041,1983.871,591.0944,1091.1813,159.5575,360.39,372.3887,1396.7704,6614.3618,157.59,913.2729,358.5636,573.4323,2570.6829,189.7727,35116.543,14707.7998
2021-02-24,2240.7754,745.7089,541.592,366.92,542.8268,40.62,727.3524,748.4167,1983.507,614.8802,1098.0315,159.8253,363.41,379.9937,1434.6428,6597.7085,160.15,930.2208,368.2165,570.9641,2542.9944,193.2439,36451.8789,14982.0
2021-02-25,2252.5425,766.8542,538.3842,368.06,548.7009,40.33,737.8736,748.3934,1969.3513,602.316,1098.2468,160.0549,368.59,376.8722,1415.7067,6576.2632,161.87,967.8405,369.1229,578.6534,2583.7085,192.4218,36548.5742,15097.3496
2021-02-26,2160.9221,721.23,512.5793,351.26,527.0522,40.25,722.1512,714.8499,1940.9028,573.3032,1079.9363,155.999,360.62,353.9775,1355.6088,6515.3433,156.15,941.4142,353.6238,564.4612,2496.5872,187.3977,34803.1953,14529.1504
2021-03-01,2241.6768,724.9615,512.7643,354.96,504.2193,39.96,738.7471,726.2641,1951.2349,583.4695,1091.7412,158.3331,361.41,366.911,1384.1306,6656.5879,158.01,948.5906,357.9745,573.8121,2522.3782,189.2703,35295.5898,14761.5498
2021-03-02,2268.342,727.6483,517.5836,355.42,512.7462,39.52,757.3279,730.5967,1982.6875,585.5317,1124.0541,160.6289,368.04,366.7619,1396.1595,6845.5156,159.57,950.5313,357.2946,583.0677,2593.24,196.578,35419.2891,14919.0996
2021-03-03,2279.4448,750.2365,539.6448,366.11,517.5781,39.33,766.4595,739.2855,1996.8434,606.2482,1157.7025,160.6671,373.09,377.6674,1406.7319,6760.6836,162.98,993.9056,367.1288,592.7032,2638.7415,198.9074,36367.6289,15245.5996
2021-03-04,2293.6787,733.1709,534.0955,360.6,511.2303,38.93,760.7026,723.0728,1999.9384,595.3625,1146.3282,160.4758,374.71,377.3096,1374.4979,6767.231,161.2,982.0577,358.6089,587.577,2630.6326,200.4146,35802.082,15080.75
2021-03-05,2265.2109,727.1507,530.1038,354.57,504.7878,38.67,747.6009,712.8,2003.7622,584.5247,1134.5664,159.5957,369.27,382.2404,1375.3909,6878.6323,159.66,983.3441,347.7323,580.2198,2594.7065,192.2162,35227.7383,14938.0996
2021-03-08,2261.0354,739.6389,518.0071,354.72,498.0611,38.7,763.7995,707.9083,1979.5929,583.1819,1150.9814,159.1749,368.33,380.9182,1423.9296,6888.5952,160.04,988.9408,353.1253,583.6374,2593.7573,190.4121,35275.3398,14956.2002
2021-03-09,2298.9927,741.7783,527.1977,360.27,494.3187,38.85,772.7325,727.9412,2001.3951,599.5344,1159.4258,159.0218,365.74,393.4641,1417.4452,6928.498,161.47,988.9181,351.3126,581.5489,2631.7109,191.4626,35865.2305,15098.4004
2021-03-10,2307.7703,757.003,539.8541,361.39,498.2032,38.95,784.9213,724.7966,2028.114,600.0141,1178.8994,158.027,367.5,390.4817,1432.3873,6900.5522,162.16,984.8109,351.4032,594.2697,2648.9631,194.8881,35937.8828,15174.7998
2021-03-12,2278.7334,746.903,541.1005,356.16,496.6399,38.63,777.5764,723.0261,2007.0845,587.7855,1184.6729,157.0321,364.85,384.7556,1422.8019,6733.6396,160.63,964.7939,345.4211,582.4983,2637.749,194.203,35496.2344,15030.9502
2021-03-15,2234.7495,740.7335,529.5343,354.07,495.3609,39.06,787.9784,712.1711,2012.6379,578.8179,1183.5958,157.2234,362.5,381.475,1394.374,6727.0923,159.96,951.8402,347.9589,574.8088,2644.8223,194.7283,35182.1406,14929.5
2021-03-16,2342.5488,734.1163,531.1796,350.02,501.4718,39.03,799.8098,704.4841,2042.8613,570.6177,1192.5573,159.0601,362.29,378.4031,1373.7463,6784.9746,159.79,948.0942,343.1098,571.7709,2682.6897,196.0756,34804.1953,14910.4502
2021-03-17,2299.23,724.3148,521.8187,344.85,495.4083,39.14,784.0876,696.6572,2026.7025,565.3905,1195.142,161.1646,357.15,371.4741,1351.051,6703.7012,157.88,927.6707,333.6834,555.1106,2685.1914,191.6682,34228.8516,14721.2998
2021-03-18,2281.7698,715.2098,522.9918,339.81,499.4822,39.17,752.5636,694.6306,2016.598,554.9363,1152.1447,166.5596,353.87,363.9287,1342.0762,6750.2925,156.12,906.7961,332.7317,545.4275,2619.2466,187.3292,33856.4062,14557.8496
2021-03-19,2288.1272,722.6729,530.9167,342.54,502.0876,39.23,762.6481,697.6588,2104.7654,562.6572,1158.478,170.6156,356.12,364.6743,1326.2412,6750.1025,157.87,939.699,336.4026,548.9875,2631.064,187.489,34161.2031,14744.0
2021-03-22,2301.8394,712.6724,524.6956,337.91,500.2401,38.85,777.1793,684.4511,2142.2258,549.997,1181.1829,172.9496,359.75,362.3878,1315.7159,6738.4312,157.33,930.8527,332.6411,561.0436,2699.5967,189.2932,33603.0586,14736.4004
2021-03-23,2287.2258,726.9517,523.6684,343.46,501.4244,38.92,778.8468,698.8934,2127.7512,562.4174,1181.8293,170.0416,363.67,360.3995,1319.7567,6819.0884,158.35,942.1816,337.8075,558.0535,2710.7676,189.7727,34184.0,14814.75
2021-03-24,2318.7783,702.9208,513.1052,335.29,496.1189,38.88,774.7178,688.9468,2110.728,544.2903,1166.4917,165.2587,359.12,354.395,1286.677,6705.1724,156.09,924.0375,326.1605,555.6327,2692.2219,187.7174,33292.8633,14549.4004
2021-03-25,2279.5396,691.1788,498.6864,333.04,481.0548,38.89,759.9483,681.749,2036.4891,548.1747,1149.301,161.9298,351.5,350.508,1288.5096,6440.0942,153.86,898.8298,321.9458,546.5668,2643.7012,182.5335,33006.0664,14324.9004
2021-03-26,2377.2324,694.7611,504.6106,335.77,495.0293,38.79,761.1393,694.7704,2110.0903,554.8884,1151.3689,161.3941,355.51,352.1284,1314.0713,6437.8174,155.21,900.2742,323.7586,557.4363,2645.3835,184.4746,33317.8125,14507.2998
2021-03-30,2446.4104,691.9252,505.6329,339.73,494.0819,38.38,790.7178,723.8415,2183.6921,567.2609,1193.6772,164.1873,357.58,354.1565,1337.8004,6501.7256,158.42,915.9133,327.0215,567.4041,2724.5256,190.9602,33874.707,14845.0996
2021-03-31,2407.8354,694.0148,501.3784,334.93,490.1027,38.17,780.2761,695.8652,2213.5061,558.2932,1178.8134,167.2101,359.8,348.5396,1333.4304,6508.7485,157.16,904.088,330.1939,567.4991,2741.1736,189.1561,33303.5117,14690.7002
2021-04-01,2421.4536,709.4882,513.2852,341.52,493.4187,39.1,796.1174,692.6507,2184.0105,570.0902,1193.5909,168.3963,362.9,358.789,1357.5824,6570.1431,158.7,912.5508,335.9494,579.7927,2730.0894,190.1838,33857.6055,14867.3496
2021-04-05,2382.4519,681.8749,483.1384,328.97,500.477,39.33,820.6537,675.3431,2160.4326,547.8869,1214.8745,162.6568,359.95,349.7723,1319.24,6422.7295,156.96,899.3489,320.4503,577.9415,2793.8342,194.3172,32678.4707,14637.7998
2021-04-06,2478.2473,674.561,486.1175,326.75,504.2193,39.49,816.6042,670.9871,2192.3855,542.7557,1215.8654,162.7333,361.79,351.5817,1316.6084,6406.3604,157.39,895.6028,317.7311,589.001,2816.0891,195.0937,32500.9727,14683.5
2021-04-07,2494.3789,684.86,494.2956,331.62,513.1251,40.11,823.5915,674.2249,2189.6096,554.0253,1232.3665,163.6134,365.6,356.2938,1319.5688,6514.2515,158.82,903.9752,324.9823,589.5705,2821.8689,200.0492,32990.8164,14819.0498
2021-04-08,2515.303,678.2428,489.6614,330.0,514.4515,40.28,823.8299,667.5164,2193.8425,553.1141,1240.6814,163.1925,368.33,354.5541,1333.6653,6478.0518,158.87,905.1035,322.3083,583.1153,2861.5044,201.9218,32782.4688,14873.7998
2021-04-09,2496.4668,664.9089,474.3567,326.71,516.5832,40.45,830.1029,662.3683,2254.0164,543.0435,1241.7158,163.0777,369.62,357.7353,1319.5219,6478.2881,158.78,894.5872,319.9518,604.4748,2865.731,205.5757,32447.6738,14834.8496
2021-04-12,2469.3267,632.4694,439.1813,309.68,494.9819,40.49,801.5169,636.8846,2241.2715,516.5243,1228.5321,157.1086,353.62,346.4519,1264.1228,6187.4478,154.08,862.587,298.0627,587.9567,2800.4329,197.5829,30791.6426,14310.7998
2021-04-13,2439.436,657.7443,460.381,319.44,507.9616,40.51,780.8716,652.3984,2234.3525,537.6725,1203.8881,159.7105,356.42,353.0828,1290.953,6467.5659,155.5,871.9072,309.0753,595.5513,2677.5144,191.3484,31771.2305,14504.7998
2021-04-15,2455.5676,665.5556,453.7168,323.81,510.9935,40.72,787.621,666.2584,2240.0425,551.6754,1172.5232,158.18,357.73,352.5659,1291.8458,6304.7803,155.93,877.549,310.6161,601.1522,2776.626,196.7151,32112.4766,14581.4502
2021-04-16,2527.6868,665.9039,449.4623,322.39,512.3198,40.83,804.1772,665.5828,2238.4492,543.7628,1166.4917,159.1366,362.71,350.7466,1277.2794,6308.4341,156.42,872.0425,308.0782,613.3034,2756.0964,214.2993,31977.0781,14617.8496
2021-04-19,2440.5742,644.9576,436.1242,314.04,498.7716,41.53,789.765,658.0123,2218.1938,536.8573,1174.0742,157.3382,356.69,338.1511,1231.5129,6179.0503,154.09,858.3217,300.1474,608.1771,2727.3291,215.9207,31208.0371,14359.4502
2021-04-20,2423.2563,648.5399,449.175,313.09,502.3245,41.1,763.3229,648.2288,2182.5083,536.2338,1164.4233,155.7695,357.82,337.5446,1251.2949,6307.0581,153.29,858.0735,298.6519,612.4489,2712.4495,214.7103,31112.3379,14296.4004
2021-04-22,2383.0212,655.4556,456.4818,318.91,502.9403,41.48,763.7995,662.7177,2138.7664,555.5118,1164.2079,157.5678,358.28,345.1695,1256.2759,6310.3311,154.27,860.443,305.1325,607.5127,2690.2375,222.2693,31782.2305,14406.1504
2021-04-23,2389.3794,668.0433,454.447,318.1,495.1241,41.52,758.8368,658.8276,2100.8503,546.6401,1149.301,157.1469,359.16,344.8017,1243.213,6335.0034,153.86,859.5178,304.9512,605.6141,2682.2161,217.2681,31721.9316,14341.3496
2021-04-26,2427.2886,697.0,461.1403,323.9,499.8138,41.23,737.5163,654.4716,2149.0076,566.9251,1157.7025,157.1086,360.14,349.8618,1255.4302,6299.7036,155.17,874.6378,312.0663,602.5286,2674.7109,219.369,32274.7754,14485.0
2021-04-27,2442.8994,696.1044,473.6509,328.35,506.2089,41.08,737.5561,670.265,2166.4866,574.2622,1161.9677,157.1852,363.24,348.0028,1297.4845,6233.1382,156.83,897.5662,319.9971,606.848,2701.6243,221.5385,32734.9688,14653.0498
2021-04-28,2481.0466,704.6621,514.1372,338.39,515.6832,40.64,733.5461,688.0151,2190.7927,595.938,1168.4302,157.2617,364.59,360.1609,1293.0205,6237.9297,158.9,901.4702,329.3782,610.7877,2694.8096,223.4796,33722.4102,14864.5498
2021-04-29,2480.0029,715.8567,533.9933,337.79,512.4146,40.72,734.9602,686.0118,2191.7483,596.0338,1168.7318,156.3434,364.27,358.8785,1276.8096,6230.1963,159.1,913.5438,325.7526,611.832,2687.1758,223.7308,33714.1094,14894.9004
2021-04-30,2406.887,711.3788,530.7853,328.47,508.5301,40.59,726.3948,657.9657,2142.7263,575.9406,1167.0083,155.0424,364.34,347.7046,1259.7058,6125.8164,157.0,900.2065,320.4051,621.2776,2618.5137,225.0554,32781.418,14631.0996
2021-05-03,2450.3005,699.2886,540.4481,326.32,529.4682,40.69,733.4653,658.9673,2192.1123,572.344,1165.0267,153.7798,366.46,343.062,1261.6324,6260.7515,156.97,884.2064,317.7765,625.7869,2619.6777,222.589,32465.373,14634.1504
2021-05-04,2455.0457,696.9004,546.7374,324.05,523.4048,40.75,728.0109,646.8077,2191.7937,567.3567,1145.5096,152.7466,365.28,344.4936,1257.0275,6175.729,155.55,865.0467,318.5923,612.4489,2630.6763,220.1227,32269.9746,14496.5
2021-05-05,2436.5415,713.6675,536.9432,329.39,530.5104,40.53,734.8389,653.4467,2179.9592,578.1467,1155.936,154.1241,369.74,352.0688,1258.0144,6253.3975,156.81,866.6265,322.1271,648.7601,2670.3118,224.0734,32783.3164,14617.8496
2021-05-06,2418.8911,712.2246,538.2722,329.13,529.3735,40.82,740.1719,652.6547,2175.7261,583.3258,1173.2556,155.1572,372.79,355.5482,1259.189,6326.0361,157.54,871.5461,322.2631,644.963,2683.8975,233.9845,32827.418,14724.7998
2021-05-07,2421.3582,713.2196,534.8647,329.98,538.6109,41.24,740.4953,659.1071,2195.0256,582.2707,1165.4575,157.1469,373.81,353.9775,1261.8202,6360.5757,158.53,871.8846,324.7103,645.0104,2702.3999,235.3319,32904.1172,14823.1504
2021-05-10,2426.3877,711.7271,535.2247,332.38,542.4479,41.46,738.5155,661.4831,2214.7805,588.1693,1154.2556,157.3,378.15,359.7434,1310.97,6418.4116,159.69,869.3796,327.8373,662.81,2713.269,240.2189,33142.0117,14942.3496
2021-05-11,2425.7234,703.866,528.1371,329.3,538.5162,41.4,733.1421,653.8892,2186.7417,584.9082,1146.5869,156.1138,378.68,349.0268,1300.2567,6392.459,158.94,872.5165,330.5111,672.2083,2693.5156,236.7706,32871.8164,14850.75
2021-05-12,2425.6758,687.895,521.6823,325.51,532.2158,41.39,732.1724,652.0025,2120.1499,570.4259,1143.4417,155.5398,380.03,341.7498,1301.8542,6469.2256,157.69,863.4896,333.2755,667.2244,2663.3252,231.8379,32451.9238,14696.5
2021-05-14,2632.8293,681.6261,518.9515,322.99,530.9368,41.49,735.6065,646.1089,2163.7554,572.8715,1134.308,162.4272,374.84,339.3241,1330.2351,6392.2222,157.47,874.3896,326.7043,656.4022,2632.1855,227.6588,32169.1777,14677.7998
2021-05-17,2640.6577,705.7567,528.663,335.38,520.7519,41.83,745.1415,670.9871,2163.2092,598.0959,1145.5096,162.6951,377.68,346.7801,1303.217,6374.6201,159.52,884.7931,347.2338,652.3202,2647.9275,228.2753,33458.8594,14923.1504
2021-05-18,2677.7144,708.1448,553.8445,340.82,508.1512,42.09,752.7777,687.9684,2161.3884,607.3033,1154.6433,160.7437,382.76,348.9572,1331.9268,6463.1055,161.37,897.2502,346.4634,655.7851,2664.3606,232.0434,33922.0039,15108.0996
2021-05-19,2672.0676,713.2695,548.2415,338.14,500.4297,41.94,752.616,679.3497,2148.1885,599.8702,1152.0585,158.9836,387.1,344.076,1318.9111,6429.7046,160.67,901.3574,348.4121,667.7465,2658.4944,233.6876,33684.8086,15030.1504
2021-05-20,2651.4285,702.4232,544.1087,334.75,493.2766,42.13,746.9596,667.5164,2133.9871,593.3004,1154.0404,158.4096,386.28,339.6323,1324.8314,6393.5986,159.64,896.0992,348.5481,652.0353,2639.5181,232.1348,33334.1641,14906.0498
2021-05-21,2687.8677,727.3,548.2951,347.31,503.035,42.17,752.01,697.5657,2150.4646,616.1749,1167.1378,159.9784,386.52,349.4642,1332.6316,6466.4741,162.1,903.8397,363.6393,655.4054,2657.2007,234.1672,34606.4961,15175.2998
2021-05-24,2675.2468,737.4995,545.4863,350.8,499.1032,42.2,753.7474,703.459,2127.0679,620.8746,1161.5801,161.8533,391.09,349.3349,1356.3137,6520.5146,162.43,896.212,373.4735,655.9275,2658.0632,235.172,34943.1953,15197.7002
2021-05-25,2765.5854,727.9467,547.0197,348.59,498.4401,42.12,760.0501,689.0167,2133.896,623.7039,1173.2556,161.3941,389.66,348.0426,1363.5496,6558.6611,162.53,886.0568,373.7454,660.8165,2699.2363,236.3823,34661.5977,15208.4502
2021-05-26,2791.3972,731.4793,561.8668,348.9,498.1085,42.64,764.2518,688.1316,2142.9541,625.814,1203.9741,161.1646,389.5,346.0841,1384.1776,6674.9014,163.46,889.1711,374.833,668.1262,2737.8096,240.8127,34683.7969,15301.4502
2021-05-27,2798.7512,746.6542,553.2068,352.59,492.4713,42.39,761.5046,690.7406,2117.8281,625.5742,1208.2826,161.5854,391.54,353.3611,1393.5282,6612.8433,164.12,891.9018,385.3924,664.0441,2756.4458,247.0471,35094.6445,15337.8496
2021-05-28,2790.5427,736.2059,546.2505,353.6,496.0715,42.22,761.6258,700.4308,2113.5503,616.7505,1210.6953,162.9247,391.68,358.0335,1389.0643,6613.8872,165.02,945.4763,382.5373,635.8021,2724.8938,246.0423,35141.0391,15435.6504
2021-05-31,2825.4636,747.0024,547.9251,356.12,506.7774,42.59,763.767,706.2078,2130.2549,635.6447,1213.918,165.7561,393.59,359.4153,1379.2906,6724.2446,166.79,975.0394,384.6219,634.4256,2738.3726,246.2021,35526.2344,15582.7998
2021-06-01,2781.3374,741.4798,563.1957,355.47,504.8825,42.83,768.2112,704.2744,2146.8687,623.5121,1208.213,164.723,394.21,357.2879,1385.8221,6728.8477,166.88,978.9209,392.0542,637.0361,2733.042,247.9149,35336.7891,15574.8496
2021-06-02,2755.4321,733.3699,565.5177,355.63,501.6613,42.57,762.5953,700.6871,2147.3237,621.8337,1200.7662,159.9401,401.14,354.5243,1382.439,6817.6177,167.29,993.522,396.3142,643.1118,2712.6282,248.0062,35373.3398,15576.2002
2021-06-03,2785.4663,746.9528,574.5574,357.92,504.0772,42.51,759.1207,708.3974,2151.3748,623.6559,1210.3469,159.9784,405.67,360.7077,1419.8416,6841.1509,168.17,997.3132,402.1686,641.2606,2722.8574,246.2021,35648.5859,15690.3496
2021-06-04,2775.5498,738.3951,583.5094,354.71,504.693,42.12,756.7773,699.2662,2132.0752,616.4147,1206.863,159.7488,407.16,360.1112,1444.9332,6846.0854,168.15,988.67,396.6344,639.7892,2725.0237,247.1841,35291.2383,15670.25
2021-06-07,2783.3306,747.4005,557.8362,356.02,508.246,42.28,767.3224,698.7537,2129.572,621.6899,1210.3469,161.815,407.82,360.8469,1463.9635,6903.9209,168.63,1005.3245,395.3995,641.1183,2759.22,250.4041,35443.2383,15751.6504
2021-06-08,2776.8308,742.6739,560.3334,352.13,518.0518,42.41,781.5443,690.9269,2147.5061,616.127,1230.6407,163.4986,410.12,356.602,1455.8346,6961.8989,168.57,999.5473,390.78,644.3459,2773.9111,251.4774,35084.8945,15740.0996
2021-06-09,2793.2468,733.1212,552.4572,349.43,511.6092,42.5,784.8572,689.6457,2144.7751,610.0847,1232.6875,162.6186,405.91,354.4845,1427.7827,6869.1436,167.59,981.6741,385.5202,638.7449,2773.9993,248.5543,34800.0938,15635.3496
2021-06-10,2813.7986,740.5842,592.5589,352.63,516.4885,42.35,782.6349,689.9951,2165.5305,614.2089,1240.5261,164.8008,410.87,357.7949,1428.1586,6832.0405,168.6,985.285,395.3995,641.7827,2788.3447,253.1445,35130.7891,15737.75
2021-06-11,2819.186,734.8128,595.8301,351.59,512.4146,42.63,794.594,692.4642,2154.3333,609.7011,1260.2102,163.6984,410.57,356.761,1412.8875,6854.7192,169.33,1002.3752,392.9754,646.7666,2837.7522,253.1673,35046.9922,15799.3496
2021-06-14,2813.1304,732.6237,603.0491,350.78,510.9935,42.03,795.281,689.2497,2168.179,609.1736,1273.1876,163.226,409.77,351.532,1424.4464,6811.1182,169.56,1016.7554,393.6615,642.7795,2839.9629,256.5015,34950.1953,15811.8496
2021-06-15,2901.1509,747.2015,599.8364,353.59,513.9778,42.05,796.291,694.2812,2193.2566,618.9084,1283.7264,163.0291,410.84,352.0986,1419.7948,6800.1099,170.27,1019.0652,392.8839,639.0772,2828.1741,254.8115,35247.3398,15869.25
2021-06-16,2878.7407,746.1069,592.0916,351.31,508.5301,42.09,791.4023,691.649,2207.8821,613.9211,1289.5619,163.6591,407.46,350.0507,1401.0934,6750.7676,169.69,1001.6732,389.6366,634.6629,2838.2288,253.6012,35003.0938,15767.5498
2021-06-17,2918.4119,734.962,589.0394,347.23,500.856,41.35,797.0585,683.0302,2216.8682,607.1115,1302.3651,161.9268,402.85,351.1343,1397.9451,6613.27,168.79,1003.5075,384.4225,631.3402,2875.8484,255.1769,34604.9961,15691.4004
2021-06-18,2905.9192,732.6733,592.6221,347.08,510.4249,40.96,788.0488,689.4127,2276.6523,604.6179,1309.3329,161.0607,401.22,350.0209,1387.0908,6603.7817,168.67,1008.0367,377.6991,634.6155,2858.1221,251.112,34557.5977,15683.3496
2021-06-21,2926.2793,735.9074,595.4406,350.13,511.2303,40.95,793.5032,693.559,2305.49,605.4331,1306.7201,160.9819,403.34,352.3272,1378.6801,6547.3687,169.07,1013.2905,383.9651,637.3209,2837.1453,247.618,34870.8945,15746.5
2021-06-22,2871.2073,735.7084,585.7827,349.04,508.1985,40.93,791.9678,691.2762,2283.3918,605.0494,1316.7797,161.4937,407.23,349.3548,1408.8933,6894.1948,169.41,1008.082,382.9589,633.0015,2861.5022,254.195,34744.5977,15772.75
2021-06-23,2848.8442,728.7429,585.6658,347.84,505.9721,41.0,786.1499,692.0683,2274.4514,599.151,1309.2023,160.5882,402.86,345.2988,1390.145,7052.9473,168.68,998.8426,383.1418,631.5302,2827.0037,246.7045,34573.5977,15686.9502
2021-06-24,2902.1526,735.5094,588.3919,350.42,500.9507,40.9,799.7252,701.7354,2283.2998,608.1185,1358.0204,160.037,401.57,345.5374,1413.4514,7142.8564,169.68,975.3587,381.6325,631.103,2924.26,250.7695,34826.5938,15790.4502
2021-06-25,2864.6267,757.6,591.527,354.99,506.9669,40.95,804.533,705.8583,2245.2471,622.4571,1371.0847,161.4543,403.96,344.9608,1432.0586,7258.1953,170.4,953.1431,392.2436,638.1755,2930.501,250.0615,35364.2383,15860.3496
2021-06-28,2844.6479,758.6448,587.7543,355.24,503.2719,40.82,796.1696,702.7137,2255.8379,623.7039,1368.9946,160.3126,403.91,344.5731,1423.2247,7208.1406,169.85,944.7867,390.3684,642.02,2892.3181,250.0158,35359.0391,15814.7002
2021-06-29,2862.3379,748.2463,589.2487,352.73,497.3505,40.73,794.7961,702.8073,2285.5005,613.9211,1361.3738,160.0764,405.16,339.1651,1419.8888,7104.9468,169.33,945.6021,385.5659,643.2542,2895.8718,247.8235,35009.8945,15748.4502
2021-06-30,2853.946,744.6143,585.6904,350.29,498.0137,40.52,794.7152,700.8655,2266.0159,605.0974,1376.8335,159.604,403.46,339.1651,1410.1621,7131.895,169.13,955.9512,383.462,641.2131,2900.1189,249.2166,34771.7969,15721.5
2021-07-01,2881.5061,742.7734,580.9489,349.66,495.1714,40.91,796.3314,695.6484,2272.1592,605.0494,1359.0654,159.8402,403.25,341.203,1402.4091,7196.8965,168.92,950.1992,384.5597,649.4722,2896.4348,246.3392,34683.5977,15680.0
2021-07-02,2865.6763,746.9528,583.9281,350.53,497.3979,41.15,795.6446,692.6773,2280.6868,614.0649,1365.5107,159.3678,403.63,341.0141,1396.1595,7186.8853,169.34,964.2849,388.2187,646.7192,2882.5229,245.9966,34809.4922,15722.2002
2021-07-05,2875.0217,756.6049,591.2251,353.9,496.4031,41.2,791.6851,699.7192,2291.4607,621.3541,1375.2219,160.352,405.01,344.1854,1417.1163,7211.1772,170.13,973.8641,395.7654,645.7225,2878.6655,244.9689,35211.5898,15834.3496
2021-07-06,2863.2917,754.6148,603.8524,357.43,498.4401,41.61,785.4632,718.0841,2267.116,623.7039,1360.6332,159.4465,405.86,349.0069,1414.8138,7130.9941,170.17,962.36,393.1126,639.1248,2827.7839,243.2562,35578.7344,15818.25
2021-07-07,2899.1487,759.1424,603.4824,359.2,501.7561,41.72,788.1296,720.3301,2275.5061,627.2527,1362.7235,160.4308,406.72,350.2893,1425.1041,7068.7935,170.46,955.6794,395.9483,645.6274,2838.7493,243.0507,35770.8867,15879.6504
2021-07-08,2887.8955,750.6843,596.5784,355.2,497.6821,41.74,789.3013,711.4166,2244.239,615.6475,1359.3702,159.0528,406.55,344.424,1410.303,7023.0562,169.47,947.7761,388.2645,633.0966,2824.4902,242.5254,35273.6914,15727.9004
2021-07-09,2871.0164,743.669,598.3677,353.5,508.0564,41.58,789.3417,702.7839,2247.8147,612.4344,1361.2428,158.541,408.04,341.9884,1409.2693,7046.3052,169.07,938.0836,387.6241,634.0459,2780.8457,240.1504,35071.543,15689.7998
2021-07-12,2860.3352,749.8882,599.6744,354.18,501.8034,41.5,791.4427,695.7654,2241.1208,619.8196,1348.1346,158.3442,408.46,344.3544,1410.35,7088.436,169.04,943.9262,391.0087,634.6629,2767.8013,240.1732,35198.4883,15692.5996
2021-07-13,2855.043,766.9537,600.1377,358.38,502.1824,41.52,782.1501,702.7137,2234.2896,637.7548,1345.609,158.9347,407.09,347.3765,1422.426,7050.7163,170.17,950.9918,392.5181,648.3804,2762.9907,239.7165,35672.9844,15812.3496
2021-07-14,2862.7671,766.2571,598.1483,358.57,502.1824,41.64,799.5232,701.4504,2214.2551,637.1793,1373.4365,160.7064,407.01,347.5753,1451.6527,6952.4102,170.6,944.7867,394.3018,651.181,2786.3938,256.5471,35667.8359,15853.9502
2021-07-15,2845.2683,770.337,597.7387,361.29,497.8242,41.98,840.1682,711.5336,2211.9624,640.1526,1376.8335,162.3992,408.4,347.9531,1512.4083,6933.6689,171.28,943.1337,394.8964,648.3804,2782.3975,263.0327,35907.2305,15924.2002
2021-07-16,2850.7039,767.3517,597.3243,360.06,512.6987,41.85,812.0884,712.3056,2216.5933,633.295,1354.7542,163.6984,409.76,347.8438,1521.2422,6930.395,171.41,956.7438,393.3413,653.6967,2775.3179,263.8777,35751.3867,15923.4004
2021-07-19,2843.6948,751.4803,586.5928,353.8,510.1407,41.62,808.2098,688.2791,2208.5698,629.0749,1342.7782,163.5803,408.03,342.5351,1512.6432,6799.4453,169.77,950.652,391.4203,654.3136,2766.4568,262.0735,35078.793,15752.4004
2021-07-20,3012.5837,742.0768,579.4207,347.13,498.1085,41.69,789.6247,675.248,2232.6396,615.6475,1350.0511,162.8323,405.31,338.5288,1494.5527,6863.165,168.54,948.3195,385.0171,642.1625,2784.8738,259.4702,34415.0508,15632.0996
2021-07-22,2962.7083,743.072,604.1601,349.43,517.957,41.3,790.7559,677.8448,2180.6033,629.1229,1385.0205,162.9898,409.74,339.4335,1543.2325,6926.6001,170.36,960.503,386.0691,652.4625,2794.0386,266.8236,34676.8984,15824.0498
2021-07-23,2940.7744,751.6793,602.7316,352.31,519.4729,41.36,803.1998,675.061,2162.2192,648.9763,1385.2384,167.2417,410.01,342.5649,1514.6638,6921.1909,170.57,953.7094,392.3351,658.823,2790.9983,273.6518,35033.9922,15856.0498
2021-07-26,2919.2698,752.5749,600.9324,351.52,515.4464,41.4,808.2903,671.2242,2153.5996,649.0721,1396.9528,166.2574,412.14,346.0742,1501.3662,6866.1064,170.28,940.6426,387.2125,667.7465,2777.7073,269.6783,34949.293,15824.4502
2021-07-27,2888.2295,728.0961,607.6609,350.06,512.1304,41.35,806.4207,673.6571,2147.8232,649.7435,1395.7771,164.289,409.71,337.5944,1511.3746,6870.3296,169.68,930.7463,393.2956,653.4119,2765.0244,270.135,34797.043,15746.4502
2021-07-28,2864.8179,719.3395,610.64,348.26,538.0424,41.37,799.1857,663.1528,2165.2449,657.0327,1398.4335,164.6433,411.14,328.6274,1515.1285,6798.9712,169.34,922.7523,389.2249,652.9372,2777.9238,270.3633,34532.4961,15709.4004
2021-07-29,2858.4758,713.7172,624.1069,349.21,537.3318,41.68,819.1024,663.5974,2140.8086,661.3132,1408.3627,162.2417,410.78,326.4005,1516.8394,6636.1865,169.95,929.9537,403.9066,667.3667,2776.1863,269.6783,34691.0977,15778.4502
2021-07-30,2821.2839,705.4084,607.3342,348.29,532.121,41.92,833.2066,667.4341,2139.479,656.5036,1402.7012,161.3756,413.46,329.015,1522.019,6621.1943,169.69,921.8239,394.9879,734.7205,2751.5591,268.1711,34583.9492,15763.0498
2021-08-02,2836.1611,717.598,604.6428,349.3,535.437,41.53,841.7018,665.6561,2139.0205,655.4456,1421.0353,163.226,416.48,331.063,1533.8989,6715.373,171.0,938.6724,397.8236,735.7173,2796.6877,270.5004,34709.5977,15885.1504
2021-08-03,2886.6553,734.962,617.4564,353.94,549.6957,41.48,844.994,671.2943,2188.5806,664.1028,1441.6335,165.2732,418.2,335.1488,1553.2871,6831.5669,173.27,945.5793,408.4346,754.5136,2853.5872,273.766,35207.0391,16130.75
2021-08-04,2878.6453,750.0872,620.1137,362.16,544.2007,41.53,845.4004,685.612,2179.6406,687.4291,1436.4513,164.2496,415.86,347.9332,1542.6902,6739.9966,174.67,952.826,417.9938,745.9224,2844.0754,272.5785,36027.6328,16258.7998
2021-08-05,2849.8452,745.6093,609.2991,361.08,567.223,41.56,862.6346,694.7594,2161.8521,675.6938,1440.1965,169.4857,416.09,352.2676,1546.6819,6711.0142,175.13,966.64,404.181,746.3021,2852.7622,274.451,35834.332,16294.5996
2021-08-06,2828.9133,737.201,606.9637,361.25,575.9394,41.3,853.5297,698.4091,2174.5059,671.0767,1437.2789,168.6983,417.23,353.3512,1530.4775,6780.9644,174.85,946.1682,398.5096,745.4003,2875.2183,273.1266,35808.832,16238.2002
2021-08-09,2853.803,751.7788,603.9261,362.01,567.7441,40.36,854.0175,703.6729,2186.4258,676.0786,1448.6886,168.344,415.48,354.0869,1518.2174,6762.7725,175.41,940.7784,396.4515,748.8177,2886.4248,272.5785,36028.5312,16258.25
2021-08-10,2839.1174,757.799,601.6783,362.56,589.4875,40.22,864.7076,705.4276,2183.9504,674.2028,1460.8386,165.2338,412.56,360.5188,1509.6638,6686.5674,175.63,945.7152,390.094,753.1371,2896.1536,275.7984,36033.6836,16280.0996
2021-08-11,2834.7783,757.0527,601.4542,360.55,588.2086,40.26,867.3494,699.4852,2191.8818,667.1328,1461.1001,164.289,410.3,354.203,1504.7693,6705.2363,175.37,958.9631,391.5576,740.0367,2905.1018,274.6109,35805.9805,16282.25
2021-08-12,2837.5439,753.6197,604.5452,361.93,590.3876,40.56,891.3713,702.5031,2193.5781,674.6356,1471.5951,164.4858,413.47,355.6154,1542.9276,6696.1646,176.17,955.8833,390.7343,739.1823,2911.6609,276.7119,35936.6328,16364.4004
2021-08-13,2850.1318,756.1572,600.3571,363.78,603.5568,40.5,910.0281,714.1071,2204.7644,677.9543,1491.2791,166.4937,413.6,355.675,1585.6483,6686.8062,177.94,971.8033,394.439,738.8499,3008.6501,281.1194,36168.9297,16529.0996
2021-08-16,2833.6335,758.2468,621.8689,363.13,600.7145,40.78,913.4421,716.1658,2224.8455,675.8862,1484.4857,166.0606,414.36,354.5511,1573.9584,6519.3535,178.6,984.4171,388.6304,741.2233,3016.9463,280.4571,36094.082,16563.0508
2021-08-17,2875.498,753.0226,625.082,361.36,593.4194,41.18,929.1316,708.7028,2277.4775,674.4914,1516.9293,164.722,415.9,355.7447,1557.469,6575.2661,178.91,980.2275,385.5659,744.4034,3086.5293,289.98,35867.0312,16614.5996
2021-08-18,2862.386,750.6843,638.149,358.57,590.1981,41.03,922.0591,707.9308,2279.5403,662.0828,1509.787,164.5252,418.32,348.0563,1551.8616,6532.0073,178.76,984.0322,383.9194,743.2169,3093.0442,287.468,35554.0859,16568.8496
2021-08-20,2968.6211,736.6039,649.5583,352.95,581.4344,40.97,908.3207,708.7496,2401.8137,654.7722,1509.3518,164.4858,413.03,338.8759,1514.5583,6542.3208,177.32,972.9809,372.0277,722.5692,3092.1323,283.1975,35033.4453,16450.5
2021-08-23,2934.7668,732.4744,658.4419,354.05,589.9139,41.01,945.5121,713.3583,2415.3384,656.696,1514.4036,162.4386,411.24,341.5216,1502.3457,6518.4468,178.1,979.3671,374.589,722.7596,3159.804,287.2168,35123.9883,16496.4492
2021-08-24,2904.7271,742.6739,680.6656,359.54,587.4979,41.18,937.2202,729.3839,2414.2837,667.9985,1498.813,162.0055,414.51,339.1445,1526.1533,6496.7695,179.46,989.0369,381.9985,734.1814,3138.7812,289.3634,35711.6875,16624.5996
2021-08-25,2897.1936,735.4099,677.238,358.55,580.2502,41.04,938.3991,728.7054,2425.2871,664.728,1511.6163,162.5173,414.99,337.6128,1514.7485,6409.1519,179.47,997.5969,380.7635,731.9922,3178.5684,288.4956,35585.8359,16634.6504
2021-08-26,2898.7192,742.6739,675.9703,359.43,556.0435,40.8,949.0483,727.4889,2444.9092,672.1828,1504.7792,161.1,417.73,337.6725,1516.6017,6310.9346,179.52,1010.2108,375.7325,723.9018,3189.7312,287.2624,35617.1367,16636.9004
2021-08-27,2896.0015,748.6942,679.3492,359.97,563.8597,40.86,945.39,724.5178,2455.4998,673.0966,1488.3179,162.1236,422.04,340.8652,1556.8513,6326.4521,180.24,1008.8293,377.2875,734.6097,3231.6885,290.0029,35627.3867,16705.1992
2021-08-30,2964.6157,780.1882,698.7449,366.45,587.8295,41.01,945.756,733.7822,2464.4399,686.4672,1478.9551,163.7772,428.2,345.3012,1577.76,6490.7524,182.57,1028.2369,386.6637,749.2676,3215.3142,288.861,36347.2266,16931.0508
2021-08-31,3052.9224,782.6262,733.753,367.16,629.1373,40.83,961.1201,739.935,2497.8164,691.6615,1486.2709,166.3755,433.88,348.8519,1589.2599,6537.7368,184.55,1022.7565,389.728,755.7875,3289.2834,292.7432,36424.1797,17132.1992
2021-09-01,3149.6211,794.9651,733.2751,369.47,631.3637,40.83,946.7721,738.8589,2505.8848,692.4791,1461.274,164.9582,438.14,347.4496,1602.7555,6479.293,184.31,1026.8103,393.2498,750.5049,3227.1711,293.2457,36573.875,17076.25
2021-09-02,3148.5249,798.7463,731.2126,371.29,631.4585,40.92,953.3569,743.4911,2568.3743,697.5291,1471.1598,165.1551,438.75,353.3675,1602.5654,6486.9326,185.96,1039.1748,393.1126,751.8851,3332.979,297.5389,36830.8711,17234.1504
2021-09-03,3183.9995,794.0694,733.6458,370.95,623.8317,40.92,954.9828,737.4319,2536.8779,696.7115,1481.2196,165.8244,445.58,356.4409,1607.6025,6553.9712,186.91,1081.7944,394.6219,751.3616,3337.5835,299.206,36760.7227,17323.5996
2021-09-06,3161.8274,796.8557,731.9831,369.43,620.1841,41.21,975.6309,732.589,2549.623,693.6815,1507.1309,164.8008,445.33,352.9995,1610.1686,6538.5015,187.55,1098.5978,394.3018,746.4598,3346.2268,313.5246,36591.9258,17377.8008
2021-09-07,3181.5681,783.9695,727.1998,367.48,635.2955,41.06,961.0391,734.2501,2546.9636,689.5934,1486.4452,166.7299,443.55,351.07,1598.2886,6567.3882,187.17,1105.5273,392.5181,732.8013,3314.8665,307.9525,36468.375,17362.0996
2021-09-08,3181.9016,790.7857,727.7752,370.24,632.7374,40.88,966.4042,737.5956,2568.2366,693.4891,1474.7742,166.3362,444.72,361.1156,1583.8901,6475.8076,187.14,1101.2019,394.5762,739.9875,3278.5984,302.4489,36767.7734,17353.5
2021-09-09,3191.1997,786.2582,724.6012,368.96,650.0754,40.79,974.3302,733.9459,2577.1765,692.8157,1473.337,167.4385,447.57,361.6129,1587.2166,6495.8618,187.42,1098.5978,395.4453,738.8929,3293.5833,302.5174,36682.7734,17369.25
2021-09-13,3210.9399,784.467,726.0541,367.25,656.8494,40.72,982.3376,727.8398,2554.895,680.4553,1473.5984,168.6196,449.39,366.029,1588.7845,6564.0942,187.11,1074.1174,395.9483,742.7001,3340.4497,306.3539,36471.375,17355.3008
2021-09-14,3206.6003,790.4872,723.3237,368.41,657.7021,40.73,1006.9285,724.5646,2533.0728,680.5033,1468.5906,170.155,450.74,371.5392,1612.307,6583.9092,187.54,1072.7134,396.0856,743.7472,3375.6748,307.5871,36612.625,17380.0
2021-09-15,3196.8735,787.502,722.9921,370.96,687.3565,40.96,1035.0557,723.7458,2544.9009,687.1404,1490.626,170.0763,451.83,372.3249,1631.8379,6597.8037,189.01,1077.1748,406.0106,743.0331,3435.3113,307.8611,36851.8203,17519.4492
2021-09-16,3187.1467,798.6468,722.7336,378.91,680.8192,40.52,1026.8044,729.8986,2538.2988,699.501,1482.6129,181.6903,455.26,379.3071,1635.877,6618.7651,190.22,1099.7753,424.1683,743.414,3390.7913,305.0294,37668.1641,17629.5
2021-09-17,3149.9072,803.3734,724.4207,379.57,689.8672,40.2,1026.9669,740.286,2496.1199,692.7196,1473.0759,182.0052,452.75,399.4283,1631.0775,6698.5044,189.82,1082.7229,415.3867,732.8013,3325.248,303.8419,37811.5078,17585.1504
2021-09-20,3119.8677,791.9301,725.7518,374.07,686.8354,40.17,1037.4132,729.8517,2567.7324,682.9563,1470.0708,184.0525,444.26,398.1352,1619.8152,6637.3394,187.86,1084.4438,400.1562,720.047,3321.4692,302.5859,37145.2656,17396.9004
2021-09-21,3155.772,791.4326,761.9689,374.98,688.446,40.23,1056.3948,726.1554,2578.8274,684.7357,1496.7228,190.1548,448.01,400.025,1635.5442,6471.749,189.66,1089.1316,401.3911,727.6615,3355.7393,304.9152,37235.418,17562.0
2021-09-22,3163.6873,784.467,759.9991,372.75,688.5408,40.6,1069.4017,717.6162,2553.199,676.5595,1495.3727,191.7295,450.22,394.9724,1626.0403,6523.3164,189.69,1100.817,401.4368,732.9916,3355.0442,305.1664,36944.2188,17546.6504
2021-09-23,3166.6909,808.1499,770.2772,379.96,688.5881,40.34,1079.8071,734.601,2551.1816,689.6896,1517.7133,190.9421,453.2,402.6209,1681.9238,6538.3096,192.29,1127.7203,411.4533,732.7537,3361.2119,307.9753,37771.2617,17822.9492
2021-09-24,3288.7087,794.1193,759.9747,380.54,700.5258,40.05,1104.1136,749.3632,2518.4932,695.413,1536.2649,187.7532,451.34,403.4365,1681.0211,6639.106,192.63,1124.4594,403.1748,733.3247,3362.9922,308.9801,37829.8594,17853.1992
2021-09-27,3271.5911,793.0247,760.1747,383.83,697.4142,40.01,1052.8993,760.3823,2484.4292,702.1945,1499.0742,187.95,449.26,404.4809,1653.3168,7069.9829,192.79,1143.3685,408.5261,726.2814,3333.1528,298.658,38170.8047,17855.0996
2021-09-28,3223.0032,785.3129,735.5863,382.85,671.9327,39.94,1031.6006,755.6797,2497.5872,689.8339,1469.4176,187.202,447.44,411.4134,1650.9883,7089.4639,191.44,1154.0575,406.9711,737.7508,3282.9417,292.1267,37944.5586,17748.5996
2021-09-29,3168.98,778.2975,732.8655,381.1,669.954,40.02,1041.5184,745.7604,2462.2395,682.4753,1473.9033,187.4776,444.74,403.904,1635.6394,7051.4565,191.15,1144.9087,420.7837,772.2063,3294.0178,292.6519,37742.5625,17711.3008
2021-09-30,3094.2148,762.7744,747.756,377.46,664.3557,39.72,1040.1774,746.275,2477.3691,674.1547,1459.0531,185.9422,444.29,398.9409,1618.4847,7007.5283,190.11,1141.0133,414.3805,778.8214,3279.8145,289.6147,37424.668,17618.1504
2021-10-01,3030.512,764.3665,733.5823,375.26,652.3871,40.21,1035.4622,740.5432,2479.4319,665.9785,1450.2998,185.3123,443.55,396.5637,1612.7347,6839.6938,189.22,1143.0291,413.1456,786.7691,3240.4192,290.5966,37225.4648,17532.0508
2021-10-04,3053.1614,775.1631,750.3841,379.12,657.6957,40.24,1039.4458,741.9704,2463.0645,673.5295,1462.1451,186.2965,449.68,396.0465,1630.1747,6847.3345,191.03,1157.7262,423.6652,791.9089,3277.8601,292.7889,37579.2109,17691.25
2021-10-05,3103.8464,778.7454,753.2267,380.53,674.9248,40.35,1060.988,746.509,2483.6499,670.5476,1474.3823,184.8005,453.59,394.3358,1631.5526,6931.3228,192.2,1181.7533,425.0831,780.963,3329.9822,295.438,37740.5625,17822.3008
2021-10-06,3063.3171,775.1134,754.2945,377.58,667.3479,40.45,1036.844,755.6097,2462.9272,663.2371,1457.6161,182.084,449.97,389.0444,1610.9766,6874.9805,190.19,1159.402,418.2224,762.0219,3310.5227,290.3683,37521.1133,17646.0
2021-10-07,3138.2725,773.2723,755.5377,380.04,668.4097,40.55,1061.9227,753.5509,2447.6606,675.4533,1472.8145,183.4225,454.31,388.388,1627.5134,7155.0215,191.82,1165.0861,418.8627,783.5806,3381.7559,293.6567,37752.7617,17790.3496
2021-10-08,3153.5784,778.0986,754.0067,380.25,671.3052,40.54,1074.8076,749.8779,2420.7478,676.6077,1501.4258,182.4383,453.08,385.1853,1641.2468,7095.3369,192.58,1209.8569,418.9542,781.8196,3418.8928,301.9693,37774.8125,17895.1992
2021-10-11,3152.7678,783.2729,762.2859,384.82,666.817,40.7,1059.1589,764.453,2425.3787,686.1305,1472.7709,187.4382,454.76,392.9532,1631.7428,7353.9395,193.09,1201.4326,429.2451,792.4323,3201.6753,298.1555,38293.3555,17945.9492
2021-10-12,3169.1707,793.2237,766.0548,387.25,662.4736,40.84,1016.4397,762.4877,2453.8494,681.6094,1467.7194,189.9972,457.96,396.8721,1632.9781,7347.2544,193.66,1208.2944,441.8229,789.7197,3173.2253,301.033,38521.0508,17991.9492
2021-10-13,3169.4084,790.6862,773.2271,388.18,665.9,40.92,1028.6335,767.0732,2426.8914,682.9082,1488.6663,196.2177,462.96,399.7068,1665.1493,7145.1377,195.56,1220.5911,440.6338,801.9504,3175.2676,307.1988,38635.3008,18161.75
2021-10-14,3144.9009,798.0995,766.752,395.99,661.9427,41.52,1017.0903,789.5323,2429.4592,699.5972,1494.3712,202.0049,466.86,401.3876,1700.5519,7159.2231,197.11,1223.0593,448.775,800.7607,3143.281,323.4814,39340.4414,18338.5508
2021-10-18,3091.2109,809.2941,767.0106,400.39,656.9235,40.98,992.9057,781.5313,2433.5396,717.0559,1560.9135,206.7293,468.13,400.1543,1699.7439,7312.1123,198.91,1226.3206,455.4984,795.621,3174.3528,324.1665,39684.3398,18477.0508
2021-10-19,3036.1382,797.7015,754.6992,399.08,657.4062,41.2,1001.6035,790.1406,2335.2444,718.9797,1587.0426,193.6586,463.27,404.8788,1754.4871,7310.8232,198.41,1237.3038,446.5796,787.4829,3163.0381,324.9886,39540.0391,18418.75
2021-10-20,3022.6445,800.836,756.8494,398.62,683.8047,41.06,1002.2541,783.1923,2272.7549,717.4406,1569.7974,194.1704,453.34,400.9202,1717.0887,7248.8462,197.3,1223.0593,457.2821,775.6329,3141.0181,320.604,39517.7383,18266.5996
2021-10-21,2862.8149,803.8213,754.5042,403.6,671.8361,41.17,992.2554,784.3387,2242.5884,726.7231,1527.3809,192.6744,450.88,426.442,1716.1858,7234.0444,196.08,1187.7772,460.0721,778.9643,3074.5662,318.0234,40029.7344,18178.0996
2021-10-22,2844.1235,812.6774,751.8616,406.14,670.34,41.29,978.5685,786.4207,2250.2446,730.3784,1497.8986,186.2965,444.26,431.9422,1703.3553,7075.1875,195.68,1189.9965,460.0721,773.3961,3045.2778,311.6748,40323.1797,18114.9004
2021-10-25,2782.7571,840.9375,745.6644,414.63,667.0583,41.58,955.129,775.3081,2251.8491,809.6397,1487.229,183.7769,440.17,428.5805,1695.6573,6933.5669,195.71,1178.4017,463.3195,774.0148,3040.1423,304.9609,41191.918,18125.4004
2021-10-26,2832.1082,837.7533,766.045,413.72,671.9809,41.66,956.2763,773.3196,2248.1589,797.8083,1497.0264,186.3753,445.46,439.8097,1707.1571,6968.6621,197.13,1205.2372,468.8537,774.3004,3031.1345,305.1664,41237.8203,18268.4004
2021-10-27,2951.1692,783.6212,729.6232,411.67,677.917,41.33,964.7588,768.6641,2211.0256,803.195,1519.2133,187.7532,447.72,435.2941,1696.0375,7024.9092,196.54,1189.9965,474.891,785.3414,3037.3577,306.5138,40873.875,18210.9492
2021-10-28,2975.3245,754.6148,729.828,398.0,665.7553,41.57,944.1464,745.6434,2204.6138,768.2776,1497.2024,177.2415,441.56,417.4408,1724.2643,7037.7524,193.68,1176.9526,458.6085,768.6846,2978.0859,300.0282,39508.4883,17857.25
2021-10-29,2959.8574,738.3454,721.6318,394.62,661.5083,41.5,937.3852,740.6135,2207.842,771.5,1465.4376,175.7455,440.75,404.0433,1679.0251,7145.377,191.16,1148.7131,459.3404,756.6918,2957.2837,295.3924,39115.1484,17671.6504
2021-11-01,2980.5759,748.6443,722.9727,400.98,687.7139,41.28,974.6344,751.1178,2220.7126,773.2795,1493.8193,178.6194,445.76,413.0644,1706.3016,7272.5293,193.84,1149.4152,471.7352,772.6822,3025.7383,299.3659,39763.2891,17929.6504
2021-11-02,2962.9604,752.1271,727.0098,402.5,689.1135,41.45,959.4314,751.7962,2231.5986,770.442,1491.9303,177.6352,447.05,413.0943,1725.5948,7440.793,193.1,1132.6571,477.2237,776.1088,3032.5271,298.6123,39937.9844,17888.9492
2021-11-03,3027.2161,746.903,732.9484,395.95,674.78,41.1,964.1031,739.9584,2224.6333,756.0134,1495.9722,175.155,448.25,405.3164,1795.782,7385.8828,192.58,1124.8669,482.6664,749.9816,3039.5337,298.0185,39401.5938,17829.1992
2021-11-04,3016.3318,749.2414,733.8114,397.69,676.7103,41.36,969.6353,745.8072,2235.2429,752.3099,1501.4202,178.3833,452.12,409.1854,1814.2671,7398.4404,193.59,1131.7739,485.2277,757.1201,3053.8074,298.5666,39573.2383,17916.8008
2021-11-08,2996.0432,747.3507,748.2973,397.48,684.3356,41.5,969.4307,748.7549,2243.5923,750.4342,1526.7264,180.9423,456.9,421.4888,1829.0935,7338.4692,195.37,1133.1781,478.6414,761.4509,3048.6714,300.6904,39437.793,18068.5508
2021-11-09,3002.8696,741.3803,738.9213,396.21,688.3895,41.67,961.1937,735.6538,2242.9004,756.5905,1531.1198,180.1155,459.53,417.1822,1847.1986,7236.2407,194.88,1142.1232,484.0385,762.7358,3051.2395,300.7361,39368.3438,18044.25
2021-11-10,2967.687,745.6591,739.3064,392.2,709.8655,41.79,958.2023,727.6995,2214.3005,751.1557,1529.0548,181.769,460.65,412.9749,1853.4238,7173.3091,194.66,1154.8954,479.6935,772.0159,3032.614,298.0642,39022.7969,18017.1992
2021-11-11,2924.9133,734.4148,726.7513,388.61,703.2538,42.7,951.2767,724.4476,2192.2048,742.0656,1523.0358,181.0997,458.82,408.6086,1835.8888,7117.7314,193.25,1157.0015,466.1552,756.549,3036.0085,293.1315,38559.75,17873.5996
2021-11-12,2981.626,732.4246,739.0771,390.09,717.6354,42.45,960.8249,726.6467,2218.7288,747.0193,1564.2466,183.3832,463.63,412.7064,1862.7374,7142.9414,195.46,1174.4613,467.756,767.6376,3068.9517,301.4669,38732.9023,18102.75
2021-11-15,3025.3542,729.6384,734.7037,389.79,711.8925,42.65,959.5955,728.6353,2236.9958,743.8452,1570.3531,187.4776,465.75,417.202,1850.4774,7165.1445,195.52,1167.5319,463.3652,771.6353,3092.6692,300.9416,38701.9023,18109.4492
2021-11-16,3009.1235,722.5734,736.7954,385.59,704.8947,42.8,953.4897,724.3073,2220.2974,734.9474,1574.8785,185.391,464.81,414.3276,1858.3184,7687.7451,194.47,1140.4022,452.8914,759.9755,3095.3667,302.1063,38306.6562,17999.1992
2021-11-17,3084.1199,708.8414,741.8613,383.83,695.0012,42.54,944.5152,716.2593,2205.9976,732.3022,1570.6168,188.5799,464.27,408.4096,1856.0374,7902.0366,193.53,1115.9899,455.6813,753.2176,3065.3398,302.2661,38041.1094,17898.6504
2021-11-18,3080.8738,702.8709,729.8962,382.82,689.4995,42.61,918.084,720.2833,2213.6084,733.8413,1563.5436,187.0052,457.67,402.7105,1802.9098,7751.5356,192.14,1120.2019,460.8496,752.5515,3025.1284,297.5389,37975.8086,17764.8008
2021-11-22,3113.7175,683.0192,688.2913,374.57,716.2841,42.23,909.8064,709.0302,2203.5989,723.3564,1545.9697,181.8084,449.14,388.9848,1772.022,7510.1704,188.53,1070.5848,444.9331,733.6103,3010.071,294.1591,37128.3711,17416.5508
2021-11-23,3041.4419,682.2729,693.7523,374.92,732.4998,41.34,911.8553,709.124,2208.8115,723.2122,1526.1991,182.3596,455.67,394.4452,1792.7882,7500.2388,189.4,1080.5941,451.0161,747.364,3015.1631,293.5882,37272.3672,17503.3496
2021-11-24,3014.1836,681.7754,699.8957,376.43,732.4998,41.2,917.4695,710.2937,2190.8674,731.2441,1490.2607,179.2887,453.43,400.1145,1770.1211,7324.002,188.25,1064.9912,451.1076,741.4152,2996.929,290.7108,37441.5156,17415.0508
2021-11-25,3002.01,676.5513,694.8737,376.64,738.5324,41.3,921.8542,713.9901,2167.1572,722.4426,1513.458,182.1233,457.11,404.829,1758.146,7231.4185,189.51,1129.1017,448.7293,745.1748,2999.1921,290.8021,37364.3164,17536.25
2021-11-26,3000.9124,658.4906,663.7906,363.31,713.0507,41.77,909.7653,697.1223,2154.2876,694.6915,1486.4382,176.3754,446.01,390.7452,1689.9547,6847.5249,184.51,1092.7097,430.3886,730.3265,3000.0183,283.837,36025.082,17026.4492
2021-11-29,3002.0581,647.893,673.4154,362.68,713.6298,41.62,928.6976,702.4329,2149.0288,691.0362,1490.568,174.4069,439.54,401.7457,1679.5955,6827.4712,184.55,1105.7991,425.4489,714.8595,3048.0193,288.0161,35976.0312,17053.9492
2021-11-30,3001.4373,652.4207,682.338,359.61,702.916,41.51,933.2053,698.8302,2138.0964,687.1404,1504.8907,174.1313,439.74,390.2678,1677.2195,6749.4512,183.7,1089.4487,421.2868,717.2867,3071.6499,291.0533,35694.8867,16983.1992
2021-12-01,2996.1865,676.2526,686.3801,366.53,697.1247,41.21,947.9985,704.0239,2163.283,699.982,1506.8679,174.7219,440.95,388.567,1697.4154,6945.647,185.72,1117.3485,434.7794,709.4343,3113.9927,289.9343,36364.4766,17166.9004
2021-12-02,3036.7161,672.7699,700.2077,367.98,707.0664,40.98,970.9465,713.8965,2198.7554,694.8839,1536.1721,177.5171,444.57,390.7353,1700.4565,6995.0181,187.99,1124.5273,436.3345,729.3271,3170.6543,295.4151,36507.8242,17401.6504
2021-12-03,2969.7397,669.6852,689.3591,365.16,693.3603,40.92,960.0462,708.1882,2162.1758,689.0162,1525.0131,174.525,444.6,380.7791,1711.9091,6884.0049,186.0,1090.7396,432.8127,715.5735,3168.5212,292.6519,36196.7266,17196.6992
2021-12-06,2900.853,659.8339,677.9011,360.58,673.3322,41.3,931.4841,703.6262,2127.9023,682.5233,1489.6455,171.5723,436.51,375.0104,1694.2316,6725.6255,183.01,1070.0638,425.6319,701.6293,3077.9595,285.23,35735.4844,16912.25
2021-12-07,2893.2629,683.6163,692.6649,369.8,674.5387,41.22,942.2205,713.873,2141.833,706.6674,1504.0121,173.7377,442.31,385.3445,1708.9153,6862.8994,185.71,1078.7826,436.06,707.8638,3119.8245,288.8382,36617.9727,17176.6992
2021-12-08,2967.8777,693.6664,717.858,376.23,690.2717,41.47,960.21,727.0211,2159.3618,724.7031,1540.6536,177.1234,447.85,382.0225,1734.5287,7100.0156,188.48,1095.2008,449.644,721.0464,3156.728,293.0858,37284.2656,17469.75
2021-12-09,3034.9019,690.532,725.5422,374.15,689.1135,41.35,957.7104,714.4111,2158.5776,726.2422,1549.5282,185.3517,448.08,381.2068,1786.5631,7087.459,189.14,1112.5703,446.9912,723.1404,3134.8379,293.7709,37082.0195,17516.8496
2021-12-10,3134.6265,684.661,726.7319,374.41,685.9765,41.27,952.506,712.3992,2152.1658,729.1278,1545.8378,185.9028,450.84,377.308,1780.4805,7091.1826,189.09,1113.7024,452.5254,724.6632,3165.3447,291.5101,37105.2188,17511.3008
2021-12-13,3131.4766,700.5325,703.9376,372.86,678.6409,41.55,949.9655,707.0652,2125.9192,725.2803,1533.0089,184.7217,448.92,372.6034,1769.1707,7177.8447,187.9,1091.3735,446.2137,725.853,3141.7139,294.7757,36924.8203,17368.25
2021-12-14,3148.3274,707.3986,689.0325,372.14,667.5409,41.55,952.629,702.9944,2138.7888,729.7532,1539.5992,179.9974,450.01,366.0986,1773.1622,7155.6421,187.33,1078.0125,446.8997,719.6185,3154.0298,295.4608,36893.5195,17324.9004
2021-12-15,3152.5759,708.9907,667.7108,371.18,661.6048,41.47,941.6059,701.8481,2141.2334,723.5969,1523.8268,176.4148,446.31,371.4696,1787.5134,7227.0732,186.25,1074.8647,443.4694,737.7508,3107.5093,290.6651,36789.125,17221.4004
2021-12-16,3149.3782,706.1547,685.4195,368.28,657.6957,41.72,950.498,701.8948,2130.6699,712.9197,1556.6897,175.5093,445.56,370.1467,1780.9557,7115.2002,186.62,1088.7693,440.1306,727.6139,3117.3005,294.2733,36548.2227,17248.4004
2021-12-17,3096.9614,685.5069,672.962,358.67,642.8797,42.14,960.0462,689.2382,2057.5566,700.5591,1599.9652,171.6117,434.83,356.8288,1755.485,6967.9448,183.77,1060.0317,427.9187,731.8972,3119.6938,306.3767,35618.2344,16985.1992
2021-12-20,3092.9036,671.0285,646.9302,348.15,635.3511,41.86,950.6213,667.0598,2093.3979,682.9082,1580.678,167.2417,422.66,346.624,1710.1033,6958.396,179.93,1031.4528,410.9045,727.138,3095.8027,304.1616,34439.4531,16614.1992
2021-12-21,3123.3606,662.5704,641.4109,348.35,643.7966,41.69,987.5842,674.6164,2096.8577,692.9119,1591.8372,167.3204,428.88,345.4405,1736.9047,6985.6597,181.45,1046.8065,407.9773,741.0344,3140.5396,315.5114,34607.4492,16770.8496
2021-12-22,3131.7148,666.0532,660.2947,352.89,660.9292,41.52,1002.1721,676.2072,2101.2861,704.8878,1603.3481,166.9267,435.41,350.5826,1778.1996,7089.3682,183.33,1071.6489,416.9875,759.0714,3160.0793,313.1592,35029.0938,16955.4492
2021-12-23,3120.0667,675.4565,674.5856,353.97,655.138,41.69,1005.9831,675.6925,2122.5051,703.4448,1632.2572,171.0999,438.75,353.2084,1785.2798,7054.417,184.1,1071.2643,422.4303,754.2646,3187.8872,317.2242,35190.7383,17072.5996
2021-12-24,3136.2021,664.2123,668.174,350.07,653.4971,41.71,1036.9219,673.2596,2119.0918,699.4048,1637.4414,171.6511,436.33,347.7977,1767.1749,6987.522,183.45,1074.6837,417.9938,747.5544,3195.0239,319.0054,34856.6445,17003.75
2021-12-27,3124.3628,668.8394,671.9526,352.44,652.2422,41.59,1038.5612,678.8275,2123.1968,707.9659,1639.77,171.2967,437.55,352.7807,1773.6376,6961.165,184.55,1073.5287,419.0,755.8351,3216.9573,319.5306,35057.4922,17086.25
2021-12-28,3215.8296,672.1231,673.5032,354.38,656.3927,41.61,1052.2482,683.5064,2130.3008,707.7735,1658.9694,173.2652,441.06,353.0692,1805.2859,6968.7578,186.3,1086.2783,421.8815,775.8232,3226.0527,322.2025,35183.3906,17233.25
2021-12-29,3215.113,667.1974,673.9907,353.06,653.304,41.5,1058.8043,680.2546,2128.2251,707.6774,1656.8167,170.6668,440.13,350.9407,1800.8666,7018.9878,186.12,1088.1354,415.6611,798.3812,3215.7385,321.4033,35044.9922,17213.5996
2021-12-30,3213.4421,665.5556,670.0366,354.04,655.717,41.22,1079.417,683.834,2145.5234,707.6774,1663.231,170.0763,437.16,349.1603,1792.1703,6954.2417,186.14,1068.4786,413.1913,794.2409,3249.7268,326.1533,35063.1953,17203.9492
2021-12-31,3229.9121,675.2078,680.3926,357.51,660.0122,41.48,1081.0969,692.2094,2177.3975,711.9578,1658.7496,171.6904,443.82,357.2863,1801.8644,7091.9468,187.79,1072.5776,421.1954,804.9488,3253.7302,326.7242,35481.2852,17354.0508
2022-01-03,3267.5771,692.9202,704.0206,366.82,667.2513,41.73,1086.875,711.0423,2178.4592,735.5728,1668.1517,172.5172,446.81,362.9258,1827.4778,7185.0078,190.72,1088.7466,430.663,808.0422,3322.8364,328.2542,36421.4766,17625.6992
2022-01-04,3302.8083,705.6571,716.054,370.85,673.1874,41.46,1092.8578,715.2066,2215.3154,743.4122,1668.767,173.4227,448.53,368.5255,1841.4487,7286.4238,192.46,1113.3176,442.2803,797.3343,3381.1511,329.5331,36839.7188,17805.25
2022-01-05,3367.2549,723.3197,748.0195,379.09,675.6487,41.56,1074.2538,732.1913,2228.739,758.0333,1620.8782,173.6589,447.16,382.3606,1851.9504,7425.1318,193.34,1118.526,450.4215,794.8594,3360.4365,325.8792,37695.4609,17925.25
2022-01-06,3355.6541,726.703,755.5719,378.19,685.687,41.24,1053.0676,720.4471,2206.2278,755.1475,1597.2852,172.2022,446.91,376.3432,1829.0459,7527.0737,191.92,1094.4761,449.7812,789.6246,3313.8721,322.3395,37489.8125,17745.9004
2022-01-07,3414.5154,727.0014,746.9028,380.31,680.1852,41.09,1057.6982,725.5004,2229.0618,763.0352,1594.2098,171.966,450.07,378.7999,1810.4181,7549.897,192.42,1103.308,449.3696,789.0059,3353.9526,324.9658,37739.1641,17812.6992
2022-01-10,3392.7468,739.1414,753.919,385.71,680.4266,41.07,1055.6903,729.5244,2220.6665,779.8686,1626.2383,175.8242,450.82,387.4928,1856.2274,7759.606,194.35,1104.2139,460.7125,786.8643,3376.887,316.7446,38347.4531,18003.3008
2022-01-11,3378.6643,739.5892,747.9267,386.43,678.9787,41.21,1101.2175,732.6826,2217.5295,779.7724,1630.4996,174.7612,451.75,385.2748,1863.8781,7777.0332,194.69,1112.1626,462.8164,792.2897,3408.2637,317.0415,38441.7539,18055.75
2022-01-12,3383.4856,743.1714,758.1317,389.69,704.7982,41.33,1108.1837,728.3546,2226.2937,792.3735,1649.6991,175.3912,453.29,389.2135,1876.2808,7802.7217,196.2,1141.8513,466.7498,795.9065,3359.5227,315.7626,38727.1016,18212.3496
2022-01-13,3299.8958,737.0518,761.4326,387.29,706.3425,41.42,1093.5133,714.9492,2227.2625,793.2873,1666.7019,176.336,456.34,383.1961,1918.2886,7713.2417,197.0,1148.2828,467.756,823.7947,3392.5972,296.7625,38469.5039,18257.8008
2022-01-14,3212.2012,718.1453,763.7583,386.81,695.532,41.53,1095.931,722.9738,2180.6731,788.7664,1695.3033,175.2731,457.28,385.5533,1943.3315,7720.0708,197.36,1149.9586,465.0118,818.3217,3453.7407,292.218,38369.9531,18255.75
2022-01-17,3225.8066,709.1399,765.7476,385.3,703.2538,41.53,1031.6356,711.9079,2204.5215,788.093,1704.2218,176.8478,459.07,385.4041,1966.7588,7893.2041,198.03,1155.9598,470.1801,812.0873,3498.1287,295.3466,38215.7031,18308.0996
2022-01-18,3221.0806,721.6281,755.1575,384.67,689.4995,41.52,999.6725,715.5341,2186.0239,791.7482,1687.7466,173.8164,451.5,386.3391,1921.8998,7558.6343,195.97,1142.1686,463.5939,805.9006,3473.28,289.2492,38209.8555,18113.0508
2022-01-19,3132.0012,726.0063,738.3654,383.18,679.22,41.6,982.8301,710.4808,2131.0388,777.8005,1640.5609,173.5014,451.3,379.0784,1920.6646,7654.6558,194.18,1142.0779,471.8266,798.0958,3413.1628,283.6999,38040.9102,17938.4004
2022-01-20,3156.8252,725.3099,734.3137,381.48,690.5131,42.05,971.3837,706.0591,2086.6633,779.3878,1602.4696,172.2416,450.95,376.4825,1904.1274,7674.3755,192.18,1122.0814,467.8017,780.4872,3336.3479,280.9824,37850.4102,17757.0
2022-01-21,3126.7021,708.9907,719.0525,377.88,671.064,41.84,965.2679,711.9547,2145.3386,773.8567,1569.0793,170.903,443.54,376.7112,1859.0311,7820.7231,190.64,1122.2627,459.8434,769.7792,3342.4087,276.7965,37573.8633,17617.1504
2022-01-24,3012.417,701.1296,675.9507,372.15,665.9,42.04,929.6885,695.6017,2107.698,768.0372,1526.1112,166.7692,427.95,364.2089,1805.6661,7689.6064,185.79,1076.9937,452.0223,762.2598,3288.2205,262.02,36947.1211,17149.0996
2022-01-25,3004.7312,748.4951,679.0713,380.4,687.0864,42.06,928.697,696.2568,2147.0457,771.1153,1513.2384,168.7377,431.48,368.9333,1829.8062,8215.1201,187.07,1074.8876,470.7747,769.1129,3286.9556,257.4223,37706.3125,17277.9492
2022-01-27,2975.9456,770.0385,666.7112,381.77,682.6465,41.82,890.7209,690.1272,2117.6155,764.3819,1474.9714,168.974,423.39,375.816,1816.073,8422.9189,185.33,1058.9673,483.8556,772.9678,3181.762,249.2106,37981.6602,17110.1504
2022-01-28,2970.1213,760.9335,669.661,379.85,690.899,41.43,892.9523,684.6528,2106.729,751.3962,1481.6495,171.3361,428.74,377.6163,1803.4327,8165.7969,185.1,1057.9482,478.8244,787.4829,3217.335,252.596,37688.9609,17101.9492
2022-01-31,3009.6484,769.2424,682.6306,382.9,703.9294,41.25,908.6138,695.1571,2097.688,758.7547,1525.5841,173.3833,432.31,369.4505,1814.5049,8210.0596,187.63,1080.934,492.4084,794.2885,3257.6165,261.9513,37974.9102,17339.8496
2022-02-01,3051.658,778.0489,684.03,387.41,697.8969,41.55,936.2178,700.4444,2127.1179,779.4357,1557.0852,179.3281,437.22,374.4335,1891.7723,8173.8662,189.7,1077.3558,486.9199,848.7798,3313.7668,263.8041,38505.0508,17576.8496
2022-02-02,3053.0417,800.1394,706.7364,395.92,699.8273,41.51,967.7473,716.4465,2147.6453,782.7544,1570.3096,182.7926,444.11,386.4286,1884.3591,8131.7061,192.12,1079.5524,493.7805,847.7328,3362.2009,268.9965,39330.043,17780.0
2022-02-03,3058.1028,795.6119,693.3962,393.66,696.5456,41.56,956.0116,709.0302,2120.199,778.1372,1527.6489,184.6036,441.72,379.7547,1837.7421,8206.5742,190.01,1065.6025,494.0549,840.9749,3334.6487,264.5361,39009.5469,17560.1992
2022-02-04,3090.2302,794.6168,698.0526,390.84,695.146,41.6,961.8383,713.0777,2127.9946,774.3857,1529.8896,184.4855,441.53,374.8115,1851.3328,8165.4146,189.59,1055.8875,485.0905,850.8738,3326.1912,261.5625,38788.9023,17516.3008
2022-02-07,3031.0828,785.7108,675.8386,383.06,681.9226,41.63,956.5074,686.9455,2082.7886,756.4462,1506.9558,181.2572,438.62,363.7215,1791.0298,8128.2666,186.34,1049.4562,487.789,844.3062,3294.8906,254.8147,37995.0078,17213.5996
2022-02-08,3070.8489,794.6168,687.9696,383.3,684.2392,41.82,960.3093,683.9977,2089.0159,762.3138,1508.9767,182.084,437.12,361.6029,1782.5712,8212.1133,186.81,1067.0973,486.0509,851.0165,3263.894,256.3015,38028.0078,17266.75
2022-02-09,3082.3059,799.8907,694.0496,389.23,694.3256,41.99,975.9707,700.7251,2101.2861,772.2214,1526.5505,181.2178,441.94,365.0244,1795.1166,8546.3486,189.03,1079.5299,489.6185,850.393,3278.804,260.2815,38609.8008,17463.8008
2022-02-10,3092.2356,805.8113,695.9658,393.32,698.8621,42.17,983.7808,713.5923,2106.3601,774.8187,1554.9323,182.8714,443.19,371.4297,1806.7114,8408.834,190.11,1078.4202,494.4666,857.9237,3287.3481,262.4316,39010.4961,17605.8496
2022-02-11,3070.8005,799.8409,683.7374,388.0,690.2717,42.19,961.7554,710.668,2083.1575,760.6785,1512.5353,183.0288,437.15,363.6817,1778.4371,8343.6104,188.0,1076.3142,484.4501,844.3013,3221.6074,256.8505,38516.8008,17374.75
2022-02-14,3001.2463,769.5409,661.7331,372.2,665.707,42.96,947.4989,689.5424,2055.988,724.9916,1478.1346,176.943,422.79,347.4893,1709.7706,7989.5596,182.59,1059.1711,458.6543,829.6716,3255.4373,247.8153,36908.1211,16842.8008
2022-02-15,3116.9158,793.0247,696.4583,384.28,686.7968,42.72,965.7638,710.1767,2112.772,746.4904,1527.3854,179.8054,430.73,360.668,1782.999,8234.3154,187.59,1095.1329,480.0594,841.1354,3328.72,257.7196,38169.6562,17352.4492
2022-02-16,3105.6978,793.1241,689.2957,381.55,696.6904,42.64,965.1439,709.2175,2109.4512,734.9474,1523.0358,179.6038,431.66,364.0398,1768.4104,8196.3545,187.14,1092.8684,472.6499,833.5089,3324.6221,257.9713,37953.3594,17322.1992
2022-02-17,3118.1096,778.9443,690.6463,377.93,692.0573,43.39,961.2184,704.8895,2128.8711,721.7693,1515.5669,179.5232,431.25,361.5034,1776.0134,8167.2295,186.93,1106.7048,469.2196,827.4651,3299.4236,258.4288,37531.2109,17304.5996
2022-02-18,3111.0442,783.5217,685.5414,378.88,687.7621,43.18,962.8299,707.6266,2133.4841,720.3746,1499.8821,178.9185,428.06,363.3436,1789.6995,8183.1284,186.64,1098.0543,471.3692,827.8008,3307.8811,257.3079,37598.7109,17276.3008
2022-02-21,3104.5515,784.9646,683.2255,379.51,685.2526,43.1,962.6232,712.1887,2117.1082,725.7131,1520.7513,175.7739,423.06,363.453,1771.499,8224.7656,186.29,1086.9578,468.2134,809.5257,3242.9255,261.1279,37685.1641,17206.6504
2022-02-22,3081.1604,775.3123,683.7131,377.01,674.9248,43.38,950.0609,706.8546,2094.1824,722.6831,1523.9584,173.2341,421.72,366.3672,1752.9662,8234.4102,185.27,1082.0209,455.91,811.3964,3126.9629,258.0857,37371.2148,17092.1992
2022-02-23,3090.7554,773.3719,686.9506,377.26,679.8956,43.09,952.9125,702.2692,2085.3718,716.2383,1531.4274,174.121,425.67,375.1894,1730.0143,8307.0352,185.05,1075.2498,456.1844,806.0721,3107.2583,259.4352,37391.6172,17063.25
2022-02-24,2930.2122,726.703,646.311,359.59,647.561,44.62,907.9116,664.1354,2003.2631,680.4553,1474.5759,168.114,403.3,357.0376,1670.1864,7840.3472,178.36,1021.6695,432.3553,784.9671,2965.8811,245.7338,35227.6914,16247.9502
2022-02-25,2978.0938,754.3163,679.6223,367.65,664.6937,43.62,933.6557,681.3073,2002.6174,702.2426,1489.0305,172.5084,416.95,369.3411,1688.9093,7979.7236,180.85,1034.442,441.7772,797.7261,3069.7239,254.0141,36430.3281,16658.4004
2022-02-28,3031.0349,738.7433,682.8304,364.89,662.6183,43.59,931.3827,667.3406,2003.9087,714.4106,1507.483,174.0404,420.93,366.5661,1726.6401,7939.6631,181.84,1068.6825,442.0059,809.5738,3098.8884,254.2657,36204.8789,16793.9004
2022-03-02,2891.926,746.5547,666.1798,356.38,650.7945,44.39,921.9612,643.0098,1982.6902,687.6214,1496.2358,173.5969,420.1,359.2557,1695.9899,7462.2319,180.1,1086.3463,433.8189,787.5093,3091.8694,253.9913,35372.3906,16605.9492
2022-03-03,2741.981,734.0167,658.0665,350.75,648.6711,44.4,941.9205,641.4891,1929.089,671.7018,1512.0959,176.9027,421.24,356.5205,1665.3868,7253.4297,178.86,1077.1748,427.5528,787.5093,3090.344,260.556,34943.8945,16498.0508
2022-03-04,2614.2815,711.4783,637.5444,346.74,630.9595,44.65,940.8873,639.3836,1863.1252,661.8423,1514.2489,181.8212,410.29,348.5436,1626.8483,6920.8652,176.26,1053.2833,422.5675,795.9034,3072.8625,263.1865,34407.4023,16245.3496
2022-03-07,2585.925,664.2621,597.2805,332.42,651.9045,46.0,953.9039,619.8723,1793.4254,628.8488,1528.7911,181.3777,403.97,340.537,1553.3822,6464.1572,172.33,1014.3324,402.7632,789.188,3038.4656,261.6082,32870.8672,15863.1504
2022-03-08,2600.1982,667.098,600.8738,334.16,659.2401,45.93,971.3427,621.2759,1798.0844,639.6703,1562.489,182.95,405.75,342.7649,1576.2394,6499.73,173.4,1012.498,402.7632,820.2223,3138.7776,268.7448,33157.7148,16013.4502
2022-03-09,2744.8931,670.8793,631.167,341.06,667.4444,45.66,977.4582,641.5594,1843.1978,642.027,1593.3752,184.8448,412.41,345.9477,1607.0797,6710.3457,176.98,1066.2141,413.1913,832.9332,3167.2449,267.8528,33815.0547,16345.3496
2022-03-10,2781.0308,691.527,642.1276,347.09,673.4771,44.8,985.2686,651.6425,1939.1909,650.8284,1604.4025,187.0621,418.47,348.9813,1642.4822,6886.9648,179.65,1083.4929,428.742,834.1804,3157.0874,269.1108,34475.1992,16594.9004
2022-03-11,2799.3618,687.4472,646.3306,347.75,670.6779,45.28,986.3427,653.561,1932.2258,652.079,1600.9757,190.5696,420.62,350.702,1642.9099,6782.6357,179.98,1086.618,430.2513,865.3104,3138.0793,268.173,34545.8477,16630.4492
2022-03-14,2828.7688,706.5527,649.9825,354.84,676.0349,44.64,994.1113,674.9673,1899.8435,669.6338,1661.3417,192.7063,421.06,355.8242,1660.1122,6987.1875,182.61,1095.5405,443.7896,855.957,3176.313,273.6399,35311.7383,16871.3008
2022-03-15,2852.0168,694.7114,650.0898,351.86,678.6409,44.33,972.6234,666.2877,1880.3773,670.788,1616.1771,191.779,416.82,344.8835,1656.9758,7085.8828,180.6,1070.4487,444.43,855.3815,3133.5024,268.8592,35022.2422,16663.0
2022-03-16,2904.386,720.2847,667.0623,359.49,687.2313,44.23,991.3429,677.5875,1911.6982,681.0323,1660.1996,195.6089,426.2,350.2047,1669.0934,7148.623,183.66,1088.5203,450.7417,853.0311,3187.5598,273.6856,35747.8359,16975.3496
2022-03-17,2994.7063,735.6089,682.0602,366.07,697.7521,44.23,989.1941,692.5135,1939.2832,692.6715,1629.6208,197.4634,431.25,362.0406,1699.2212,7346.4912,186.71,1124.0065,459.1116,874.52,3202.2512,275.0352,36428.1289,17287.0508
2022-03-21,2907.9663,722.3246,669.9682,362.88,683.5635,44.14,965.3506,695.5314,1892.3708,683.6777,1628.2592,197.1409,427.59,353.5068,1669.1886,7358.4751,185.38,1117.5297,448.775,876.6306,3162.1008,274.4862,36018.082,17117.5996
2022-03-22,2913.1218,727.7975,681.2216,365.95,694.2291,44.32,972.2518,699.111,1839.1383,690.8438,1658.4419,201.374,427.76,359.6237,1686.0582,7416.8232,187.34,1146.4032,451.6107,876.9183,3226.8386,279.0838,36348.1289,17315.5
2022-03-23,2880.3259,723.1705,683.0742,363.38,680.4266,44.42,975.8053,692.1392,1825.3461,690.9401,1645.2617,203.1882,428.68,352.0447,1679.5955,7300.5093,186.34,1150.0491,448.8207,864.1592,3236.822,279.61,36146.9297,17245.6504
2022-03-24,2888.4893,718.6927,682.3672,358.2,681.7778,44.58,985.227,675.0141,1813.6758,677.3771,1657.8271,205.4861,429.8,340.9845,1683.6824,7216.5688,186.09,1167.9167,445.5734,871.8818,3269.4746,279.3126,35526.6875,17222.75
2022-03-25,2909.1116,717.6976,680.022,356.9,684.6734,44.79,974.6896,669.5163,1801.7748,672.6157,1648.9083,204.2767,428.73,342.5959,1664.2462,7081.4424,185.82,1175.707,448.8665,865.6462,3232.5059,276.0187,35409.6914,17153.0
2022-03-28,2890.4939,732.3749,682.7427,359.75,707.5489,44.49,961.962,670.4053,1822.1633,683.2928,1646.5798,207.26,428.28,343.1827,1655.2177,7140.5542,186.32,1187.5282,455.0867,869.0518,3232.7241,274.5777,35710.0859,17222.0
2022-03-29,2904.959,734.166,686.4434,360.88,728.6872,44.18,965.0614,679.2954,1833.188,688.0543,1657.212,205.2846,430.32,344.1375,1660.0172,7104.0742,187.22,1187.7999,452.7999,881.9547,3230.6753,275.6299,35846.9805,17325.3008
2022-03-30,2942.147,746.7538,707.1655,364.99,723.4268,44.11,962.9951,691.063,1859.804,703.0602,1672.9844,200.9305,432.97,350.7218,1685.6305,7256.3433,188.91,1210.6271,452.1595,883.1539,3253.5186,274.8522,36333.8789,17498.25
2022-03-31,2940.6191,757.4011,707.9553,365.51,728.6872,44.12,961.7969,687.9748,1890.0182,702.483,1675.533,202.0997,434.13,348.8818,1679.9756,7220.7227,188.87,1193.3254,451.4735,877.5417,3260.843,270.7806,36373.1797,17464.75
2022-04-01,2973.2717,770.735,722.4022,372.85,732.1136,44.57,966.673,704.6556,1917.2339,708.2064,1672.6332,204.2364,438.27,353.4172,1701.3121,7353.2227,190.47,1202.8821,464.8746,871.738,3277.2344,275.3096,37148.0664,17670.4492
2022-04-04,2976.9478,780.238,730.4521,387.79,741.0901,44.22,981.0536,775.2146,1963.6387,718.162,1654.532,205.9699,447.91,365.2333,1735.764,7424.6064,195.19,1206.4375,468.7165,888.3821,3287.3481,277.048,38634.75,18053.4004
2022-04-05,2998.7166,779.2429,720.486,383.12,739.9318,44.31,987.9957,752.4982,1974.11,713.5449,1635.3326,209.1951,451.24,358.4998,1744.983,7412.2402,194.55,1189.3851,465.9722,891.3081,3326.1045,276.3792,38067.457,17957.4004
2022-04-06,3011.3193,769.8892,716.4391,379.13,748.667,44.49,967.3752,725.6407,1976.1862,713.3526,1606.9948,209.3161,452.3,353.9643,1760.9023,7395.3848,193.0,1186.2147,470.1344,890.3488,3274.27,273.796,37632.3633,17807.6504
2022-04-07,3012.2744,788.1985,710.9051,378.56,735.878,44.64,969.6894,709.6853,1997.1744,720.0379,1591.3101,206.9375,451.19,351.3882,1735.7166,7296.356,191.26,1165.29,471.0491,893.0829,3212.1907,267.9377,37556.9141,17639.5508
2022-04-08,3061.2056,790.9847,718.3553,380.49,735.5884,44.66,963.1191,708.7028,2014.0115,725.5688,1594.4733,215.9277,458.3,354.9788,1739.9458,7217.5244,192.76,1184.6747,472.101,886.9912,3213.4988,269.2293,37751.6133,17784.3496
2022-04-11,3014.6135,782.1783,715.4347,378.53,731.6792,45.22,936.7961,700.0467,1995.5599,730.6669,1552.2524,215.6859,463.53,354.77,1693.1387,7224.6382,191.67,1182.2064,471.0034,887.7586,3222.8716,263.4401,37613.3633,17674.9492
2022-04-12,2987.1157,794.5173,709.3741,379.82,715.8499,45.2,934.8541,698.8067,1967.1449,734.7551,1531.0757,213.5088,456.04,358.4301,1661.015,7275.2031,190.42,1159.9454,469.1281,883.8255,3218.2507,257.7202,37746.9609,17530.3008
2022-04-13,2941.2871,789.1439,714.635,376.96,714.8846,45.73,929.8542,685.4482,1985.504,733.216,1536.4359,217.3388,458.67,354.0041,1673.4653,7133.0581,189.54,1155.6879,473.5646,898.647,3192.8347,257.9508,37462.9648,17475.6504
2022-04-18,2884.8611,794.9152,708.1017,370.45,704.1225,46.19,910.5561,652.9293,2009.0293,728.9355,1424.7102,217.7823,455.58,348.1955,1652.1288,7232.373,186.23,1152.1553,466.0637,889.7732,3076.0876,248.4483,36728.5742,17173.6504
2022-04-19,2855.8843,793.8705,707.9164,365.57,698.3312,45.98,884.5226,628.0137,1949.4315,737.1116,1372.516,210.8884,448.99,339.6617,1621.1458,7100.207,183.68,1196.0656,468.1676,884.4969,3027.1313,244.6889,36341.1797,16958.6504
2022-04-20,2943.531,790.7857,685.7755,365.83,713.6298,45.22,900.3494,633.6752,1997.3126,726.7712,1395.0981,209.2757,450.22,342.4069,1607.6976,7321.375,185.86,1231.2346,465.8808,885.9359,3101.1555,247.4796,36314.4766,17136.5508
2022-04-21,3015.3767,797.8507,696.0731,370.64,710.155,45.21,908.4485,643.0566,2027.7574,733.3123,1422.4258,209.9611,455.31,350.2743,1629.4619,7524.3037,188.1,1260.063,472.284,905.6979,3163.801,248.7252,36815.6719,17392.5996
2022-04-22,3021.2488,776.7552,693.4061,363.36,713.0507,45.33,910.8041,634.2834,1962.2554,719.1722,1393.1212,210.5255,453.15,343.6899,1610.3112,7548.4648,186.09,1249.5099,457.9225,887.183,3149.7634,248.0332,36044.332,17171.9492
2022-04-25,2988.978,776.8547,683.1425,363.41,713.6298,44.9,900.7213,639.0327,1938.0837,723.5488,1371.725,205.8087,443.78,343.9087,1575.1465,7555.9609,183.86,1220.6139,452.5712,863.3918,3093.6567,244.1815,36081.9336,16953.9492
2022-04-26,2984.2517,771.1828,706.0635,366.3,729.9902,44.64,904.3989,641.9804,1981.998,725.0398,1389.2111,208.792,453.77,346.6638,1615.6335,7550.6128,186.11,1257.1416,462.4048,880.7076,3092.0005,244.1354,36404.3789,17200.8008
2022-04-27,3005.9253,762.1276,654.7266,363.11,726.3224,44.43,905.4735,642.2145,1978.9996,708.6392,1364.432,207.6228,448.72,346.4251,1593.8693,7437.5938,184.78,1258.3645,454.8581,869.2437,3104.9912,239.3841,36028.4336,17038.4004
2022-04-28,3100.7805,775.9592,656.0479,366.76,721.3516,44.33,917.9933,641.6529,2068.2583,718.6911,1390.6169,210.5255,453.57,351.2291,1633.9762,7532.8511,186.41,1277.1605,464.2342,883.5377,3125.1323,241.0447,36421.7773,17245.0508
2022-04-29,3090.7554,725.0113,650.6017,363.82,713.292,44.79,906.8597,647.8525,2061.8003,714.9878,1377.3928,209.2757,449.25,356.222,1610.3112,7370.1733,185.43,1263.7544,453.989,890.8765,3092.3494,234.7021,36087.7305,17102.5508
2022-05-02,3055.2383,723.7675,646.1502,364.11,715.5602,44.16,896.4825,656.7894,2057.7869,712.7755,1354.0634,212.1785,446.39,352.9597,1596.1501,7290.8647,185.12,1259.3156,449.1409,885.84,3088.5996,228.3363,36163.3281,17069.0996
2022-05-04,2960.5735,703.7167,618.2218,355.56,697.2695,43.98,878.0386,634.4707,2003.4017,696.6635,1349.2745,209.437,434.46,353.2084,1552.9069,7064.6826,181.05,1220.0023,438.7585,864.2552,3033.9761,226.8371,35264.1406,16677.5996
2022-05-05,2937.373,698.8906,615.2671,354.59,693.9395,44.54,900.8101,633.0436,1998.8352,701.0402,1392.8577,211.2915,435.44,357.5847,1556.4235,7073.9932,181.01,1196.111,439.0787,842.4306,3063.3152,231.1732,35232.4414,16682.6504
2022-05-06,2879.801,670.0832,585.1204,348.58,685.5422,44.55,882.4499,616.5032,1982.7822,691.8539,1355.6892,215.0005,425.88,353.1487,1541.9774,6951.377,177.94,1186.9393,442.6919,847.371,2992.8662,223.7696,34590.7969,16411.25
2022-05-09,2869.2983,660.431,588.6943,345.47,686.7487,44.42,904.2128,617.5561,1952.7528,683.2928,1379.853,212.0172,418.7,351.5971,1535.9899,7028.7764,176.95,1140.5833,435.3282,849.3856,3003.7646,222.8701,34275.0,16301.8496
2022-05-10,2946.7297,656.5005,578.1137,346.64,694.6152,44.26,901.23,627.4756,2011.5663,684.2067,1364.6077,209.437,408.99,357.4952,1528.1965,7177.3672,176.16,1120.8132,434.6879,826.7936,2998.2283,220.333,34482.2461,16240.0498
2022-05-11,2915.509,669.0384,566.2706,348.5,697.7038,44.06,891.4409,631.0082,1995.9751,686.9962,1341.542,206.1312,408.39,360.0414,1492.8892,7063.2983,175.34,1109.3317,435.9228,820.0304,2974.9045,217.6806,34692.7461,16167.0996
2022-05-12,2902.4287,646.4503,545.4415,338.19,680.861,44.02,890.1804,616.7844,1973.1876,669.2971,1325.7695,203.9138,398.34,350.2842,1450.4537,6926.9297,171.72,1086.7312,423.2078,815.4257,2971.9841,218.5571,33531.7578,15808.0
2022-05-13,2925.3909,632.8177,537.8693,335.01,665.9,43.42,884.0886,611.2463,2024.2061,651.5499,1321.9034,208.5098,395.97,353.9942,1458.3898,6782.0635,171.4,1099.0505,406.7424,846.6036,2977.4333,216.1814,33120.9648,15782.1504
2022-05-16,2864.1909,635.8029,550.5122,338.8,669.0853,43.14,877.7025,617.7547,2045.5632,656.9846,1308.4594,204.8814,401.38,360.6183,1466.373,6921.1533,172.13,1099.3225,416.21,849.5775,2944.2144,215.8816,33597.2109,15842.2998
2022-05-17,2912.0242,651.7241,569.2252,345.6,682.4535,43.54,909.9266,621.9675,2071.1643,682.9563,1334.249,213.4282,410.42,366.0787,1524.5375,7193.5063,176.44,1145.4974,427.4614,855.4774,3009.4316,224.4846,34301.5,16259.2998
2022-05-18,2959.8574,656.2019,567.0703,345.11,671.9327,43.39,902.1961,621.9201,2113.9712,680.407,1326.121,215.1214,412.54,367.3717,1494.505,7225.7358,176.05,1149.6643,418.9542,862.5764,3006.9907,221.9936,34163.3008,16240.2998
2022-05-19,2909.0642,646.9975,556.5191,336.42,650.7945,43.59,848.1671,609.211,2089.2004,664.0066,1254.0244,222.2572,401.35,354.76,1471.1725,7071.0327,171.7,1123.1685,409.3494,848.6182,2844.0769,208.1089,33315.2617,15809.4004
2022-05-20,2969.262,669.7847,562.6235,345.28,663.9696,43.92,864.5101,625.2571,2145.8459,682.5233,1278.6278,225.7646,406.25,363.8607,1530.2399,7244.8833,175.92,1188.6604,422.9791,878.4052,2871.1494,212.0068,34276.0,16266.1504
2022-05-23,3030.6052,672.0236,565.0029,345.0,661.991,44.25,855.6454,617.2341,2195.5264,683.9662,1290.2705,221.33,403.96,368.8637,1562.6011,7541.7314,175.53,1180.7117,421.607,884.5449,2896.2168,214.959,34247.2031,16214.7002
2022-05-24,2947.2075,660.7793,565.471,345.43,654.6071,44.07,833.3362,624.3104,2130.8083,681.1767,1266.1943,218.387,400.46,374.4932,1545.6365,7451.2017,175.09,1184.7653,422.6589,872.8892,2866.7898,212.1683,34289.75,16125.1504
2022-05-25,2709.6621,661.7245,568.2599,346.6,664.2592,44.12,818.7996,628.9728,2120.7058,686.1785,1239.3501,219.8786,393.83,379.4563,1496.6433,7436.4956,174.13,1183.0217,421.8693,874.1364,2780.4612,205.2028,34339.1016,16025.7998
2022-05-26,2711.667,679.8846,567.3239,354.04,669.5196,43.87,824.0513,646.9124,2103.6384,700.7516,1251.2126,220.284,398.0,379.6751,1486.9492,7453.4463,175.57,1171.7441,435.6188,863.3439,2832.5134,209.1238,35094.4922,16170.1504
2022-05-27,2706.6074,684.9099,584.4573,359.08,660.5914,44.08,843.5456,658.9116,2150.1365,711.6211,1284.0757,222.3488,400.63,387.1447,1520.926,7585.1826,177.1,1166.3088,435.6653,867.1332,2862.6643,215.3973,35612.8867,16352.4502
2022-05-30,2715.343,690.2335,595.9348,361.43,674.7318,43.98,873.7952,663.4083,2167.0654,719.9897,1341.5861,222.2249,410.57,378.591,1578.4729,7652.9365,180.43,1206.9358,440.9143,852.1677,2962.6858,219.6872,35826.5312,16661.4004
2022-05-31,2730.2852,681.8251,593.102,357.62,675.8418,43.95,874.5094,657.4442,2171.0325,724.174,1335.1925,223.5465,411.45,367.3817,1572.4377,7607.5278,179.87,1192.3745,434.8756,825.5944,2953.1184,220.5175,35486.9844,16584.5508
2022-06-01,2723.4585,682.671,586.0808,359.51,670.4849,43.52,855.3093,660.2369,2129.7014,723.9817,1312.9481,224.5377,407.65,371.012,1566.2603,7581.7925,179.59,1192.7593,435.0614,805.1129,2945.0869,217.1501,35620.3867,16522.75
2022-06-02,2776.9727,688.1438,590.7321,359.49,671.7396,43.98,873.6271,655.6219,2107.8823,721.1921,1339.0996,225.9005,409.56,369.5301,1555.9485,7568.4229,180.68,1233.8842,436.5014,824.5872,3004.5991,218.7185,35613.2344,16628.0
2022-06-03,2756.302,673.9639,587.8409,356.01,662.6183,44.15,876.4001,653.3498,2114.4785,715.9497,1351.2651,225.2397,403.96,369.729,1570.1094,7357.9976,180.21,1258.8853,431.5311,829.9114,3019.6533,219.3412,35274.6406,16584.3008
2022-06-06,2689.9941,668.8891,587.1389,356.47,659.1919,44.0,871.6105,652.4741,2103.9155,718.3064,1358.6801,226.9742,402.63,371.8474,1558.8469,7363.25,180.15,1253.4731,430.7879,824.827,3011.5774,218.2803,35309.7891,16569.5508
2022-06-07,2620.5354,662.5704,573.2526,353.39,661.4601,43.86,859.5107,644.9717,2040.3503,707.2444,1337.9451,226.2309,399.38,369.6295,1510.6143,7457.6475,178.56,1255.8282,430.5092,813.7468,2951.6699,215.7202,34995.5938,16416.3496
2022-06-08,2582.8223,655.3561,580.6346,352.61,640.2255,43.88,865.6445,647.2438,2026.9272,701.7135,1331.9956,221.2751,399.01,367.1131,1505.9574,7536.957,178.08,1233.7711,437.8485,812.7875,2988.0535,216.9887,34945.7422,16356.25
2022-06-09,2580.0371,658.0428,575.1982,353.58,652.8214,43.95,864.3422,652.1191,2027.5269,704.8396,1345.3157,223.7117,401.29,371.032,1515.984,7572.6729,179.4,1267.604,433.8072,823.9156,3008.1982,219.1337,35085.043,16478.0996
2022-06-10,2601.1152,657.4458,552.6672,348.61,649.9258,43.81,853.1667,639.5283,2029.5564,692.5753,1311.3942,223.1335,397.68,356.4309,1506.4799,7577.687,176.46,1229.3325,429.0692,811.3005,2949.2117,212.6296,34483.3984,16201.7998
2022-06-13,2555.0229,645.7536,522.5107,338.36,647.9471,44.19,833.3784,627.9315,2026.7883,661.7941,1264.952,218.5907,389.31,345.5996,1456.0613,7545.6943,171.87,1206.0751,414.2048,795.7595,2826.0613,205.7795,33405.4648,15774.4004
2022-06-14,2530.6799,647.5447,524.2172,337.16,658.3232,43.57,837.6636,621.0208,2002.8943,659.3894,1279.2042,219.2515,390.36,346.067,1468.0364,7459.7964,171.3,1190.3136,416.2951,791.4904,2818.1179,205.6872,33310.9648,15732.0996
2022-06-15,2555.4062,647.296,534.8658,336.55,658.3714,43.61,831.7817,618.867,1997.8219,661.0728,1262.9094,217.5583,391.23,345.4603,1482.9575,7499.7144,171.1,1175.9109,419.3145,788.8524,2814.3872,203.0117,33338.6133,15692.1504
2022-06-16,2551.8535,631.7728,515.2604,329.41,631.442,43.72,810.8172,606.4893,1997.9615,652.6561,1240.7095,215.3282,383.18,333.3558,1451.6418,7480.7578,167.56,1159.4698,410.2565,781.4655,2757.9465,194.8009,32616.7207,15360.5996
2022-06-17,2477.6731,632.0714,528.4883,330.74,621.259,44.08,805.6074,610.489,1964.2233,660.688,1231.9183,217.4757,377.24,332.9182,1416.0493,7341.8589,166.87,1173.0574,409.6991,761.1278,2711.3364,186.9129,32742.6699,15293.5
2022-06-20,2554.9741,625.2054,533.4519,329.99,618.6046,43.82,806.6997,625.8251,2043.7528,659.8223,1255.7612,218.1364,374.26,334.0322,1398.7996,7315.8843,167.31,1151.7928,403.8462,772.5438,2731.9646,191.272,32684.4199,15350.1504
2022-06-21,2571.9233,633.3651,541.1263,335.23,631.5385,43.78,829.0089,632.6412,2052.2222,669.5856,1287.5071,222.927,382.74,334.4897,1425.886,7430.1455,170.26,1170.3853,418.757,784.1996,2819.3464,196.1155,33191.3633,15638.7998
2022-06-22,2560.4004,623.7128,530.4435,331.64,620.4868,43.68,807.7502,629.6592,2050.2209,660.4475,1276.2738,219.1276,377.63,332.1424,1405.405,7432.1978,168.08,1134.8311,415.8771,776.3812,2829.0022,189.7037,32844.918,15413.2998
2022-06-23,2648.6001,626.2501,531.2773,334.77,637.2332,43.76,816.1108,631.9785,2096.5242,672.5195,1289.7714,219.2928,380.61,335.0069,1420.1835,7898.4565,169.71,1116.42,419.3609,791.3467,2904.3584,193.3017,33134.6133,15556.6504
2022-06-24,2651.1929,630.8773,544.8904,339.69,647.8506,43.66,812.2877,640.8064,2144.2698,686.2748,1279.6926,219.5819,386.66,337.8515,1420.7063,7986.5034,171.16,1132.3175,422.0087,791.0587,2890.5767,193.1633,33627.0586,15699.25
2022-06-27,2708.8569,633.962,550.1025,341.4,660.157,43.87,833.8403,641.966,2159.8591,690.0262,1309.4406,222.9683,389.98,336.4889,1459.6252,8068.1997,172.62,1128.9658,428.4654,801.6592,2909.5374,196.0002,33810.8555,15832.0498
2022-06-28,2618.1597,639.1861,543.7689,339.89,657.4545,43.8,841.9072,637.067,2157.0664,683.2448,1314.3691,224.5377,390.44,331.9634,1474.5466,8107.3062,172.65,1144.8406,431.2989,794.896,2912.5657,197.0842,33642.0586,15850.2002
2022-06-29,2590.6006,622.4689,537.5817,336.09,663.8732,43.76,829.807,636.1439,2078.7009,675.9823,1299.3618,226.3548,387.38,326.7217,1471.125,8125.6411,171.86,1168.5962,426.5144,804.5853,2888.2952,194.0859,33269.5117,15799.0996
2022-06-30,2588.1035,633.6635,528.5482,337.34,661.1223,43.76,817.7913,638.061,2076.0486,680.2629,1298.1631,225.9005,385.51,330.4317,1480.9618,8089.209,171.6,1175.6166,432.8318,796.8146,2867.7551,191.9178,33424.7148,15780.25
2022-07-01,2662.9563,640.7783,549.4827,339.31,650.0224,44.36,819.5557,640.7827,2124.2126,677.0886,1313.7029,234.8622,390.18,331.7545,1494.1721,8024.1289,171.64,1090.9434,433.7143,795.5197,2909.8882,194.6625,33539.0586,15752.0498
2022-07-04,2679.4246,651.127,551.0388,342.74,658.1784,44.68,827.3285,641.6819,2210.6292,692.6715,1321.3396,241.0982,392.64,332.3811,1503.2487,8063.043,172.63,1093.208,439.8459,795.6636,2839.623,193.8783,33940.5039,15835.3496
2022-07-05,2656.6665,645.3058,554.0532,341.43,660.6396,44.8,825.2697,640.2383,2235.1074,692.0463,1310.6394,236.9683,393.98,330.8196,1487.2819,7972.6562,172.04,1102.0625,438.6382,801.8032,2823.1643,190.7877,33815.5039,15810.8496
2022-07-06,2747.6995,654.7093,579.0688,347.2,669.8091,44.17,829.0089,649.066,2325.2932,698.2986,1324.5809,238.9507,399.68,339.0649,1478.9658,8241.333,174.12,1092.37,445.8846,803.626,2862.1816,191.9178,34323.8516,15989.7998
2022-07-07,2776.5076,655.9052,573.5881,352.96,662.9078,43.59,831.7396,660.6866,2301.6064,713.7373,1330.8412,241.1395,404.42,345.8283,1531.1903,8218.749,175.54,1081.6133,452.2019,814.8979,2885.969,194.1089,34919.8945,16132.9004
2022-07-08,2765.3684,666.8677,574.8115,354.65,670.9675,43.57,826.446,661.3019,2323.8508,726.9156,1344.8273,242.048,405.25,347.0716,1603.7533,8094.1753,176.28,1083.1079,453.8741,822.8124,2866.3069,193.3247,35123.6406,16220.5996
2022-07-11,2816.5024,677.5312,573.6665,358.74,637.5711,43.56,792.8353,665.5856,2318.0342,740.1899,1308.1532,243.6587,410.46,346.3754,1580.5162,8124.4473,176.23,1097.8279,453.549,822.3807,2733.1934,189.6806,35469.2344,16216.0
2022-07-12,2778.2361,673.8936,574.8457,355.01,639.9359,43.62,779.6011,658.7933,2279.8281,730.9555,1277.4728,241.759,409.46,341.9393,1571.7247,8040.459,175.1,1096.2649,450.5297,816.9604,2707.6504,188.7349,35131.8398,16058.2998
2022-07-13,2824.3289,677.5811,575.3693,352.33,621.1142,43.44,771.1564,642.7234,2324.6882,724.5107,1282.6674,242.874,409.98,346.5345,1565.5475,8060.0361,174.06,1076.8351,451.9696,825.1628,2667.3171,187.6048,34827.3945,15966.6504
2022-07-14,2822.3596,665.9708,570.6667,351.09,619.3286,43.3,758.7625,639.5047,2324.7351,723.7412,1268.8147,240.2309,408.33,352.1044,1564.502,8181.8408,173.93,1085.7123,445.3271,844.1094,2639.1545,185.1831,34650.7969,15938.6504
2022-07-15,2859.8103,659.9414,578.9221,351.06,629.1255,43.11,742.0832,644.7114,2390.5366,722.5869,1270.1467,242.461,411.5,355.6154,1601.2823,8382.667,175.02,1087.8182,445.0949,842.6705,2635.5022,181.6773,34682.2461,16049.2002
2022-07-18,2897.9333,682.1653,593.074,357.55,639.9841,43.55,756.4937,637.848,2376.5757,742.5945,1323.0269,243.9064,416.01,367.143,1641.9596,8312.7168,177.39,1097.0807,455.4999,846.8915,2696.1401,186.7053,35358.2891,16278.5
2022-07-19,2899.1331,698.2104,593.6758,360.84,649.4915,43.39,755.9839,638.0847,2390.0242,750.9152,1317.9209,243.3283,419.32,365.0145,1644.0029,8323.2676,177.88,1103.8064,462.607,839.6965,2705.6008,187.1204,35719.9375,16340.5498
2022-07-20,2886.9858,703.293,594.5029,362.97,647.3198,43.39,779.5208,646.1313,2424.0422,753.2718,1345.582,246.3017,420.21,363.5822,1653.6494,8354.9727,179.53,1133.6534,472.5011,832.2137,2785.293,190.0957,35971.6836,16520.8496
2022-07-21,2944.2656,713.1094,613.343,365.31,654.7518,43.03,785.5112,644.096,2426.7874,756.0614,1361.2109,247.4168,425.15,358.1715,1699.0829,8400.7637,180.54,1126.0897,475.7061,834.2762,2796.2935,190.9722,36200.5781,16605.25
2022-07-22,2945.5139,728.2576,612.4963,370.9,655.2345,43.69,781.9424,659.1245,2457.6409,769.5762,1337.5901,248.2428,424.63,363.453,1701.5856,8433.1846,181.89,1133.699,477.2391,838.9291,2790.7488,189.5191,36738.5234,16719.4492
2022-07-25,2981.5718,724.8691,609.438,370.3,654.8002,43.6,790.7793,661.0652,2441.8188,770.3939,1335.1925,248.697,423.76,357.1769,1715.7354,8233.2646,181.46,1096.2424,481.048,833.0292,2787.0088,191.3412,36725.9727,16631.0
2022-07-26,2984.9807,704.0405,613.1031,367.78,660.3018,43.46,776.2069,659.7162,2370.6189,765.969,1288.6171,249.8121,418.35,350.4235,1685.7031,8141.8271,179.91,1096.7408,477.7036,832.3577,2742.2563,186.9129,36408.0781,16483.8496
2022-07-27,3059.4492,716.4978,626.0123,372.22,651.4219,43.57,788.9101,664.7573,2403.054,770.0091,1306.2882,251.2162,420.9,348.9315,1729.4038,8268.1191,181.6,1095.6991,490.7099,857.6359,2806.4585,187.5817,36783.3242,16641.8008
2022-07-28,3142.3679,723.4241,692.5885,377.0,643.6519,44.02,803.9074,670.6503,2438.5613,783.572,1347.4469,250.6381,425.84,363.7314,1733.8318,8328.2354,184.18,1112.8647,494.6583,858.4513,2869.5166,191.8948,37377.7148,16929.5996
2022-07-29,3201.2803,722.2781,705.5563,378.04,654.3658,44.06,805.8616,678.8628,2454.6624,787.4197,1376.1293,250.3076,432.1,360.121,1740.3773,8378.3701,186.54,1136.5747,490.8492,904.8347,2905.9519,195.4467,37490.9609,17158.25
2022-08-01,3192.446,728.3074,710.6357,382.53,673.2711,44.22,809.0481,684.5192,2413.3386,792.0369,1377.328,253.9831,437.52,369.1521,1746.7783,8597.8672,188.63,1166.1957,495.8659,881.3311,2903.2244,197.8915,37902.7578,17340.0508
2022-08-02,3261.2012,727.9586,718.5535,384.28,665.8543,44.18,808.1135,676.9931,2452.6614,786.602,1370.7122,256.0068,439.4,374.8911,1725.9386,8759.876,188.62,1170.6343,503.6233,879.9401,2897.0632,198.1682,38023.5586,17345.4492
2022-08-03,3302.9722,728.0084,714.0955,383.4,672.0107,44.19,813.3391,678.5788,2444.3779,793.3835,1390.6923,254.52,437.72,368.2271,1722.8103,8612.2285,189.11,1180.4626,502.462,860.5139,2939.0435,199.4368,37988.8086,17388.1504
2022-08-04,3322.9937,719.1387,716.0822,380.84,673.1256,44.66,814.1038,677.7741,2445.8674,789.0068,1420.7064,255.6351,440.03,365.1338,1713.4731,8619.1982,189.17,1164.8595,495.4015,881.1393,2952.6406,200.8898,37755.1133,17382.0
2022-08-05,3335.8611,726.0153,714.9127,382.74,682.1905,44.72,813.8065,675.4785,2462.1082,806.2731,1435.5807,256.7501,440.19,364.8056,1720.5481,8498.5625,189.25,1147.694,493.3576,878.6931,2961.5298,202.9656,37920.1602,17397.5
2022-08-08,3321.0251,743.0071,718.5829,386.46,682.8692,44.62,820.8591,692.0453,2466.7153,809.9019,1438.0226,258.6498,442.15,366.9142,1761.1687,8576.1826,190.79,1162.7083,483.4635,873.3689,2969.8027,201.0513,38236.9531,17525.0996
2022-08-10,3276.0845,736.4794,699.7135,386.84,693.4368,44.87,808.9631,694.057,2459.6882,821.3205,1422.9711,257.0392,441.63,363.7016,1785.7144,8535.5703,191.04,1169.6606,478.1681,882.2905,2952.0251,198.422,38287.4062,17534.75
2022-08-11,3269.8911,756.2617,716.3074,393.22,688.153,44.91,817.715,703.2397,2432.6045,831.9166,1438.511,252.9507,444.09,368.9265,1797.2653,8472.2715,192.34,1173.5557,487.5048,883.5856,3012.0908,202.2506,38879.3984,17659.0
2022-08-12,3291.6411,757.9559,715.3727,394.9,688.056,45.0,812.6594,702.9794,2415.1536,846.1416,1415.5562,254.8504,446.98,366.4782,1777.3398,8362.0654,192.86,1192.5327,493.0325,876.2948,2993.6531,201.1666,39041.8477,17698.1504
2022-08-16,3361.8848,762.042,713.0923,397.06,682.6267,44.65,814.1887,711.0262,2461.2703,850.8348,1417.6429,256.5023,452.75,367.5033,1779.6984,8654.7637,194.09,1200.8212,488.6196,877.398,2985.864,201.6279,39239.1914,17825.25
2022-08-17,3383.6824,769.4665,736.6791,399.07,700.9019,44.6,833.2221,714.6946,2498.6387,854.7056,1426.3455,258.1543,457.54,366.1797,1786.2438,8597.7139,195.55,1207.0942,490.6635,883.3458,2993.2568,204.3725,39461.2422,17944.25
2022-08-18,3394.8694,762.4406,732.8768,401.1,710.8394,44.55,827.1894,715.5466,2496.2185,856.4957,1405.655,260.7147,460.84,379.0777,1823.6396,8600.9336,195.71,1209.2833,494.5653,879.4605,2975.7871,200.6822,39655.6875,17956.5
2022-08-19,3344.1677,754.9164,714.6191,393.8,709.9667,44.42,824.2578,706.7189,2452.0103,842.2709,1418.2202,257.7,454.62,373.604,1863.5863,8438.7236,193.61,1187.7222,483.417,867.5258,2979.7476,199.4829,38985.4961,17758.4492
2022-08-22,3216.6445,739.3197,695.0941,387.38,705.41,43.99,815.2509,695.974,2444.7039,824.7074,1399.1729,259.6823,447.21,364.657,1810.2599,8293.624,190.95,1184.4277,475.0094,847.5063,2952.2893,193.7399,38297.3047,17490.6992
2022-08-23,3223.2222,744.502,705.4193,391.72,715.1051,44.15,804.5871,693.8204,2413.106,835.981,1369.6467,260.9212,450.18,369.3743,1806.7947,8382.5391,192.19,1202.6945,484.8571,855.0617,2890.7268,192.1946,38697.1992,17577.5
2022-08-24,3244.5881,747.5914,702.4048,394.87,716.2201,44.33,806.4991,697.1573,2408.9177,845.0771,1365.2957,259.4345,451.49,371.733,1822.4845,8366.6787,192.63,1199.491,482.4416,847.9395,2864.9846,191.964,39038.0469,17604.9492
2022-08-25,3228.8877,740.8146,689.7063,394.26,718.4014,44.64,801.9531,693.3706,2395.8413,844.1578,1348.1128,257.9891,451.8,371.9619,1807.6128,8397.3428,191.78,1195.9921,483.4635,844.3783,2832.2891,191.5257,38950.2969,17522.4492
2022-08-26,3191.4856,742.3594,691.1695,394.85,708.5609,44.3,803.525,693.489,2393.375,842.7063,1351.1321,258.4433,454.77,378.59,1834.0836,8382.6348,191.92,1189.6079,486.6222,847.1215,2835.8096,192.4714,38986.6953,17558.9004
2022-08-29,3210.4023,726.2145,681.6025,387.78,698.6235,43.85,779.6058,681.3242,2397.3306,828.1911,1298.0298,258.9803,452.93,368.2298,1811.0779,8491.833,189.44,1180.361,478.3074,846.2551,2756.9094,186.5208,38276.2539,17312.9004
2022-08-30,3256.8318,748.9368,715.0644,399.95,704.4406,43.9,797.832,703.4291,2475.5574,858.6247,1325.7352,264.7207,462.18,381.2572,1850.5436,8730.2695,193.92,1198.6731,493.5434,859.5372,2826.0847,190.7646,39536.2891,17759.3008
2022-09-01,3309.5979,741.6119,702.8355,398.11,712.6329,43.35,786.8705,696.826,2425.4377,846.0931,1300.2054,262.3254,461.19,378.7492,1841.3507,8674.7568,191.82,1163.4347,495.4479,839.1328,2756.1616,189.3346,39300.793,17542.8008
2022-09-02,3294.7141,747.6412,703.7212,398.77,712.5844,43.37,785.5112,703.1451,2423.2043,844.2063,1290.2599,266.9095,460.75,381.934,1867.8698,8573.9229,191.61,1149.8481,498.6066,836.9192,2755.0176,188.0661,39420.543,17539.4492
2022-09-05,3288.7122,753.5211,704.2938,402.79,717.8198,43.54,795.3253,707.6655,2420.4126,853.9315,1297.6304,271.6174,461.05,385.7257,1894.6772,8603.1924,192.98,1167.7061,500.6504,851.4044,2757.658,187.0513,39805.2891,17665.8008
2022-09-06,3260.3362,747.442,696.7726,401.25,738.0338,43.5,796.8547,704.9674,2394.8179,855.0927,1292.1246,270.2133,464.59,381.307,1888.8538,8544.2686,192.48,1179.9974,499.6285,854.4362,2752.0693,186.5669,39666.0391,17655.5996
2022-09-07,3265.2339,752.8235,701.3871,399.28,730.1323,43.41,791.6716,701.6304,2386.9065,847.8835,1294.389,269.346,466.01,379.8241,1884.811,8444.4434,192.37,1173.136,495.0298,860.2111,2771.9155,187.9508,39455.4414,17624.4004
2022-09-08,3313.0549,777.0905,710.3079,406.47,746.3231,43.6,791.1193,708.8725,2398.5869,869.7531,1310.595,272.4847,467.07,384.1632,1900.501,8449.9717,194.0,1174.7944,505.9923,860.7404,2789.561,190.4186,40208.4805,17798.75
2022-09-09,3305.0847,782.1731,702.7964,408.82,742.3966,43.66,805.9466,709.3458,2409.3367,872.1239,1342.3408,272.9803,467.18,383.4268,1876.7736,8599.2998,194.6,1167.4788,514.0748,856.6018,2831.8049,192.4252,40415.2305,17833.3496
2022-09-12,3295.8179,798.2679,713.1707,410.22,745.6929,43.6,811.9371,706.9554,2401.6116,877.8817,1364.1411,273.3107,472.03,382.959,1888.469,8581.6621,195.64,1180.5427,515.5148,854.388,2854.071,194.6625,40573.5273,17936.3496
2022-09-13,3286.2153,802.8024,724.5774,412.96,760.3324,43.5,811.8096,716.2092,2407.3823,880.5911,1371.9111,276.2015,475.24,382.8396,1916.8165,8580.5557,196.95,1190.403,518.3948,856.746,2842.1021,194.9623,40872.625,18070.0508
2022-09-14,3302.2998,800.311,732.407,419.29,759.4598,43.18,791.9265,723.5696,2393.2351,888.4293,1310.151,276.9862,476.67,389.0697,1880.7683,8619.6777,196.27,1176.135,531.1688,850.5862,2746.2168,192.0332,41404.918,18003.75
2022-09-15,3260.4802,787.3055,722.8989,417.53,761.1565,43.05,781.6451,719.8066,2382.9976,887.9454,1272.3223,275.9537,480.38,384.9793,1884.2334,8852.8281,195.69,1164.4797,531.5405,841.4908,2732.0918,191.4565,41208.7188,17877.4004
2022-09-16,3190.5254,786.6078,711.9179,412.33,755.8728,42.26,762.1019,706.5768,2352.9822,879.7202,1222.8164,273.6411,467.12,384.213,1848.1371,8833.5068,191.9,1135.6257,521.925,835.4755,2647.9111,185.2753,40776.3281,17530.8496
2022-09-19,3184.4756,795.3779,733.645,413.35,758.8782,42.34,762.8665,711.2392,2400.5415,870.1401,1234.5825,277.1927,468.16,384.0538,1839.1852,8921.1719,192.75,1137.1024,531.6334,842.0203,2665.6011,185.4137,40903.9219,17622.25
2022-09-20,3258.3679,809.9779,747.2784,419.07,767.9915,42.49,776.6318,719.8066,2404.5437,887.123,1233.0284,277.5231,472.49,386.094,1860.3616,8940.3975,194.44,1137.2842,533.3056,877.7281,2675.7224,186.7745,41467.8203,17816.25
2022-09-21,3222.6941,803.7991,752.6857,416.52,756.4059,42.7,765.543,718.6942,2441.8188,885.6715,1222.9941,281.6115,466.27,381.8643,1824.6985,8889.5,193.5,1140.4198,529.2643,871.3276,2641.3108,184.8602,41202.9688,17718.3496
2022-09-22,3299.4678,786.5082,755.5142,411.67,760.187,42.99,762.739,703.3817,2506.1775,874.2044,1214.7356,284.998,468.17,376.7389,1817.5273,9037.4834,192.92,1129.6731,527.0347,873.9263,2646.7673,183.5686,40630.1289,17629.8008
2022-09-23,3260.3362,765.9785,734.7266,401.59,747.8258,42.82,761.2096,684.5192,2496.2185,853.7379,1212.5155,286.113,459.95,370.7577,1787.3507,8981.3477,189.64,1108.4983,511.5199,886.5347,2624.4573,181.9079,39545.7891,17327.3496
2022-09-26,3301.4355,740.0671,710.489,391.54,732.0229,42.64,770.429,675.2891,2476.2083,833.223,1225.658,274.7148,447.52,364.0499,1782.1528,8492.5537,186.21,1080.2574,504.7381,866.9003,2635.3257,182.1155,38615.8008,17016.3008
2022-09-27,3332.7402,734.9846,708.8595,388.72,737.4037,42.42,780.6677,669.2303,2493.6125,824.9977,1237.4685,276.5732,448.54,358.1384,1772.2864,8434.0137,186.05,1088.8456,498.4208,863.4835,2655.6116,183.7761,38358.7031,17007.4004
2022-09-28,3428.7671,714.0063,704.9103,383.17,738.2278,42.3,782.4097,657.7282,2514.8796,822.0463,1238.4896,268.3962,445.5,356.8047,1766.7517,8388.5479,184.47,1059.8552,487.5976,883.4066,2671.6299,183.6147,37759.4141,16858.5996
2022-09-29,3250.3015,716.5477,695.3435,382.02,741.3302,42.9,784.3216,654.3201,2513.4368,816.6273,1241.9972,275.0864,444.53,351.3709,1747.5482,8290.5957,184.07,1056.6063,484.7177,895.7744,2637.8782,181.1929,37647.3125,16818.0996
2022-09-30,3209.634,730.6993,717.9516,391.05,775.5051,43.16,792.2239,672.7804,2509.6211,834.1424,1255.1393,274.3844,447.75,362.0993,1778.5431,8486.0176,186.83,1080.4393,492.9395,913.0509,2644.2588,181.8618,38631.5,17094.3496
2022-10-03,3171.6565,720.2849,701.9057,385.88,778.8499,43.14,790.4395,668.9227,2440.7949,820.9334,1237.6461,267.9419,438.54,355.0731,1751.2062,8215.7637,184.25,1076.6907,482.8596,909.0565,2627.0088,181.9771,38029.207,16887.3496
2022-10-04,3205.1211,740.2665,732.9208,395.52,784.0367,44.05,803.8223,687.7616,2483.0955,839.6098,1269.3031,274.9212,448.83,362.7064,1801.5005,8353.7012,188.29,1096.5475,494.8905,909.1047,2720.4739,187.0513,39109.5977,17274.3008
2022-10-06,3196.6707,752.5245,724.6458,397.32,764.5497,44.28,819.5845,680.1882,2432.8838,856.8345,1292.1691,278.0599,452.27,362.0396,1841.3507,8365.7168,188.94,1100.5918,499.164,918.1038,2729.979,189.1962,39282.3945,17331.8008
2022-10-07,3210.835,753.1226,718.8716,396.35,768.9124,44.49,813.7639,677.2534,2419.5745,854.0282,1288.6616,275.9537,451.56,363.3333,1852.5167,8438.8682,189.19,1105.2493,492.5679,919.3069,2697.3718,188.2506,39177.5938,17314.6504
2022-10-10,3147.6975,774.2003,713.8068,395.58,768.1854,43.73,818.4797,669.7747,2425.0657,853.2542,1298.829,270.7915,447.16,359.9198,1838.1744,8518.9395,188.75,1093.1851,493.0789,910.5485,2744.5881,189.7267,39092.6484,17241.0
2022-10-11,3167.623,782.8707,704.9398,392.0,756.5029,43.42,797.5345,662.9822,2373.9229,842.4644,1264.3302,269.5113,441.9,355.8692,1808.6235,8347.5986,185.87,1071.4196,489.9667,909.2971,2701.4641,186.5438,38712.0,16983.5508
2022-10-12,3119.1296,805.9417,707.2299,395.87,751.8978,43.59,808.9207,667.3134,2411.803,840.2871,1268.6815,272.6498,443.06,360.308,1839.7145,8349.9521,187.21,1079.3033,495.9124,919.692,2728.9233,188.1814,39118.0977,17123.5996
2022-10-13,3081.4871,799.2646,699.9337,391.61,745.4506,43.69,834.4968,659.6453,2388.5815,826.0138,1260.8674,271.4523,438.77,358.5762,1805.9283,8314.3379,186.23,1082.734,484.439,932.0597,2731.1672,174.8733,38623.5508,17014.3496
2022-10-14,3058.9211,797.7697,711.7613,397.86,742.5905,43.26,851.8732,681.1348,2397.3306,842.1257,1309.1296,274.3018,437.14,365.0451,1840.0515,8283.3389,188.02,1077.2357,489.7809,939.6633,2727.5151,174.043,39305.1445,17185.6992
2022-10-17,3070.5403,811.3732,719.8552,403.65,742.6391,43.24,845.118,684.7086,2411.0586,856.5925,1323.0714,274.4257,439.66,369.8521,1812.7144,8385.7109,188.83,1094.5255,505.0633,943.2244,2745.6919,173.0282,39919.9844,17311.8008
2022-10-18,3097.6677,813.5656,723.3002,407.21,759.266,43.12,857.5238,683.4305,2421.948,867.9146,1335.2811,281.0747,444.42,370.1606,1846.3081,8466.0225,190.64,1113.8373,522.529,941.6362,2774.7654,174.9656,40318.2812,17486.9492
2022-10-19,3085.0884,827.0195,722.3215,408.01,759.5083,43.19,854.4772,690.436,2404.0315,863.2695,1319.0753,286.0718,443.72,372.0813,1833.6022,8381.4336,190.83,1133.2173,514.1213,940.2407,2754.6038,174.389,40372.7305,17512.25
2022-10-20,3016.0933,823.0333,727.4107,405.96,768.7186,43.04,873.1433,685.7736,2420.6912,859.9312,1332.7948,288.8387,448.14,370.9268,1832.8804,8369.9473,191.44,1136.262,515.9794,943.5612,2785.8833,175.9804,40099.0859,17563.9492
2022-10-21,2969.5203,897.329,703.9562,412.12,773.1298,42.73,881.5536,680.9454,2470.0188,877.8333,1332.4396,285.4523,442.4,378.7094,1806.506,8366.0068,191.52,1123.0844,521.0424,941.0107,2768.3237,176.4648,40783.5781,17576.3008
2022-10-24,2997.6084,906.3481,705.3019,416.7,777.638,43.48,885.3298,691.572,2394.8179,896.3644,1347.8463,287.1868,445.19,377.346,1838.2708,8425.7471,193.17,1126.8331,530.0076,949.9618,2789.7659,177.4565,41304.418,17730.75
2022-10-25,2962.3181,899.7706,695.1625,415.39,777.832,43.17,880.9529,686.7676,2331.8081,895.1547,1355.35,286.0305,443.65,367.5531,1876.1479,8656.0137,192.49,1109.4298,537.4861,954.341,2790.1184,177.4335,41122.2734,17656.3496
2022-10-27,2922.5159,912.0287,682.2631,416.94,792.1805,43.46,885.7161,688.4243,2344.4658,894.5258,1368.0526,285.6175,447.78,371.2155,1890.5383,8691.5312,193.45,1113.792,538.5082,973.6868,2785.9712,176.5109,41298.8203,17736.9492
2022-10-28,2932.0701,899.9698,685.7621,414.18,791.9382,43.28,883.9567,690.4595,2349.3525,878.5106,1358.4469,285.6175,446.94,375.0471,1901.1267,9124.6689,193.96,1147.8717,530.2397,952.8491,2791.1335,176.7877,40990.375,17786.8008
2022-10-31,2988.519,902.9099,699.1947,417.25,806.6262,43.23,893.5259,708.4465,2373.9692,879.3332,1380.351,288.0128,449.47,378.5701,1947.3781,9158.3604,196.27,1158.5272,533.0734,978.7397,2817.5159,178.3099,41307.418,18012.1992
2022-11-01,3038.2363,868.7766,705.5955,417.4,810.0679,43.31,909.7461,716.2803,2390.9285,879.2364,1412.0847,288.6735,454.77,380.0132,1948.6776,9088.1895,197.98,1149.553,535.9533,997.7005,2876.2371,181.0084,41289.0703,18145.4004
2022-11-02,3011.7908,860.6047,700.379,415.86,785.1517,43.5,897.0015,716.7299,2359.5405,875.4624,1394.4,292.9272,453.42,380.1625,1937.9451,8871.7168,197.41,1156.7323,533.1198,1012.4743,2860.3547,181.7234,41146.1719,18082.8496
2022-11-03,3020.8303,861.103,696.9927,417.38,793.6833,43.0,896.9587,713.5822,2385.8218,879.2848,1374.1567,292.1426,453.5,378.2119,1933.5171,8881.04,197.39,1161.0492,543.3855,1005.0151,2829.5156,179.2094,41297.8711,18052.6992
2022-11-04,3059.3445,865.139,705.8401,417.0,791.5019,43.29,897.1302,708.6595,2361.4609,876.043,1359.1204,292.06,454.38,378.172,1939.6776,8871.8125,197.77,1178.1344,551.7932,1000.8766,2838.9136,180.155,41257.9688,18117.1504
2022-11-07,2984.5283,869.9725,703.692,421.16,797.6098,43.74,898.675,714.1739,2373.1262,887.8487,1353.2402,291.9774,458.43,374.7186,1942.1322,8971.5898,198.62,1184.4277,570.5594,989.7599,2853.2959,180.5933,41686.2148,18202.8008
2022-11-09,2968.1321,870.7201,699.185,422.29,794.0712,43.97,904.0816,713.9609,2350.6392,881.075,1356.6067,297.9243,457.59,376.8683,1928.5117,8894.8818,198.32,1183.2463,571.86,975.5153,2837.7219,180.3396,41782.7148,18157.0
2022-11-10,2928.3679,840.8223,682.6547,420.57,800.5668,44.18,903.2234,721.7236,2355.137,881.2685,1348.3032,294.0423,453.01,380.6003,1903.6293,8744.6875,196.86,1168.933,562.7557,972.7243,2828.5452,179.3939,41603.2656,18028.1992
2022-11-11,2938.2249,847.7985,690.127,425.93,801.6817,44.76,936.0072,762.6201,2345.2517,877.2526,1409.4813,294.3314,457.46,378.0028,1935.8273,8735.3643,200.22,1195.8787,558.6215,975.5153,2925.8699,184.3758,42136.5625,18349.6992
2022-11-14,2936.1091,848.0974,687.6167,425.65,796.8342,44.82,943.1733,764.4661,2302.8547,866.0275,1423.1266,286.7739,459.7,382.7202,1924.9502,8797.6533,200.17,1190.0851,550.4925,978.7397,2943.1201,182.9228,42076.2617,18329.1504
2022-11-15,2961.2083,855.7214,687.6119,428.51,809.7771,45.15,947.3785,766.3358,2302.5732,882.2362,1430.9365,285.1632,460.61,380.6501,1921.8219,8807.1211,200.91,1184.7457,558.2034,977.9214,2940.5615,183.1995,42372.207,18403.4004
2022-11-16,2964.8142,852.4825,674.8203,429.87,815.5456,45.35,948.494,772.9153,2321.6406,884.0748,1438.8364,284.2133,457.07,391.299,1928.6079,8780.9268,200.87,1177.9526,557.1814,980.424,2960.6353,183.7069,42534.8047,18409.6504
2022-11-17,2953.8035,855.2728,674.8203,429.55,820.3446,45.17,937.6378,765.9335,2304.9158,890.0744,1425.0116,283.8829,453.61,388.2436,1953.5867,8638.1816,200.2,1180.9972,556.5311,975.3229,2955.032,183.015,42457.5586,18343.9004
2022-11-18,2976.7869,856.2695,664.6857,429.45,811.7645,45.26,946.7347,763.9219,2327.1216,890.6066,1430.3979,281.6941,451.32,390.035,1948.6776,8505.1455,199.92,1180.361,559.9221,971.7135,2950.135,181.6773,42436.957,18307.6504
2022-11-21,2976.595,867.0825,653.6851,428.05,825.2407,44.8,940.1696,756.0881,2343.7061,891.6227,1407.7758,278.5142,448.58,386.9598,1936.1641,8521.6309,198.55,1159.118,555.6486,965.5057,2897.2373,179.2786,42346.0586,18159.9492
2022-11-22,2984.8164,867.0825,654.2674,428.95,821.7504,44.9,946.9495,754.9757,2357.1045,893.8483,1422.9022,281.0334,449.39,386.094,1953.8274,8529.8506,199.23,1165.5476,556.5776,972.1948,2924.988,179.3478,42456.5586,18244.1992
2022-11-23,2981.8835,871.7166,663.5651,431.81,817.5331,44.77,946.9495,756.94,2349.2805,897.4772,1421.1964,280.6617,450.53,388.8009,1949.207,8588.2461,199.51,1161.9125,564.5208,979.4615,2919.1201,179.3248,42728.6055,18267.25
2022-11-24,2995.8274,875.5534,662.7136,435.16,822.4775,45.04,969.4344,769.2468,2388.4453,908.5088,1463.0743,281.4464,452.33,387.1091,1975.3889,8619.5811,201.72,1171.932,566.1,996.2567,2982.5176,183.7069,43074.8984,18484.0996
2022-11-25,2988.9517,884.7221,660.3794,435.16,821.0233,44.98,968.2327,765.6968,2377.4829,900.235,1468.3257,281.0747,453.6,383.8348,1985.5441,8669.9512,202.35,1189.4261,564.2885,995.0536,2990.9001,185.8058,42983.4492,18512.75
2022-11-28,3030.3506,888.6586,663.3107,435.31,811.8615,45.12,960.1657,757.4607,2366.0054,907.1057,1457.329,280.8682,454.59,383.7851,1987.1805,8637.1738,203.04,1230.2991,565.4033,995.9197,2995.8418,187.1204,43019.9492,18562.75
2022-11-29,3014.8201,889.5057,659.0728,435.9,810.3587,45.1,968.8765,756.3247,2468.1338,916.1534,1462.4009,282.7266,456.89,383.2675,1973.8008,8564.8867,203.43,1232.412,565.3569,1010.4531,2997.6943,186.8898,43052.9492,18618.0508
2022-11-30,3053.3823,898.1761,657.781,436.93,822.8654,45.1,961.8823,761.3421,2515.1221,922.1047,1467.6973,280.8269,461.27,387.547,1997.1913,8626.3594,204.7,1241.1136,559.6898,1006.7958,2991.915,187.6971,43230.4961,18758.3496
2022-12-01,3057.4214,900.7672,660.4039,436.7,822.7199,45.37,975.2703,766.5725,2494.9775,909.8151,1487.5814,280.4553,463.18,385.0092,2025.4908,8610.9805,205.54,1237.4558,564.9388,1007.1808,3066.7834,190.8338,43260.1445,18812.5
2022-12-02,3022.8979,902.0627,653.3573,435.61,822.7684,45.88,974.5408,760.7031,2450.238,900.5253,1470.3456,278.473,463.99,384.3126,2007.4426,8474.1943,204.81,1236.9332,564.4279,1000.9728,3034.5771,190.2341,43103.25,18696.0996
2022-12-05,3035.832,896.1331,651.8599,437.9,818.3571,46.09,970.5072,763.4721,2454.6887,903.4284,1472.0063,278.1425,463.74,385.8352,2007.5389,8451.3164,204.44,1218.8937,573.4858,1000.3954,3022.886,190.2111,43332.4453,18701.0508
2022-12-06,3040.448,901.5645,655.5886,436.77,807.9349,45.82,962.0109,762.6201,2487.2009,892.8323,1447.903,278.5969,463.63,385.1982,2015.1432,8379.5107,204.14,1222.4153,565.7285,994.7649,2987.106,189.7498,43138.0508,18642.75
2022-12-07,3102.7629,911.5305,648.4099,435.34,808.5651,45.84,949.0948,762.2888,2536.6721,892.3485,1441.2601,280.9095,464.55,380.461,2044.5016,8323.5664,202.87,1204.3757,563.9634,979.5578,2982.9153,187.4203,43098.1992,18560.5
2022-12-08,3097.9067,936.1461,644.177,440.5,807.2079,46.06,945.1899,766.5725,2534.8918,901.7834,1454.4115,279.5054,466.47,377.5848,2086.5657,8346.2041,203.62,1203.8077,568.2369,943.9944,2956.3997,186.221,43596.3438,18609.3496
2022-12-09,3103.1958,930.5154,637.8644,440.98,809.4377,46.11,881.8112,772.0396,2550.6328,899.848,1408.7633,281.9832,463.87,375.8034,2073.4268,8279.541,202.48,1185.5638,572.7426,955.5921,2905.3992,181.7695,43632.9414,18496.5996
2022-12-12,3044.9199,935.4486,636.7927,441.77,803.136,46.19,882.5837,778.051,2545.9482,900.235,1388.9238,283.47,463.88,371.3648,2082.7158,8324.1436,202.61,1187.3812,569.5374,950.3467,2899.8403,182.8305,43708.2422,18497.1504
2022-12-13,3056.6042,941.3782,647.9108,444.71,812.4917,46.16,896.5724,780.2047,2539.4363,902.7995,1411.3217,285.4523,463.23,371.9121,2091.5713,8286.6084,203.77,1192.7887,572.9749,957.3246,2940.1204,183.4763,43946.0391,18608.0
2022-12-14,3025.3018,939.1857,651.346,444.84,803.9116,46.54,906.4418,786.8077,2515.4033,891.9614,1417.83,285.2871,465.09,372.8476,2113.2771,8306.6953,204.35,1188.472,581.1038,962.7145,2969.4585,184.5372,44048.5898,18660.3008
2022-12-15,3010.5408,934.9503,648.4294,439.69,801.1484,46.03,894.5555,772.3946,2495.3523,879.4299,1382.9094,279.8771,460.46,370.8572,2096.0474,8251.4736,201.58,1171.5912,572.2317,964.5914,2916.2969,182.3,43497.6953,18414.9004
2022-12-16,2938.7056,931.9105,645.6402,436.85,797.6583,46.1,883.6562,776.1102,2502.895,872.8497,1366.4814,276.7797,454.17,366.3488,2093.5925,8156.9355,200.16,1165.7975,560.5259,956.3622,2859.0754,179.786,43218.9961,18269.0
2022-12-19,2962.7947,942.9727,654.4583,439.14,814.77,46.42,886.7458,778.5244,2546.7444,877.1559,1353.1508,281.2399,458.98,369.8521,2102.2559,8270.4092,201.67,1181.1106,561.5479,950.8762,2825.3691,179.4631,43413.2461,18420.4492
2022-12-20,2963.9487,946.5106,650.1373,440.02,803.6693,46.75,883.6991,773.1519,2505.9399,880.3008,1353.1056,280.9508,458.89,367.6526,2082.2825,8193.9902,201.21,1191.3346,561.5479,951.261,2862.3401,179.417,43358.9961,18385.3008
2022-12-21,2951.9285,929.1202,638.7697,432.06,789.175,46.86,892.8392,765.6732,2498.1165,863.4147,1355.1257,276.821,451.52,361.1837,2065.9668,8026.7822,199.4,1174.3856,551.2822,967.8636,2884.0461,179.6707,42617.4531,18199.0996
2022-12-22,2970.1035,916.4136,635.2415,430.36,791.6958,46.87,891.7663,763.0461,2478.5808,861.8665,1366.3469,274.5909,448.08,363.4627,2030.9774,8011.354,198.55,1171.3412,551.2822,972.7243,2876.2371,179.3248,42408.3086,18127.3496
2022-12-23,2940.6287,903.5078,623.8837,421.38,783.9883,46.69,884.4717,756.23,2455.8596,850.4962,1343.9491,269.8416,431.86,362.6467,1985.5441,7826.0747,195.15,1136.9889,533.2592,963.9656,2848.575,174.2045,41667.5664,17806.8008
2022-12-26,2938.8499,925.5325,629.6677,430.88,786.2666,46.69,885.4156,771.2822,2452.4395,864.334,1348.707,276.3667,441.43,360.9747,2012.7848,7936.8101,197.23,1146.9174,554.7195,962.522,2870.2373,175.5191,42629.6523,18014.5996
2022-12-27,2993.2312,929.0205,636.6165,433.18,789.9507,46.87,889.4064,772.0632,2429.7654,871.5433,1359.8834,275.1691,445.01,362.4377,2044.5981,7983.5747,198.0,1156.3007,559.1789,962.6182,2876.0603,178.333,42859.0,18132.3008
2022-12-28,3003.9053,921.5461,633.8174,432.69,779.2862,46.55,888.634,771.4479,2420.7239,869.8982,1355.6642,276.2015,447.06,362.2784,2041.7103,8094.6943,197.99,1156.1873,558.3892,957.6615,2873.9429,178.8865,42827.2031,18122.5
2022-12-29,2995.6831,931.3624,637.2234,436.93,795.7193,46.61,896.3577,776.8913,2406.1543,878.7041,1362.3074,276.9862,447.35,362.0097,2031.8917,8108.8726,198.78,1155.6646,568.3762,963.0032,2884.2229,180.2473,43251.8477,18191.0
2022-12-30,2969.4783,930.5651,643.5164,435.48,781.5161,46.79,891.9381,770.6669,2399.5955,862.0599,1353.9137,273.8476,447.23,363.7016,2007.7313,8069.269,198.04,1157.4366,570.1413,963.8214,2873.5896,181.1699,42985.9492,18105.3008
2023-01-02,2930.3872,938.3884,641.4171,437.18,788.6904,47.17,892.0668,770.9272,2397.1121,873.2851,1368.0973,274.9212,445.65,363.2637,2011.2448,8077.6323,199.34,1170.4779,568.7479,959.5864,2877.781,181.3083,43203.1016,18197.4492
2023-01-03,2912.1157,959.0178,646.5553,439.23,792.6653,47.63,893.6974,775.9682,2381.793,872.2206,1366.7959,273.4759,448.58,364.8163,2010.7635,8057.8794,199.68,1161.9125,568.9337,971.2322,2921.8115,183.1534,43425.25,18232.5508
2023-01-04,2901.1533,954.1843,643.1053,435.32,787.0422,48.07,889.6208,762.0995,2376.2185,870.0433,1341.8844,270.0894,443.37,362.4078,1993.0524,8096.3765,197.67,1144.4182,562.2447,966.4199,2924.7227,179.763,42958.8008,18042.9492
2023-01-05,2889.1323,946.3113,597.0134,431.63,782.4855,47.78,896.0574,757.2004,2420.8174,850.7381,1324.2894,275.4168,445.94,362.3183,2009.2234,8133.1919,197.07,1142.3735,562.1517,978.0659,2921.5906,178.4714,42608.6992,17992.1504
2023-01-06,2864.1777,936.6943,585.3032,427.41,771.7241,47.5,886.3597,754.6917,2414.0242,841.9806,1300.3209,276.7384,442.45,355.6503,2008.4536,8058.1665,195.72,1152.7563,558.0176,970.8474,2833.7512,176.211,42188.8008,17859.4492
2023-01-09,2869.7073,955.4799,586.5706,430.82,794.4104,48.11,916.0967,756.1591,2458.624,845.1255,1332.593,279.2163,446.68,360.6463,2042.2877,8052.3521,198.28,1179.9747,564.5673,978.6916,2929.3994,180.7316,42582.75,18101.1992
2023-01-10,2846.8201,948.9025,577.8405,426.09,768.6702,47.96,913.007,742.3375,2477.1753,833.5133,1319.3971,275.3756,445.12,357.3919,2027.8008,7971.7515,196.13,1162.5259,552.908,973.879,2899.7959,181.3083,42014.75,17914.1504
2023-01-11,2827.6348,946.5106,577.0184,428.0,742.2027,48.02,905.2404,753.035,2429.7654,838.3033,1320.7437,274.054,442.8,358.6459,2045.801,7963.3887,196.13,1147.8717,554.348,989.4232,2937.1199,181.6773,42232.6992,17895.6992
2023-01-12,2804.123,932.3591,577.2778,426.3,733.8167,47.95,919.7014,757.0585,2426.7671,832.8359,1329.1372,272.4434,443.76,354.1973,2078.9133,8044.854,195.61,1123.0844,552.6757,994.0911,2942.1052,181.9771,42082.25,17858.1992
2023-01-13,2797.583,930.9638,585.0487,429.24,740.9908,48.23,924.9791,757.6501,2458.5769,845.2223,1349.8291,271.5349,445.74,354.3565,2072.8013,8125.791,196.61,1121.2667,557.5067,992.888,2977.5762,181.7003,42371.25,17956.5996
2023-01-16,2804.2188,910.0355,588.2882,427.67,735.9979,48.7,938.6248,750.3844,2433.3723,837.2874,1369.444,272.7325,446.09,355.2522,2057.2073,8055.3315,196.06,1110.5885,560.2007,996.5936,3008.71,183.8684,42167.5508,17894.8496
2023-01-17,2828.1157,914.5699,585.7485,428.04,742.3482,48.5,953.5148,761.5551,2499.3813,837.1906,1382.0116,274.4257,446.3,357.8099,2130.2668,8150.7339,197.47,1126.356,550.8642,993.9467,3048.7327,182.8305,42235.0508,18053.3008
2023-01-18,2832.2991,920.8484,587.0893,430.01,752.8672,48.46,957.0334,774.998,2516.8557,841.4,1387.3082,276.408,445.49,358.0985,2181.668,8164.8652,198.65,1124.4929,549.4706,1001.0692,3059.2002,185.9903,42458.0,18165.3496
2023-01-19,2756.2324,925.5325,588.4399,428.67,748.4561,48.5,962.4457,778.2166,2482.7034,838.1582,1381.4731,274.3431,443.77,351.769,2188.0212,8172.1714,198.43,1123.2888,547.9841,1001.5023,3043.9492,186.0826,42328.8516,18107.8496
2023-01-20,2680.8872,927.3762,573.5587,430.59,741.1363,48.76,959.3282,786.1923,2388.0706,842.2225,1369.4889,276.3667,442.84,350.8932,2165.7373,8112.7173,197.45,1109.9296,550.1674,991.685,3034.9258,185.9672,42506.8008,18027.6504
2023-01-23,2677.6655,929.5189,573.8132,433.57,749.1347,48.77,970.9324,791.9435,2432.717,843.5289,1389.6421,278.9684,443.84,355.0432,2149.9031,8090.8965,198.44,1104.3177,557.8318,1009.9239,3081.6704,187.7432,42821.25,18118.5508
2023-01-24,2702.8127,907.0956,573.0352,432.66,751.9947,48.91,985.3507,802.5463,2436.5583,842.6096,1393.1432,279.9597,442.94,350.3657,2124.8762,8361.6797,198.42,1097.7972,552.1647,1001.6464,3100.9824,188.0206,42733.4492,18118.3008
2023-01-25,2668.5781,889.3064,567.2461,422.41,752.8187,48.76,972.2745,780.3704,2457.0308,827.6588,1385.1536,280.2075,431.92,348.2857,2093.3037,8443.6729,196.04,1082.6204,528.3354,1001.0211,3095.0713,185.6854,41647.6484,17891.9492
2023-01-27,2618.2361,870.7698,563.8011,409.34,750.8798,48.78,966.0827,764.8212,2447.4739,790.7902,1363.7434,285.7827,415.26,340.9808,2079.01,8398.8809,193.0,1062.0817,501.6259,1004.2452,3078.1963,184.0669,40345.3008,17604.3496
2023-01-30,2660.1157,868.8763,589.355,409.38,746.7109,48.77,982.666,764.0402,2406.2478,796.8865,1381.3833,284.7916,410.1,343.5982,2033.8171,8475.2998,193.25,1072.2601,500.0002,1012.2335,3098.5911,186.0091,40387.4492,17648.9492
2023-01-31,2621.313,868.6271,576.1034,412.38,746.8079,48.67,971.7983,758.9991,2414.3054,805.0151,1376.85,291.0276,414.68,344.5437,2044.8865,8550.5654,193.44,1069.5792,514.2142,995.6793,3030.9546,184.4369,40655.0508,17662.1504
2023-02-01,2638.5264,854.3261,569.3307,410.42,745.6444,49.41,980.3713,770.3829,2411.9631,820.5464,1392.425,298.5025,408.42,347.2706,2065.2449,8429.0146,193.13,1063.2405,489.9202,976.8148,3075.76,186.0785,40513.0,17616.3008
2023-02-02,2601.8877,865.4879,559.5878,412.33,754.0306,50.47,995.5259,758.928,2468.7429,830.1749,1421.7351,312.709,407.07,350.6643,2064.6194,8526.3896,192.91,1057.356,490.6169,969.7886,3122.7305,189.3385,40669.3008,17610.4004
2023-02-03,2654.5381,879.5896,588.6161,419.14,768.7186,49.42,992.5385,785.1748,2481.7666,835.8842,1435.7841,314.4022,405.27,354.3565,2085.4592,8595.7432,195.12,1058.2875,505.5742,989.5675,3142.4937,188.6218,41499.6992,17854.0508
2023-02-06,2648.5757,879.6396,597.4194,418.31,765.1799,49.04,992.1487,781.8376,2471.3196,826.1105,1409.257,316.6736,409.58,347.7284,2075.4001,8562.7715,194.48,1050.3129,506.6891,984.9476,3122.3247,187.1189,41374.6484,17764.5996
2023-02-07,2652.2781,876.1016,602.9344,419.37,761.9321,49.07,977.0374,782.9973,2437.2139,825.1913,1402.5692,308.2902,409.1,353.3812,2084.2559,8422.8633,194.04,1047.7909,508.2684,968.6337,3133.6951,185.1999,41490.9492,17721.5
2023-02-08,2659.5391,868.7766,621.6375,419.76,751.4615,49.2,991.5425,782.9027,2419.9741,831.3361,1427.7946,310.1898,412.85,351.4107,2051.0952,8492.3135,195.54,1068.7159,510.7303,982.3065,3176.605,188.09,41537.6484,17871.6992
2023-02-09,2706.6597,864.7405,631.7524,420.23,743.2692,49.11,992.7114,781.2697,2423.6282,832.9811,1451.5835,309.1161,409.13,352.4855,2067.0259,8460.1113,195.89,1070.579,511.7058,976.2944,3195.3303,188.8068,41554.3008,17893.4492
2023-02-10,2697.0432,864.292,629.8439,420.06,748.4075,48.66,966.1261,784.3701,2415.0083,826.2557,1443.998,306.7209,410.23,352.7144,2082.8601,8469.8672,195.49,1061.7635,513.7961,976.1003,3192.3521,187.6507,41559.3984,17856.5
2023-02-13,2683.7244,856.1698,621.0356,417.34,745.1597,48.67,963.8313,784.9617,2418.2878,823.1592,1407.1025,309.0748,403.47,353.0628,2120.8337,8468.042,194.6,1055.7203,499.3498,984.4883,3142.5837,185.2461,41282.1992,17770.9004
2023-02-14,2670.5015,867.7801,632.1145,420.6,751.5584,48.79,974.6127,792.2275,2416.9761,837.3357,1430.2632,319.1928,404.17,352.3761,2109.6196,8434.3994,195.98,1080.5984,502.462,976.2458,3158.5564,187.327,41648.3516,17929.8496
2023-02-15,2679.3005,865.3384,635.173,421.69,761.4474,48.16,981.064,790.6182,2387.7893,842.658,1433.6746,320.856,405.38,355.3916,2093.6411,8502.5498,197.08,1105.0675,503.7627,965.2398,3177.1011,188.3906,41731.0508,18015.8496
2023-02-16,2698.3411,861.8006,630.02,421.28,760.5262,48.18,976.9506,787.7544,2367.7859,841.3516,1437.9385,321.1498,409.91,355.8792,2096.769,8463.8604,197.35,1104.2042,501.7652,964.9974,3210.8516,189.5466,41631.3516,18035.8496
2023-02-17,2724.9309,851.9841,628.0039,416.31,753.1096,47.95,960.8436,783.802,2356.9167,834.7714,1421.7802,321.8633,406.93,350.1667,2143.021,8466.4082,196.3,1108.8164,493.3111,954.67,3159.5042,187.8819,41131.75,17944.1992
2023-02-20,2717.1897,843.8619,623.1789,412.84,755.3879,48.38,966.1693,776.4416,2353.1221,824.5623,1429.545,322.409,406.09,345.7977,2142.2026,8356.7305,195.59,1097.093,487.8764,954.5731,3147.0056,188.2287,40701.6992,17844.5996
2023-02-21,2709.0635,841.1711,624.3386,411.9,755.291,48.26,957.0764,779.3527,2357.5256,826.5944,1417.9197,320.8979,405.69,344.3845,2146.0046,8333.8516,195.26,1106.0446,486.297,942.1609,3114.2478,186.2403,40673.6016,17826.6992
2023-02-22,2688.7244,830.5076,606.6633,405.9,748.6014,48.16,946.1654,764.0638,2336.8191,812.1276,1402.0305,322.2411,399.82,338.4828,2112.6035,8323.374,192.51,1080.9618,479.701,939.2033,3069.6235,182.7259,39995.8984,17554.3008
2023-02-23,2602.1763,841.4701,607.0255,405.81,739.682,47.86,947.6807,758.8807,2333.6335,812.6115,1392.0659,325.3892,397.89,339.7965,2078.3359,8359.2285,192.01,1075.7819,484.0209,943.0337,3080.6777,182.171,40001.5508,17511.25
2023-02-24,2633.4778,848.4961,610.3433,404.68,734.0104,47.78,948.1137,752.1119,2327.5906,812.563,1392.0211,323.2905,397.42,337.836,2054.1755,8324.8652,191.46,1083.1431,484.0674,941.0942,3068.6306,181.8704,39909.3984,17465.8008
2023-02-27,2644.4409,851.436,606.2573,408.36,729.9385,47.44,938.6745,753.9817,2312.552,828.7233,1354.9012,320.856,393.96,343.5385,2034.587,8297.6611,190.56,1075.9408,490.2454,935.8093,3006.7249,180.5063,40307.1016,17392.6992
2023-02-28,2720.3149,841.2209,598.1927,408.06,719.6133,47.41,933.1758,757.1531,2305.5249,827.2233,1335.3762,316.2387,394.47,344.1953,2030.2075,8290.1162,189.7,1055.3567,485.6932,927.6153,2989.5786,178.9803,40269.0508,17303.9492
2023-03-01,2731.9507,862.1992,602.3766,412.37,727.3208,47.77,953.5262,756.4194,2310.7717,828.6266,1343.0067,317.9177,398.97,347.3104,2036.1273,8424.498,191.28,1065.0579,498.6066,930.2335,3055.3203,180.7838,40698.1484,17450.9004
2023-03-02,2725.219,842.5663,595.3446,409.53,717.5289,47.81,957.7261,749.9819,2300.5588,826.4008,1321.5515,315.2733,398.88,342.6926,2042.1917,8217.4453,189.93,1056.9471,495.8659,936.0518,2997.3398,179.4427,40389.8008,17321.9004
2023-03-03,2720.363,849.7418,597.0134,416.96,741.0878,47.82,969.0271,764.8685,2315.2224,840.4807,1327.97,323.1646,402.8,348.5246,2071.5017,8267.9102,192.51,1083.9154,521.3676,937.6032,3016.0195,180.5525,41251.3516,17594.3496
2023-03-06,2754.6938,856.5685,600.4193,417.84,743.2207,47.83,975.6951,770.2646,2328.199,839.7065,1353.2402,325.8509,406.52,348.5246,2061.0095,8296.9414,193.63,1094.5028,521.8322,936.0033,3042.8215,182.0785,41350.3984,17711.4492
2023-03-08,2749.8855,858.0135,586.9131,419.91,743.1722,47.12,970.4561,771.8029,2328.4336,843.9159,1339.9993,329.4188,406.7,346.3749,2089.55,8356.9697,193.95,1098.4333,524.7121,928.488,3059.5615,181.5467,41577.1016,17754.4004
2023-03-09,2744.1157,864.8401,577.5616,417.13,749.8134,47.07,966.9919,771.8739,2306.2273,828.288,1328.9574,325.3052,404.15,341.6974,2111.1116,8210.9092,192.64,1072.033,519.231,923.8336,3011.2371,180.3907,41256.75,17589.5996
2023-03-10,2721.6614,848.9944,574.9044,410.0,750.1526,47.43,966.6891,751.97,2310.022,815.4177,1321.0128,325.725,403.83,338.234,2077.0847,8268.1992,190.75,1055.4248,508.5006,926.5972,3005.958,179.9283,40485.4492,17412.9004
2023-03-13,2677.4253,829.511,570.9309,401.21,741.9603,48.82,951.3612,742.4559,2300.3247,801.6282,1288.2917,322.0732,399.34,333.1783,2053.9832,8188.272,188.12,1038.0669,492.3821,925.1911,2961.6938,178.2404,39564.6992,17154.3008
2023-03-14,2640.3057,830.0093,560.9482,399.74,748.262,49.13,938.7612,740.4678,2288.4719,803.5152,1274.7363,318.7572,394.82,328.0728,2063.9456,8182.2646,186.91,1034.182,488.1087,928.1971,2901.2319,175.4659,39411.3984,17043.3008
2023-03-15,2718.9685,821.2394,559.6954,395.81,733.5742,48.93,934.951,729.8414,2254.4138,799.209,1274.4221,318.5054,396.51,331.596,2095.1809,8146.5054,186.1,1016.5058,480.8158,922.5729,2886.7478,173.7549,39051.5,16972.1504
2023-03-16,2782.293,827.7171,559.3383,396.37,723.2004,49.7,928.6729,734.5748,2304.3069,797.2737,1260.463,320.2263,398.05,331.1182,2092.2454,8110.459,186.23,1011.4393,487.2725,938.0881,2874.2046,172.4139,39132.6016,16985.5996
2023-03-17,2752.8667,834.5439,561.0265,399.76,734.1558,49.75,959.8909,744.3965,2293.1101,809.2245,1275.3647,315.2733,401.01,336.9999,2113.5659,7994.5322,187.42,1010.1671,492.1963,928.6821,2869.0603,174.1017,39598.1016,17100.0508
2023-03-20,2745.6543,834.6933,543.2582,397.46,731.7806,50.91,944.6497,739.2372,2352.8879,809.4181,1260.0588,318.0016,398.09,338.3037,2096.0474,7901.0508,186.2,1000.2385,482.3487,932.0761,2836.5742,169.7781,39361.9492,16988.4004
2023-03-21,2730.2202,852.6818,558.8488,402.95,733.865,50.48,938.6313,747.6153,2307.3521,824.8527,1248.4337,316.4485,399.5,339.7368,2125.7905,7909.5107,187.46,1031.3419,484.8106,927.2275,2803.0032,169.4313,39894.6992,17107.5
2023-03-22,2730.9412,846.7521,570.9945,403.96,733.6226,50.04,936.5098,745.8876,2320.2351,832.4005,1247.1321,317.1202,402.86,339.3984,2131.0847,7932.5801,187.88,1034.4772,484.5319,942.5972,2825.2935,169.4313,39999.0508,17151.9004
2023-03-23,2690.5039,845.9049,570.882,400.22,740.2636,50.36,923.0438,739.8998,2328.4336,827.804,1233.9359,319.5547,400.3,334.3328,2124.0581,8029.4746,186.91,1021.3905,476.3565,948.0276,2819.7434,167.1654,39616.8984,17076.9004
2023-03-24,2691.1768,837.0353,552.8934,397.73,739.1973,50.9,910.7903,738.7166,2324.4045,824.8527,1239.4116,317.9177,398.28,336.8109,2085.074,7923.4487,185.68,1001.17,469.4817,943.373,2815.999,167.281,39395.3516,16945.0508
2023-03-27,2696.2256,830.5076,547.3931,398.45,738.5187,50.4,910.5738,741.9351,2341.457,821.2722,1246.8627,319.177,395.83,339.4084,2073.3789,7957.5239,186.18,1016.733,473.941,953.6518,2817.6228,167.0498,39431.3008,16985.6992
2023-03-28,2677.6655,829.6108,541.658,400.02,725.6242,50.41,901.5676,747.9703,2326.2783,827.1266,1236.674,318.7992,392.12,338.1544,2053.7424,7890.6694,185.71,1021.4816,472.0365,954.3792,2811.8472,164.7146,39567.8984,16951.6992
2023-03-29,2664.251,839.726,550.5397,404.01,720.9221,50.69,924.4294,751.5677,2371.2988,823.4979,1242.0153,321.3177,394.62,342.5632,2067.0737,7973.8174,187.09,1015.438,479.8403,961.8458,2832.6028,166.0325,39910.1484,17080.6992
2023-03-31,2655.74,855.5718,549.7126,410.55,726.1574,51.07,939.8006,761.8629,2398.9397,848.8995,1281.8729,321.9472,400.43,344.912,2083.197,7970.79,189.86,1059.219,486.5757,953.3124,2893.0649,168.8995,40608.6484,17359.75
2023-04-03,2670.5015,861.6511,559.3333,412.37,737.3552,50.8,950.9716,762.3361,2376.2185,855.2379,1266.5223,318.0856,400.92,347.4697,2088.9243,8173.5171,190.56,1059.4006,489.3628,949.3851,2887.7407,170.1481,40813.0508,17398.0508
2023-04-05,2700.7932,857.565,563.8598,414.09,740.1668,51.86,962.2723,782.7844,2419.927,856.012,1277.9232,324.3818,402.91,348.7037,2173.2456,8119.6875,192.19,1056.8562,485.8789,966.9368,2923.6572,170.9804,40999.1484,17557.0508
2023-04-06,2702.092,849.0443,580.5858,414.81,742.5905,51.81,945.5157,788.7484,2403.5305,846.7223,1276.4419,325.1794,404.85,349.7387,2189.1279,8186.5889,192.94,1063.9447,490.1989,981.4338,2906.4207,169.5469,41041.0,17599.1504
2023-04-10,2669.8765,844.4598,570.466,413.13,746.2746,51.38,955.258,785.009,2372.5171,840.3839,1281.559,326.1867,406.12,350.1766,2223.251,8204.374,192.64,1056.4019,488.9447,978.0399,2944.9541,172.622,40834.6484,17624.0508
2023-04-11,2648.1912,850.3896,571.342,418.13,750.5405,51.55,941.3158,787.3048,2387.1338,853.3993,1262.3031,332.441,406.89,367.5331,2215.3579,8323.9512,193.76,1061.6273,494.333,978.6702,2900.1941,171.2116,41366.5,17722.3008
2023-04-12,2679.8777,848.1473,573.2211,420.43,747.5834,51.72,947.8109,797.5289,2369.5186,861.3826,1282.1875,330.3842,408.48,367.0455,2202.8445,8286.9424,194.64,1066.3076,490.7099,985.8944,2925.3264,172.0902,41557.9492,17812.4004
2023-04-13,2701.9954,861.4019,577.8699,425.4,743.657,51.94,928.1963,801.1025,2376.312,869.9465,1247.0872,332.1052,407.48,372.1112,2174.2083,8334.7646,194.77,1070.329,495.1228,973.0943,2877.6792,170.3099,42132.5508,17828.0
2023-04-17,2734.0662,861.6012,583.4485,427.05,736.4827,51.7,902.5201,788.8904,2390.9756,872.1722,1129.5781,335.9249,409.61,377.2166,2131.1328,8338.4668,193.91,1075.7589,505.3885,968.4398,2833.144,167.0961,42262.5508,17706.8496
2023-04-18,2745.1255,860.4052,578.9661,426.91,736.5796,51.52,921.2684,785.5535,2380.8564,867.866,1130.5206,334.5398,411.36,375.8532,2133.6357,8394.2188,193.24,1063.4448,507.1071,974.3549,2825.2483,170.1249,42265.1992,17660.1504
2023-04-19,2701.9475,870.421,582.1077,425.86,741.3302,51.12,899.4893,788.4407,2372.002,863.0761,1106.1479,334.7496,407.58,375.1765,2136.5232,8343.5615,192.86,1068.7386,501.951,965.3367,2788.114,166.8417,42154.0,17618.75
2023-04-20,2734.7881,865.7869,578.6774,427.06,748.7469,51.64,898.4501,791.3755,2335.4609,865.4953,1098.2483,336.0509,407.21,374.9973,2149.1812,8376.915,192.99,1066.0349,506.1317,957.8215,2801.8303,167.7897,42269.5,17624.4492
2023-04-21,2771.571,861.2524,581.1437,425.64,741.8633,51.29,908.3654,792.6534,2340.4734,857.0281,1101.7942,342.7248,406.29,376.9181,2132.2881,8226.7695,192.85,1067.3755,504.5988,959.4701,2852.4109,170.1943,42118.0,17624.0508
2023-04-24,2780.2256,879.2906,580.7375,431.09,737.0643,51.26,912.7819,799.0673,2342.1597,875.5107,1100.8516,343.1026,408.51,377.6346,2145.4751,8138.0464,193.95,1071.4652,515.2361,949.4822,2864.9998,174.7723,42635.75,17743.4004
2023-04-25,2786.8611,875.3541,594.5862,431.19,749.0377,51.32,912.2623,787.707,2333.446,883.9297,1099.5947,345.4952,410.43,376.0522,2163.8123,8140.6904,194.13,1079.6669,521.925,943.0337,2866.0825,173.7087,42678.5,17769.25
2023-04-26,2798.4009,884.6224,592.6973,432.65,749.8618,51.48,922.7407,791.3282,2352.5129,885.3812,1101.9738,346.0829,411.31,373.9225,2190.9568,8177.2173,194.62,1073.3281,526.1521,941.8215,2886.0708,173.2,42829.8984,17813.5996
2023-04-27,2788.7363,878.3937,606.8004,434.42,762.5138,51.47,927.6768,795.6829,2313.3013,888.6712,1118.7607,349.231,413.08,379.8937,2219.3047,8211.8701,195.93,1080.1212,524.6657,949.0457,2876.8667,173.1307,43000.8516,17915.0508
2023-04-28,2791.0444,857.0667,614.6349,436.6,774.9235,51.25,937.2331,798.8069,2302.386,887.994,1124.5958,357.2481,418.39,385.7556,2275.9036,8256.6641,197.29,1099.8647,537.2539,957.7246,2905.1123,178.0323,43233.8984,18065.0
2023-05-02,2788.3513,867.6805,611.6057,437.85,766.101,51.31,940.2719,798.6412,2297.1392,892.3,1146.769,356.3247,420.1,382.3918,2295.2034,8436.7051,198.39,1109.2026,534.4669,943.567,2905.2473,179.5815,43352.1016,18147.6504
2023-05-03,2817.3452,856.9172,604.8625,437.72,755.5333,52.06,932.6972,801.4338,2329.2766,893.0258,1139.3182,358.5913,421.08,384.3424,2268.1069,8456.3633,197.68,1099.683,530.0076,934.4033,2869.6018,178.0786,43312.6992,18089.8496
2023-05-04,2868.4573,862.9965,625.4153,441.18,765.0345,52.51,939.6113,817.8351,2348.7188,891.913,1143.2682,356.4507,423.84,387.6564,2268.6843,8459.5352,199.44,1112.3606,538.8333,944.4881,2906.4207,177.4312,43685.4492,18255.8008
2023-05-05,2897.4023,862.3487,625.3761,432.14,763.2894,52.5,929.7026,769.4835,2343.0969,896.9934,1130.2961,359.9346,423.56,383.8945,2288.5134,8601.8477,197.84,1109.5206,535.5817,941.0457,2915.4453,175.4428,42661.1992,18069.0
2023-05-08,2903.6533,875.4539,651.6151,437.54,769.5427,52.17,947.4942,778.3823,2357.6665,907.5895,1136.1312,362.2011,427.06,389.8957,2276.8662,8724.502,199.71,1123.2207,542.1777,932.7064,2933.4038,175.8821,43284.0,18264.4004
2023-05-09,2918.4146,885.2204,641.2703,436.29,769.3973,52.37,950.3567,778.406,2357.198,904.2026,1140.7096,355.779,426.54,388.99,2285.4814,8758.4346,199.7,1126.6969,532.7946,928.4396,2962.8669,176.7838,43198.1484,18265.9492
2023-05-10,2924.7617,886.8648,649.0266,437.22,771.7725,52.43,949.7401,782.0034,2363.6628,905.7992,1134.0219,357.0802,428.27,389.8658,2275.9519,8812.8408,200.0,1134.4442,531.5869,924.9002,2966.0703,177.4543,43331.0508,18315.0996
2023-05-11,3019.3398,892.8942,652.1534,439.39,764.5497,52.37,958.3716,782.524,2428.969,908.8475,1127.603,352.9247,431.66,389.7165,2158.2292,8901.9961,200.35,1127.0377,532.7482,931.9304,2961.874,177.8705,43475.3008,18297.0
2023-05-12,3011.0215,907.544,657.1399,442.59,767.7976,51.91,964.8896,789.4348,2458.0144,913.3956,1117.818,352.9667,431.11,390.244,2137.9675,8935.1602,200.26,1128.8778,537.1146,927.0335,2954.79,177.2231,43793.5508,18314.8008
2023-05-15,3011.887,912.6765,656.9344,445.19,772.742,52.28,968.6327,793.2216,2494.4155,915.1858,1129.6229,359.137,433.05,392.7121,2162.7537,8850.4736,201.34,1131.1044,540.5984,924.1245,2937.4189,178.3792,44072.1016,18398.8496
2023-05-16,3017.7532,914.6696,664.0104,444.97,763.3378,52.05,960.662,788.6732,2507.2048,915.7664,1134.9644,355.905,433.54,387.547,2143.8389,8719.792,200.51,1114.9962,544.6861,912.4396,2940.2163,178.9341,43903.6992,18286.5
2023-05-17,2973.854,911.6798,656.2249,442.86,768.0884,51.62,946.4373,784.436,2493.947,908.9926,1119.3444,358.9691,431.17,380.0032,2136.5232,8765.9805,199.76,1108.4073,544.6861,907.591,2895.5916,176.7838,43698.6992,18181.75
2023-05-18,2989.8171,911.5802,664.4802,443.79,774.9719,51.59,951.1494,787.572,2461.9033,915.9116,1118.5364,352.3371,427.18,383.6358,2106.2986,8702.4414,199.05,1106.0219,533.4449,901.4821,2887.6057,176.9225,43752.3008,18129.9492
2023-05-19,2966.1609,920.8983,663.9713,445.57,781.1767,51.44,964.7573,788.4817,2474.9265,923.4595,1139.0938,352.463,428.76,386.4721,2108.0793,8753.0518,199.82,1109.6116,534.3275,897.7971,2908.3611,178.5872,43969.3984,18203.4004
2023-05-22,2966.593,914.4205,664.8374,445.27,777.3956,51.98,986.3366,785.681,2471.7878,919.637,1160.5488,356.5765,433.16,386.1835,2133.6357,8801.7871,200.74,1115.5414,536.1856,909.0456,2976.8091,183.0034,43885.1016,18314.4004
2023-05-23,3000.9248,913.0253,663.614,445.37,775.5536,51.43,975.3267,783.8376,2462.606,922.5886,1167.0571,360.2703,434.26,382.4614,2115.395,8844.1289,201.02,1115.3369,540.3197,903.3729,2975.3208,183.882,43954.4492,18348.0
2023-05-24,2982.5566,914.5699,664.1425,443.29,776.9594,51.75,979.3783,773.5921,2450.0974,910.2506,1165.8004,363.9222,433.5,380.2421,2103.3625,8911.4639,200.24,1108.839,541.3416,923.3003,2981.0059,184.8299,43677.8516,18285.4004
2023-05-25,3003.7615,917.9085,669.5449,442.91,797.6098,51.45,982.9456,770.6237,2433.5132,909.4764,1170.9171,370.3443,435.87,384.1433,2122.1812,8922.1338,200.7,1108.7026,539.9946,916.3668,2972.1167,182.2404,43681.3984,18321.1504
2023-05-26,3008.425,923.7884,675.7451,446.15,793.0046,51.33,1003.3793,773.5921,2485.1396,919.9757,1182.677,372.4011,440.63,387.1489,2135.4167,9035.6572,202.85,1138.9429,544.4074,940.5124,3004.0623,185.7548,44018.0,18499.3496
2023-05-29,3017.0801,926.6286,678.4413,449.93,796.204,51.18,991.9291,783.0237,2483.2188,917.5082,1179.9391,377.0183,443.11,388.7711,2141.2881,8971.7832,204.14,1145.3497,552.7686,939.1063,2996.3467,184.8762,44311.8984,18598.6504
2023-05-30,3023.8113,934.2526,685.6594,450.81,793.4894,51.14,1000.4288,783.6223,2489.0747,919.25,1188.4222,386.1734,443.38,393.0505,2128.053,9019.7002,204.36,1145.0543,550.7247,930.5245,2992.6016,186.1247,44436.3516,18633.8496
2023-05-31,3070.4998,911.7297,684.0983,448.75,823.9803,51.13,1008.5759,771.2222,2499.3813,918.4759,1183.4402,382.3966,444.23,400.9426,2123.0955,9004.6582,203.66,1122.3118,549.162,945.7973,2968.5073,186.6565,44128.1484,18534.4004
2023-06-01,3116.4185,916.5632,689.0554,445.77,802.6996,50.99,1005.7577,767.9426,2527.8179,905.8476,1184.5172,377.4182,446.35,384.1632,2125.1653,8966.7842,202.99,1119.2902,551.9086,957.7731,2999.6409,188.275,43790.1992,18487.75
2023-06-02,3113.1006,922.9413,687.4307,447.64,810.989,51.32,1001.4857,769.1395,2545.4329,907.8314,1181.7881,380.5941,447.99,385.8949,2150.9141,9117.748,203.84,1115.6323,556.1231,969.3125,2983.0364,187.2577,43937.8516,18534.0996
2023-06-05,3077.0391,947.6068,689.3197,449.24,809.05,50.72,1002.5869,768.1341,2525.8506,916.1534,1186.7919,378.2336,449.08,383.1382,2183.4009,9210.7471,204.28,1125.6517,556.1231,978.1852,2967.9658,186.9108,44101.6484,18593.8496
2023-06-06,3089.5405,964.8977,696.244,449.85,804.1539,51.07,994.0432,765.7403,2521.4934,911.6537,1163.5928,380.0791,451.11,389.9355,2192.6892,9358.877,204.04,1126.6058,554.371,983.0822,2916.8887,184.9456,44164.5508,18599.0
2023-06-07,3101.1284,973.4186,692.9164,450.34,818.5026,50.99,994.4396,769.7141,2544.9639,909.8151,1172.6449,381.0662,455.03,386.0243,2228.834,9331.2881,205.34,1135.1486,558.0173,983.858,2955.3318,186.2634,44275.3008,18726.4004
2023-06-08,3089.0596,958.8185,686.0802,447.88,810.5042,50.7,992.4135,770.1927,2510.9524,907.5895,1167.0499,380.165,452.34,375.4949,2252.7058,9284.2832,204.51,1135.8301,557.3544,957.0942,2920.6333,184.7606,43995.25,18634.5508
2023-06-09,3078.9431,971.4254,688.7276,447.75,808.0804,50.96,977.4406,771.1025,2470.0076,907.7345,1151.7202,376.3452,452.08,372.6088,2274.5564,9254.6758,204.03,1127.7874,548.073,954.1367,2896.1331,183.7201,43989.0,18563.4004
2023-06-12,3092.6897,970.8773,694.6536,447.53,810.8435,50.93,1003.7758,766.4105,2476.8005,905.7024,1175.3743,375.0577,453.62,374.0916,2252.3689,9180.3242,204.46,1128.787,548.0256,955.5912,2930.0642,182.934,43944.1992,18601.5
2023-06-13,3158.6143,982.4875,701.4114,448.61,808.9045,50.89,996.4212,767.7032,2507.2048,913.0568,1187.1101,382.3108,457.59,369.4141,2266.2778,9148.6523,205.45,1145.4633,545.8947,958.1609,2927.1763,182.9109,44079.8516,18716.1504
2023-06-14,3165.7292,974.3654,694.5704,447.89,802.6996,50.56,1000.4288,766.8653,2528.6145,909.4281,1183.0618,381.5383,459.05,371.1458,2266.9038,9163.0693,205.85,1159.5497,546.0367,956.8033,2933.8088,183.3271,43988.0,18755.9004
2023-06-15,3189.1079,973.8172,697.4819,442.22,804.3964,50.16,1007.2546,757.4337,2520.135,896.6547,1170.689,384.6284,458.89,364.9456,2272.9197,9223.0029,205.31,1159.8678,536.5186,958.4518,2924.0359,179.8589,43443.6016,18688.0996
2023-06-16,3210.8892,978.2021,704.9789,446.91,812.2493,50.66,1011.3062,767.3442,2544.449,904.009,1175.1013,388.9202,463.54,369.7027,2278.2139,9231.5107,206.69,1171.1594,541.0172,961.9427,2886.3977,176.3214,43938.1484,18826.0
2023-06-19,3203.9675,962.3564,722.8892,444.05,802.8937,50.53,1001.9261,768.0145,2534.6252,893.3162,1177.2393,389.3493,463.28,363.1642,2277.7808,9162.5898,205.87,1159.5269,538.7443,971.4458,2918.6724,175.7896,43633.75,18755.4492
2023-06-20,3212.6799,971.525,709.4418,444.8,805.8506,50.49,1029.3185,769.6183,2527.8711,895.6386,1185.791,388.7056,465.4,367.0356,2292.845,9124.2354,206.5,1161.9352,537.371,961.8943,2934.4001,176.8763,43766.5,18816.6992
2023-06-21,3210.1628,962.7052,705.2676,445.54,813.4127,50.09,1030.9036,783.0716,2528.3435,894.816,1182.1066,383.7271,464.38,367.3441,2304.8291,9074.9717,206.87,1165.2069,536.3765,961.8458,2962.1284,178.2635,43859.1992,18856.8496
2023-06-22,3144.2869,963.3032,688.0278,444.45,817.0967,49.86,1024.6943,786.9017,2507.3257,895.8322,1165.9127,384.2421,458.33,365.4631,2325.813,9038.6367,206.24,1152.1201,533.1566,960.2942,2944.2188,176.7838,43724.8516,18771.25
2023-06-23,3192.3508,955.1311,684.0788,443.47,828.7308,49.75,1026.2355,786.8538,2495.2822,893.6548,1150.856,381.7529,453.11,363.9604,2300.1123,8965.8223,204.98,1142.6915,525.2484,961.4095,2924.0811,175.6971,43622.8984,18665.5
2023-06-26,3202.4668,957.2737,684.9644,443.46,825.9677,49.99,1028.3054,783.0477,2505.2004,897.4772,1155.7233,382.5683,455.07,362.8457,2288.5615,9103.1855,205.17,1133.9673,527.5687,964.8034,2899.8076,176.1364,43641.0508,18691.1992
2023-06-27,3219.7468,969.9305,686.9756,448.36,838.5228,49.8,1030.5074,794.0833,2504.4919,905.8476,1163.7294,382.0533,456.47,367.1749,2298.6685,9094.3418,206.46,1134.3761,536.1398,971.4458,2906.8081,176.9225,44121.5,18817.4004
2023-06-28,3241.2859,974.8636,693.9196,450.81,845.6002,49.55,1030.7273,802.4857,2513.8435,907.154,1176.6481,385.7014,459.76,366.3488,2330.8184,9170.9053,208.18,1149.3939,539.644,990.8398,2923.2629,176.5063,44327.8008,18972.0996
2023-06-30,3254.645,984.082,703.7875,454.48,851.9504,49.31,1046.317,814.5745,2529.8074,904.3961,1214.9945,387.6327,464.26,367.5432,2382.8936,9409.6768,210.61,1158.8226,542.5326,1019.7367,3002.176,179.9514,44747.3516,19189.0508
2023-07-03,3251.4021,978.7502,720.732,459.73,852.3382,49.56,1040.7244,823.3839,2551.4392,912.0891,1213.3568,397.6324,464.73,367.0257,2362.1985,9298.125,212.3,1188.5629,554.4658,1001.4095,2974.9473,181.0843,45158.1016,19322.5508
2023-07-04,3240.7534,967.3892,772.573,462.23,838.7652,49.88,1048.6511,827.4055,2550.447,914.1697,1223.7739,400.2933,463.85,370.5587,2369.7065,9273.5176,213.06,1176.3169,558.0646,1017.0217,3008.1758,183.0958,45301.4492,19389.0
2023-07-05,3266.6003,963.2035,770.4402,459.99,840.2195,49.98,1052.3505,801.1212,2603.2036,927.0399,1225.7299,407.8039,467.88,371.1856,2378.3215,9605.0518,212.92,1174.3856,559.3431,1013.0459,3018.2673,182.1479,45151.8008,19398.5
2023-07-06,3290.8018,977.6042,763.3145,461.64,843.128,49.9,1039.8875,801.9351,2604.3845,928.3947,1222.6366,406.7739,470.51,373.6637,2395.4553,9477.3018,213.96,1199.0366,561.1426,1010.9127,3020.9495,183.2115,45339.8984,19497.3008
2023-07-07,3236.8811,974.362,749.1711,457.88,843.9036,50.02,1019.5857,794.9451,2548.6526,915.8148,1210.1729,402.053,466.43,368.9265,2357.6741,9468.5049,212.72,1196.6965,562.1843,1004.3185,3026.7224,183.0496,44925.0,19331.8008
2023-07-10,3236.3491,961.7423,740.4138,456.61,858.3976,50.03,990.4319,793.054,2509.4036,917.7502,1209.2175,399.8642,463.83,371.5937,2347.4709,9358.9727,212.64,1242.7948,561.2373,1013.3369,2974.6287,180.3213,44860.8516,19355.9004
2023-07-11,3284.1707,950.9183,731.6418,456.07,864.6993,50.16,981.9766,789.1998,2535.8059,914.4116,1226.9126,406.1301,466.99,371.534,2381.9312,9516.4717,213.45,1256.2677,557.4017,1039.7612,2975.0381,181.2924,44745.0508,19439.4004
2023-07-12,3297.917,947.7259,730.4575,454.9,862.8088,50.1,978.1452,781.8029,2525.5566,913.8794,1212.9933,405.4006,468.52,373.8229,2363.0645,9454.6172,213.25,1257.6536,558.0646,1046.0643,2963.6743,181.1999,44639.4492,19384.3008
2023-07-13,3289.979,957.8516,734.6494,454.98,858.0582,50.52,976.6038,785.7048,2507.6562,924.8141,1241.9237,405.143,466.18,372.151,2358.4441,9273.6621,213.69,1246.4073,554.6552,1043.058,3036.9958,182.3329,44665.0508,19413.75
2023-07-14,3320.1826,954.759,735.4111,456.23,859.4641,50.59,1013.7286,787.3327,2528.6267,929.0236,1297.2831,405.9156,469.35,372.0116,2379.717,9231.4629,214.83,1245.3622,553.4713,1040.4399,3195.2749,187.3039,44819.3008,19564.5
2023-07-17,3349.853,962.5403,738.222,462.18,851.3202,50.49,1016.1946,803.8022,2533.1606,937.394,1294.5536,405.4435,470.58,377.5948,2376.3962,9314.0332,216.53,1270.8085,569.2875,1044.9491,3174.4109,192.0206,45449.75,19711.4492
2023-07-18,3401.2083,961.3433,729.2829,461.46,848.7511,50.66,1028.0413,803.132,2534.2,943.9258,1342.089,405.5722,468.88,376.3608,2382.0752,9291.0596,217.02,1281.6003,561.0005,1034.8158,3179.0925,192.9223,45410.8516,19749.25
2023-07-19,3402.3699,961.9917,745.4706,464.02,844.1945,51.02,1029.6709,806.7705,2523.6201,941.9905,1341.8617,411.0228,471.06,379.4957,2400.7971,9235.2119,217.97,1291.3242,569.619,1049.0703,3154.7278,193.2691,45669.3008,19833.1504
2023-07-20,3413.3574,975.5591,746.6402,469.15,857.8644,51.08,1026.7833,808.518,2553.5171,963.4247,1318.7083,422.4389,470.12,389.5075,2396.5142,9393.7695,219.51,1289.7606,577.7638,1064.3915,3156.7788,193.1304,46186.8984,19979.1504
2023-07-21,3405.3225,968.9749,745.1807,468.69,858.9792,50.65,990.9375,802.2941,2459.7644,964.7795,1211.4464,420.9797,467.51,392.1548,2489.45,9391.415,217.48,1249.8347,582.5465,1063.9067,3070.1873,187.1421,46075.1992,19745.0
2023-07-24,3430.4917,969.1744,745.1659,467.53,861.0638,50.65,988.672,803.5629,2437.3301,959.9411,1215.9955,404.5851,467.7,377.6346,2507.7393,9319.0801,216.73,1224.5549,584.9616,1067.0585,3094.2957,186.8415,45923.0508,19672.3496
2023-07-25,3291.7698,960.1959,747.6083,466.81,856.701,50.58,987.4728,812.2764,2425.9004,962.5538,1214.1758,396.817,469.63,373.3055,2465.0491,9380.4072,216.64,1223.7673,577.3376,1061.8704,3098.3062,185.1536,45845.0,19680.5996
2023-07-26,3265.2454,974.4617,730.5754,468.6,862.2756,50.84,990.5376,809.4517,2440.2109,964.2473,1227.1399,405.3577,471.52,377.2465,2547.2043,9378.2441,217.72,1243.6562,582.5939,1078.3068,3088.4167,186.2403,46062.3516,19778.3008
2023-07-27,3261.76,957.6022,715.9258,465.7,867.8503,50.93,992.6253,801.0494,2427.5061,958.2476,1231.052,399.1775,472.83,372.9571,2560.6326,9375.6016,216.63,1232.0872,583.9198,1100.5614,3096.2556,184.9456,45679.3008,19659.9004
2023-07-28,3282.3796,947.676,725.5087,463.03,867.8017,50.67,980.3658,786.8538,2441.4392,964.0054,1219.5435,402.0959,477.83,373.5741,2550.3813,9295.5293,216.34,1244.4685,583.4463,1107.9573,3058.4282,184.3906,45468.1016,19646.0508
2023-07-31,3269.4563,951.6166,717.5181,464.52,862.7603,50.66,992.0479,790.5403,2418.9575,966.0374,1233.3718,399.7354,480.26,369.5336,2580.991,9440.1494,217.58,1255.0039,587.3766,1112.677,3118.6331,187.3039,45651.1016,19753.8008
2023-08-01,3236.1553,957.6022,714.5105,463.54,864.457,50.69,1011.4145,795.8307,2409.7947,962.4087,1242.0146,398.9629,479.27,368.2298,2566.8411,9340.1797,217.23,1237.2563,579.4685,1112.7255,3146.5242,188.1825,45592.5,19733.5508
2023-08-02,3255.4678,942.9872,707.999,458.12,851.3202,50.68,1004.6628,785.4176,2426.656,955.0543,1234.418,394.9286,473.53,362.995,2552.7246,9279.6699,215.1,1224.0382,566.7777,1104.7457,3136.1335,186.2634,44995.6992,19526.5508
2023-08-03,3229.7661,933.3105,698.652,453.76,845.1154,50.54,999.8656,779.7442,2409.9839,933.8136,1241.1959,391.4523,470.38,362.9054,2529.3118,9260.166,213.56,1218.8934,559.2485,1110.3414,3099.0354,184.8068,44513.4492,19381.6504
2023-08-04,3232.9607,949.9705,702.6179,456.88,862.518,50.5,1016.6113,791.0191,2404.9773,939.1359,1253.9781,390.5081,475.14,366.2422,2557.3491,9189.0449,215.04,1235.4595,542.9587,1108.3463,3138.7769,189.0611,44879.5,19517.0
2023-08-07,3236.2036,945.1321,700.0084,455.91,864.2147,50.49,1022.3415,790.5643,2426.8921,944.1194,1267.3063,390.4652,475.82,364.8577,2566.1106,9240.8584,215.95,1242.4995,537.8446,1129.6095,3175.6921,190.1247,44837.5,19597.3008
2023-08-08,3241.0923,950.619,705.0652,457.33,858.3976,50.56,1013.9465,789.918,2423.7278,948.2322,1264.7589,388.2764,476.12,364.1505,2562.5088,9259.0508,215.79,1235.0164,542.7693,1117.7858,3163.4326,192.5293,44964.4492,19570.8496
2023-08-09,3224.5872,947.7259,700.3229,457.45,856.7495,50.37,1016.4337,790.2052,2410.8335,949.0127,1268.58,393.684,477.2,364.8477,2581.3953,9181.9609,216.49,1243.1639,543.3849,1121.8242,3156.0496,193.1998,44880.6992,19632.5508
2023-08-10,3134.4612,937.5005,702.1412,454.4,848.1208,50.23,1007.6832,783.1912,2396.1924,940.6221,1263.7582,387.7613,474.64,358.742,2573.5095,9118.4062,215.33,1248.7024,543.2903,1119.3914,3137.4551,193.5928,44541.8008,19543.0996
2023-08-11,3083.5901,934.9566,693.9589,451.41,847.8774,50.13,1040.6864,775.0284,2363.2256,929.646,1248.0646,385.1863,473.6,356.8695,2568.6418,9078.8672,214.4,1253.97,543.7639,1101.9236,3143.5618,191.0033,44199.1016,19428.3008
2023-08-14,3100.2888,937.7,689.7768,449.69,844.4684,50.09,1040.2867,771.2461,2392.7917,936.1829,1267.8066,385.5726,467.66,357.3974,2589.4751,9044.7139,214.51,1268.7883,531.1202,1103.7727,3144.5193,191.9743,44090.9492,19434.5508
2023-08-16,3092.012,930.8165,686.1844,447.66,834.6316,50.11,1045.7501,768.9958,2411.2119,933.2072,1290.5055,386.4738,467.62,355.8236,2619.8008,9139.7051,214.57,1267.7545,535.4295,1112.9202,3152.3123,193.5928,43946.3984,19465.0
2023-08-17,3081.5569,934.3081,680.4593,446.98,834.3881,49.82,1045.3503,764.7349,2402.3796,928.4753,1284.1824,378.5341,466.45,351.7399,2582.2715,9096.7695,213.7,1249.4656,541.8696,1114.0394,3131.6675,193.0842,43891.3516,19365.25
2023-08-18,3062.4863,940.7925,674.4491,446.49,833.9498,49.75,1042.6854,761.5989,2413.2427,927.4996,1263.4854,379.092,464.31,348.7717,2572.0007,9175.1201,213.0,1258.7208,542.6273,1104.4054,3069.0933,190.379,43851.0508,19310.1504
2023-08-21,3080.6375,950.3196,692.7402,448.04,849.241,49.68,1047.6156,761.0004,2420.7991,931.9388,1278.5874,384.3709,466.16,350.6741,2591.7632,9158.3828,213.5,1244.9863,541.4434,1106.838,3100.5854,191.72,44002.0,19393.5996
2023-08-22,3078.1201,954.759,694.8778,448.08,854.7925,49.9,1047.8376,757.7448,2423.6804,928.8168,1277.0862,389.9072,470.37,351.2219,2607.8752,9209.9053,213.43,1244.6899,538.4128,1106.9843,3082.811,192.8761,43993.25,19396.4492
2023-08-23,3067.5686,976.9059,699.4482,452.91,845.5399,49.81,1050.5032,759.6119,2431.4734,943.3051,1280.9073,386.6455,471.09,354.5985,2645.6479,9315.7168,214.37,1246.0732,546.3683,1093.5063,3097.4858,192.0206,44479.0508,19444.0
2023-08-24,3122.5542,979.0008,701.5121,453.38,846.806,50.03,1040.5087,756.117,2438.2749,945.3539,1295.1451,387.0318,470.85,354.7778,2616.9773,9289.2754,213.77,1225.1259,546.4156,1088.2513,3087.9153,190.8414,44496.1992,19386.6992
2023-08-25,3155.1775,980.7466,708.7902,450.63,850.7505,49.94,1025.1396,747.595,2421.5552,946.7687,1291.9609,380.5512,467.06,354.3594,2568.5444,9223.2959,212.76,1219.4691,539.7861,1076.5737,3082.0366,189.4542,44231.4492,19265.8008
2023-08-28,3155.5647,987.8297,711.1589,453.15,847.6825,49.8,1018.4769,755.3749,2414.1401,946.915,1287.9126,378.8774,470.36,356.6503,2623.9871,9312.5615,212.87,1207.3157,542.5326,1086.9862,3076.7957,188.6912,44494.6484,19306.0508
2023-08-29,3180.7341,978.3525,716.835,453.34,832.9271,49.98,1028.338,761.3835,2386.2268,944.1832,1289.7321,377.7615,473.3,355.2061,2646.9619,9335.4121,213.16,1195.7551,544.4267,1081.7313,3077.3418,188.7143,44495.25,19342.6504
2023-08-30,3189.4468,980.996,714.3533,450.82,835.4107,50.34,1039.8423,755.8297,2391.7053,935.5488,1305.653,380.0791,474.9,353.5726,2637.2754,9505.3604,213.54,1194.6188,537.371,1084.9426,3090.832,188.2981,44232.6016,19347.4492
2023-08-31,3152.0798,971.1697,704.0234,449.2,834.0959,50.35,1041.3083,752.3586,2366.2957,935.4023,1305.9258,377.4182,471.78,350.3554,2631.1423,9706.5977,212.77,1189.1595,531.6412,1081.7313,3059.7046,188.853,43989.1484,19253.8008
2023-09-01,3155.4192,988.7775,719.5133,452.8,843.3972,50.37,1053.4346,753.9147,2366.0596,945.11,1313.5681,378.577,476.02,352.8156,2630.5581,10024.3184,214.27,1191.9509,539.4072,1079.2012,3080.1218,192.5293,44436.1016,19435.3008
2023-09-04,3132.1863,979.8987,714.5646,454.25,842.7641,50.44,1094.9218,758.6306,2362.8477,943.7929,1332.9005,375.5298,480.15,351.0427,2639.3198,10054.5928,215.59,1190.9875,545.0897,1079.1038,3115.9438,200.7373,44578.3008,19528.8008
2023-09-05,3120.3274,979.1006,721.9213,454.67,843.3484,50.35,1097.6311,754.0105,2368.1851,944.8174,1345.4552,380.3366,480.98,352.8056,2660.5913,9957.2227,215.84,1197.3608,542.6746,1101.4858,3125.8333,199.6968,44532.1484,19574.9004
2023-09-06,3122.2637,962.7399,726.1181,453.55,857.3734,50.31,1097.8977,763.873,2383.7239,934.1828,1344.136,384.0705,483.49,352.6562,2658.1575,9876.4463,216.22,1199.8802,540.3069,1111.655,3126.3347,198.5176,44409.1016,19611.0508
2023-09-07,3142.6416,975.8584,723.7003,457.36,852.5037,50.17,1114.0217,771.2222,2368.5625,942.1343,1333.9012,382.74,486.17,356.3814,2771.0376,9975.3193,217.29,1201.5106,548.4044,1102.605,3149.4414,200.1592,44878.3516,19727.0508
2023-09-08,3134.6069,977.9534,728.364,460.27,862.7789,50.21,1121.1731,777.2307,2374.5608,946.915,1336.9944,379.9503,490.08,357.2181,2824.7761,10025.0469,218.41,1209.5142,552.5716,1100.0747,3137.2727,198.8413,45156.3984,19819.9492
2023-09-11,3155.2744,998.0053,726.4965,464.11,867.6,50.16,1138.4966,781.2523,2395.7673,954.4275,1343.2263,383.8559,494.22,360.1464,2817.5718,10220.9004,220.38,1222.5569,560.385,1106.3516,3172.593,201.084,45570.6992,19996.3496
2023-09-12,3152.8059,998.5042,730.3935,463.86,867.2104,50.02,1139.2517,783.694,2360.4392,966.3792,1365.6521,387.2464,483.66,360.8038,2866.1509,10191.5488,220.19,1204.8949,557.2122,1114.4772,3263.8792,201.1534,45511.3516,19993.1992
2023-09-13,3173.0381,1012.0217,734.7772,467.51,891.3159,49.88,1132.8997,787.0454,2367.7124,965.6963,1363.1504,389.2635,485.32,363.4732,2829.7896,10162.2471,221.43,1210.9222,564.8836,1117.8831,3252.0754,201.4771,45909.4492,20070.0
2023-09-14,3136.7358,1018.4562,736.5856,468.57,891.121,49.88,1140.3174,786.5666,2362.281,963.6474,1370.9742,386.2163,488.51,362.8656,2841.3262,10176.5586,221.53,1212.0339,565.6886,1113.0662,3244.9661,201.8239,46000.8516,20103.0996
2023-09-15,3094.5288,1024.6913,736.3792,470.74,911.7689,50.12,1158.9734,795.5914,2332.9033,968.2817,1375.2046,384.843,489.03,361.3417,2831.542,10212.5557,222.57,1214.2817,567.1092,1118.9052,3279.8303,203.9511,46231.5,20192.3496
2023-09-18,3103.8706,1022.2971,741.9274,468.59,896.2343,50.44,1159.3289,779.9357,2350.8035,966.0865,1357.1913,388.0188,488.94,358.244,2842.543,10209.499,221.92,1203.7091,571.9866,1116.8127,3286.9858,201.6621,45979.8516,20133.3008
2023-09-20,3111.6636,1024.8409,740.979,462.68,886.9817,50.38,1149.0238,748.6482,2330.2112,963.1107,1355.7812,388.7914,484.86,356.4711,2813.4832,10039.3584,219.6,1176.8827,569.2875,1122.165,3286.8945,198.8875,45384.6016,19901.4004
2023-09-21,3140.5598,1012.0217,735.5928,454.78,894.0428,50.27,1135.3428,743.693,2336.3513,935.939,1366.2434,384.1134,480.49,349.7478,2822.5854,9978.7637,217.63,1168.311,557.0229,1115.3529,3267.981,198.3558,44623.8516,19742.3496
2023-09-22,3170.2307,1015.8126,734.33,455.45,887.6635,50.22,1131.5229,732.3463,2344.9468,927.1581,1361.1487,380.3366,480.21,349.8972,2841.2285,10222.1631,216.81,1163.4447,566.4936,1101.9236,3284.707,193.5235,44612.0508,19674.25
2023-09-25,3217.085,1016.5109,768.5826,456.13,886.6895,50.22,1122.4166,732.9926,2338.7129,933.0607,1341.1339,379.9074,478.63,355.4651,2825.6523,10273.6357,216.8,1156.2811,562.6105,1093.8469,3260.5522,191.4888,44766.1016,19674.5508
2023-09-26,3187.6074,1011.7224,773.5756,454.86,888.9296,50.02,1120.6398,736.1763,2341.6409,925.5971,1328.8519,379.7786,479.5,351.4212,2835.4363,10243.0234,216.57,1157.2939,562.9421,1095.5984,3268.3457,190.9339,44624.1992,19664.6992
2023-09-27,3196.3196,1022.7458,770.3223,455.19,896.283,49.7,1120.3292,731.0056,2363.1782,920.1335,1334.629,385.5297,479.9,351.6303,2886.5461,10363.4355,217.56,1170.3367,558.5381,1109.3196,3271.6272,192.2056,44588.3008,19716.4492
2023-09-28,3069.0693,1028.4323,760.6362,451.77,901.5424,49.37,1103.2726,729.4976,2324.0715,919.6456,1309.5648,378.3195,474.81,345.2657,2930.3059,10251.4629,215.77,1153.1439,558.7275,1101.8752,3223.7283,187.4426,44300.9492,19523.5508
2023-09-29,3060.0659,1034.2183,767.6882,454.42,902.2728,49.29,1096.9651,730.7424,2329.0305,928.7192,1305.9258,381.4525,478.93,345.7637,2943.4976,10295.3701,216.75,1158.5289,566.8724,1127.517,3216.2996,187.7663,44584.5508,19638.3008
2023-10-03,3065.6809,1038.558,783.1044,452.07,901.2015,48.83,1100.4294,722.0049,2332.1477,917.4017,1304.6068,377.4612,478.28,344.0405,2991.8813,10039.5049,215.57,1145.2638,571.0396,1110.7792,3202.8545,187.4889,44399.0508,19528.75
2023-10-04,3068.6335,993.1668,771.944,448.34,900.1788,48.36,1101.1847,732.2983,2368.9404,907.4012,1314.0228,374.3281,472.99,343.0445,2947.5859,9828.9014,214.4,1143.2878,555.2234,1093.6035,3224.6394,187.2345,43964.0508,19436.0996
2023-10-05,3103.8223,1000.8484,771.6344,450.87,904.659,48.25,1097.5424,735.2667,2379.9927,917.9382,1331.3993,374.2852,473.19,345.4749,3014.0776,9906.8174,215.53,1143.2632,560.8112,1089.0297,3271.6726,188.1131,44213.3516,19545.75
2023-10-06,3093.658,998.554,802.8549,452.67,901.9319,48.38,1099.541,734.4528,2360.9585,922.1824,1345.2733,379.5211,475.89,347.3972,3011.79,9995.9854,216.62,1145.1899,562.8,1097.0094,3300.886,188.5987,44360.6016,19653.5
2023-10-09,3052.0798,993.8652,789.0114,448.48,900.4709,48.88,1110.1128,725.9308,2372.1995,915.7431,1342.3164,378.062,470.57,342.4966,2993.293,9940.4375,215.48,1135.4326,554.1342,1092.8737,3316.3359,187.5582,43886.5,19512.3496
2023-10-10,3050.8215,1009.8268,794.5056,453.03,923.6511,48.93,1120.951,730.0482,2376.8276,928.0363,1360.239,381.4525,476.5,349.8275,2994.5588,10066.7705,217.13,1140.447,560.3376,1096.231,3307.7224,188.5524,44360.1484,19689.8496
2023-10-11,3062.8252,1016.6605,796.3091,454.43,930.7123,49.17,1106.5593,737.1099,2414.8008,929.8899,1359.5566,384.7572,477.98,352.8754,3006.9224,10102.7676,218.76,1158.5536,557.2122,1098.4204,3290.4036,194.7489,44516.8984,19811.3496
2023-10-12,3058.1785,1016.0121,787.6943,455.23,925.5991,49.39,1087.1483,742.0174,2415.3679,931.0119,1333.2643,386.8601,479.37,351.3713,3000.1565,10266.5527,218.6,1160.7026,555.034,1100.0264,3229.0151,192.8761,44599.1992,19794.0
2023-10-13,3048.2075,991.6704,791.3653,452.26,929.3488,49.49,1115.7097,735.2667,2427.1284,928.1338,1302.0139,384.843,479.61,351.0028,3007.7986,10408.8457,218.07,1160.6534,545.6579,1114.5259,3254.8098,190.0784,44287.9492,19751.0508
2023-10-16,3012.6318,1002.3947,789.8271,451.55,921.898,50.25,1128.8134,732.3223,2416.5962,928.2314,1304.7432,385.358,480.92,348.5626,3019.7727,10386.4805,217.9,1158.0597,545.1844,1104.7947,3212.1521,189.6854,44225.8984,19731.75
2023-10-17,3014.0837,1005.6369,795.4294,452.5,928.8132,50.31,1134.5876,737.876,2414.5652,930.6705,1312.2943,389.2206,482.67,352.9052,2985.1155,10431.4043,218.55,1163.593,545.942,1106.2543,3196.657,190.2403,44409.5,19811.5
2023-10-18,2997.5298,990.4733,773.1726,448.18,928.034,50.78,1127.7471,727.6064,2407.1025,920.7676,1310.5658,387.6755,478.65,349.2896,2964.9636,10467.9365,217.2,1148.1542,542.3432,1122.4082,3178.6091,188.4137,43888.6992,19671.0996
2023-10-19,3002.7092,989.0269,770.7155,446.75,918.3918,50.91,1125.8813,725.3083,2406.9609,912.9625,1304.2883,386.6026,477.16,346.3115,2973.5303,10451.6846,216.67,1139.3354,540.9698,1110.8279,3157.9558,182.7953,43754.5,19624.6992
2023-10-20,3006.6296,978.0032,763.6044,446.35,920.5832,51.59,1128.7961,729.0667,2356.9434,910.0355,1298.4658,376.2165,473.44,352.5168,2932.5938,10407.0029,215.3,1135.8524,533.2985,1111.509,3193.5046,181.1999,43723.0508,19542.6504
2023-10-23,2973.8613,961.9917,766.5236,440.83,914.8369,51.54,1109.1101,721.0474,2345.939,907.3037,1281.5441,374.1565,464.56,346.7697,2879.9749,10240.1123,213.17,1118.1162,523.6858,1092.2897,3116.3755,177.1768,43151.1992,19281.75
2023-10-25,2963.0188,953.1629,756.2575,437.41,898.5717,51.41,1102.249,716.4751,2340.0825,893.791,1262.5603,371.4097,460.46,344.2397,2838.8923,10274.2666,211.48,1115.5226,526.7637,1090.1975,3098.053,176.5757,42832.0,19122.1504
2023-10-26,2865.7295,969.7231,729.4598,432.23,881.9172,51.83,1104.7603,700.628,2339.2324,886.5225,1252.7919,372.826,457.29,337.6261,2788.7559,10114.46,208.74,1099.985,518.0507,1074.0436,3049.2991,174.911,42280.1484,18857.25
2023-10-27,2860.7441,1000.3496,737.8534,436.73,890.7802,51.64,1137.8546,703.3809,2344.5696,890.5226,1272.0521,372.311,465.76,339.1898,2825.0681,10246.9521,210.57,1119.4008,531.4518,1081.4393,3062.2759,176.8069,42782.0,19047.25
2023-10-30,2872.3123,986.832,737.4456,439.08,902.1267,52.02,1134.3119,711.0172,2341.5938,902.3766,1269.011,369.4785,466.66,342.1381,2848.8708,10088.7959,211.52,1142.4727,535.2875,1085.2347,3087.498,176.6451,43039.1484,19140.9004
2023-10-31,2899.9988,979.4996,736.4234,437.51,890.5853,52.06,1144.4016,706.8997,2346.4116,893.0592,1261.0398,367.7188,467.72,346.5008,2851.4995,10083.5547,210.98,1130.3192,535.6188,1059.3494,3078.5422,176.5526,42845.9492,19079.5996
2023-11-01,2840.802,969.4737,734.384,436.45,889.6602,51.76,1129.1102,705.9423,2335.3125,891.791,1247.9077,367.4613,465.24,343.5126,2818.6428,9923.8945,209.99,1135.0127,536.424,1086.2075,3043.7244,176.1595,42700.9492,18989.1504
2023-11-02,2860.9858,980.597,732.1429,439.19,899.7892,51.85,1142.0701,707.0195,2366.2852,897.5472,1262.6526,370.0793,471.48,346.1621,2840.8394,9997.4902,211.64,1146.2767,541.8222,1102.4103,3070.637,177.4081,43017.1992,19133.25
2023-11-03,2887.751,986.4829,728.4474,442.1,906.5095,51.8,1135.6572,710.3708,2387.647,911.0599,1280.0697,371.8818,475.8,345.2756,2834.1707,9971.002,212.69,1146.0297,547.5521,1110.4386,3062.2292,177.3618,43318.25,19230.5996
2023-11-06,2937.6445,1006.9837,743.2444,444.8,914.7394,51.75,1138.7513,715.5176,2376.3711,922.4263,1293.2017,373.6844,479.7,346.6601,2896.6707,9979.2979,214.56,1155.5647,543.9532,1119.0995,3089.0518,177.8705,43619.3984,19411.75
2023-11-07,2941.572,1018.4562,736.7134,445.81,912.7429,51.36,1142.5632,712.0465,2375.467,925.0117,1294.1232,371.4097,483.7,348.8614,2882.8955,9948.6855,214.49,1148.0554,549.0674,1139.4867,3080.0957,177.2462,43737.8984,19406.6992
2023-11-08,3001.5991,1019.2543,733.2094,445.34,912.3532,51.4,1136.9131,714.1053,2397.2576,912.9625,1281.8667,375.0577,486.12,347.8653,2917.1145,10015.6348,214.83,1154.0332,549.5883,1145.0822,3090.2393,176.7376,43658.6484,19443.5
2023-11-09,2987.0039,1019.4538,726.0099,445.59,908.0678,50.94,1136.7783,711.2805,2356.6741,914.5234,1266.9376,372.869,484.16,347.6063,2944.7629,10091.3662,214.3,1141.5093,547.7415,1144.5955,3059.0769,176.1133,43683.6016,19395.3008
2023-11-10,2983.3677,1026.7363,731.7203,446.11,911.1358,51.31,1125.9711,714.0812,2366.0466,915.7431,1261.4545,374.7144,485.39,347.7059,2952.9404,10080.1592,214.24,1143.6583,548.8306,1147.6609,3046.2834,175.3965,43820.1016,19425.3496
2023-11-13,2992.241,1022.8955,723.4693,446.84,910.6488,50.93,1130.9489,712.7886,2358.054,911.6941,1265.7856,374.2423,488.53,348.2538,2967.7869,10089.4746,214.55,1143.5101,550.5827,1146.1526,3044.5469,176.4832,43891.25,19443.5508
2023-11-15,3021.915,1038.8572,710.0483,450.48,925.2582,51.46,1144.9849,720.2574,2365.9041,918.1821,1299.8367,379.3495,493.24,352.4969,2983.801,10145.4111,216.97,1164.1857,553.7554,1149.1693,3111.0298,181.1075,44201.6992,19675.4492
2023-11-16,3035.5886,1023.8931,723.6265,450.2,924.8199,51.39,1175.8369,722.1485,2370.4712,913.2064,1331.5378,376.5169,494.86,353.1642,2970.3665,10173.0166,218.16,1166.2854,553.7081,1157.5867,3196.5205,183.6276,44161.5508,19765.1992
2023-11-17,3073.0205,991.9697,709.7239,444.92,922.6285,51.86,1174.1328,720.5925,2406.2495,899.4009,1324.7644,377.032,498.2,351.5208,3026.6848,10210.8574,218.02,1163.7412,533.2512,1162.5011,3200.7244,182.8415,43583.9492,19731.8008
2023-11-20,3045.3345,986.3333,694.7451,444.62,936.3613,51.66,1188.7073,720.6404,2384.9824,899.0107,1323.8889,374.929,496.95,352.706,3007.0198,10252.3379,217.35,1160.6781,533.9142,1156.0785,3216.397,185.0611,43584.9492,19694.0
2023-11-21,3038.4492,989.4258,698.141,445.65,945.5651,51.88,1189.7832,726.7446,2383.8406,903.5474,1326.1007,374.4569,497.09,352.0387,2993.4392,10222.1631,218.39,1175.277,531.7832,1169.1184,3207.8062,185.2692,43689.1484,19783.4004
2023-11-22,3038.2068,995.7108,700.6177,443.56,944.4938,52.17,1192.5637,724.1593,2399.6838,900.2791,1343.4257,377.4182,495.04,347.7458,3000.6919,10182.7676,218.53,1179.8716,529.3682,1171.7458,3226.0374,185.0843,43449.6016,19811.8496
2023-11-23,3028.4607,996.6585,695.2415,444.23,951.2141,52.02,1191.9357,728.3486,2397.7808,900.5229,1335.5465,377.9761,496.52,346.4808,2965.0122,10176.8975,218.56,1183.4781,530.3153,1166.5883,3206.0247,186.1247,43577.5,19802.0
2023-11-24,3041.2615,1006.0859,690.0471,445.7,947.8052,52.15,1174.1328,733.5192,2393.3083,906.7671,1324.6263,375.7874,495.88,347.4171,2973.3845,10203.2412,218.48,1182.6876,530.6942,1163.3282,3159.2815,183.119,43769.1016,19794.6992
2023-11-28,3053.0925,1018.7056,700.5391,447.02,959.2493,52.3,1180.8595,731.8675,2388.884,902.9621,1329.5104,373.5985,500.08,347.0685,2969.2471,10224.4893,219.56,1182.9347,534.5772,1159.3384,3171.2065,183.512,43880.9492,19889.6992
2023-11-29,3053.0925,1057.6123,700.7898,453.83,969.4758,53.05,1196.3751,746.4699,2402.6814,916.7187,1345.0846,375.2724,504.75,349.2996,3002.1033,10284.3574,221.66,1186.0471,538.5075,1169.897,3211.0508,187.8588,44566.4492,20096.5996
2023-11-30,3025.5027,1071.6785,699.9839,453.82,988.2732,53.15,1202.6084,746.3023,2422.1877,912.1819,1340.9836,374.0706,510.26,349.698,3026.8794,10293.5273,222.13,1174.5608,534.8613,1192.9114,3187.1533,191.0033,44481.75,20133.1504
2023-12-01,3077.3843,1102.0057,713.4932,456.5,988.2732,53.29,1198.8414,744.6746,2439.4102,923.6459,1338.3572,386.0876,515.56,348.7119,3106.1729,10271.209,223.75,1182.8853,541.4908,1198.1664,3209.1316,188.5062,44814.1992,20267.9004
2023-12-04,3097.8948,1122.9055,728.0692,473.6,1005.9992,53.72,1199.9626,770.5279,2476.1873,967.0621,1349.4618,389.7356,525.72,362.268,3225.8193,10284.5518,228.18,1195.681,563.2262,1198.0692,3209.863,188.4137,46431.3984,20686.8008
2023-12-05,3128.6353,1129.7391,722.3832,478.76,1004.246,52.94,1181.6665,777.3743,2439.0298,988.7703,1339.8777,387.7613,531.75,364.2401,3227.6687,10403.3633,230.06,1204.3514,576.059,1206.2435,3227.363,186.9802,47012.25,20855.0996
2023-12-06,3154.1396,1117.8177,729.9807,476.95,997.7691,52.83,1192.4287,779.3373,2443.2168,978.8187,1358.6312,397.6324,537.38,362.8357,3302.4841,10310.0703,230.94,1215.8875,576.2485,1207.0219,3293.6177,193.6391,46834.5508,20937.6992
2023-12-07,3153.4124,1115.1742,726.4523,477.37,973.956,53.03,1191.0388,780.6059,2396.2107,974.6722,1350.8901,393.2119,541.45,363.9214,3266.7561,10378.8643,230.83,1213.8865,579.3265,1206.0001,3303.4871,193.4079,46841.3984,20901.1504
2023-12-08,3134.2112,1128.4921,718.2355,481.48,974.1994,52.94,1223.4159,791.4979,2400.0645,986.2336,1374.1593,385.5297,537.89,366.2322,3289.0007,10303.083,231.36,1213.2441,581.6469,1202.5941,3314.2705,195.4194,47262.0,20969.4004
2023-12-11,3135.1812,1113.8274,716.7761,482.69,974.7838,52.02,1233.4604,790.4446,2382.3181,992.3314,1371.7169,388.3622,543.84,367.3477,3296.1562,10228.5654,231.79,1215.0228,581.7415,1208.0437,3329.0747,194.4946,47314.25,20997.0996
2023-12-12,3127.1804,1128.2927,718.9186,480.07,969.3297,51.85,1233.4604,782.5928,2381.4619,990.9655,1360.2439,388.9202,540.46,363.4234,3253.9053,10031.2568,230.96,1197.583,579.9894,1185.2725,3355.7595,195.2344,47097.5508,20906.4004
2023-12-13,3145.5085,1112.1813,713.3606,480.64,973.8586,51.83,1227.9897,780.8214,2390.1682,989.2094,1335.3162,391.1089,543.97,363.7919,3309.7856,10071.6689,231.15,1202.4739,587.0451,1199.9667,3283.9766,194.0553,47092.25,20926.3496
2023-12-14,3143.2783,1117.7678,734.61,486.71,979.0205,52.8,1268.7074,790.0377,2394.4023,1008.4785,1383.6511,394.9286,550.73,369.3,3342.2041,10045.6172,233.99,1217.394,590.644,1198.2151,3351.3274,200.876,47732.3008,21182.6992
2023-12-15,3213.6333,1117.6681,738.625,489.88,966.7,52.81,1337.4972,793.1018,2400.6353,1012.1371,1454.5637,393.2978,551.66,368.6526,3395.6504,9980.8018,236.62,1232.9318,613.9421,1202.5454,3528.3867,206.4944,48143.5508,21456.6504
2023-12-18,3231.2341,1108.6897,745.7556,488.15,964.4599,52.49,1349.1564,792.6948,2412.6248,996.5755,1441.6162,387.6755,556.22,367.9255,3399.155,10013.0156,236.57,1245.4803,614.1789,1219.0886,3526.741,205.8932,47867.6992,21418.6504
2023-12-19,3235.113,1117.5684,750.1835,488.59,962.7067,52.59,1334.8066,791.3543,2436.6033,990.7216,1436.0408,391.4952,556.72,367.8458,3406.3103,9929.5703,236.7,1263.8094,620.7137,1211.4984,3487.4456,202.8644,47870.8984,21453.0996
2023-12-20,3197.3899,1107.5924,736.5512,483.27,946.2469,52.83,1291.443,793.3172,2433.5586,982.1359,1415.859,387.1176,541.71,363.8517,3327.9905,9781.7471,233.25,1248.5188,602.7666,1199.0422,3454.4102,199.743,47445.3008,21150.1504
2023-12-21,3203.0144,1092.7778,724.0886,488.21,952.4316,52.86,1275.3894,807.5366,2429.4666,979.9407,1415.4904,387.5039,547.74,369.0709,3333.491,9715.3779,234.6,1266.0079,609.6803,1200.3558,3461.218,200.691,47840.1484,21255.0508
2023-12-22,3240.2043,1085.6949,717.0267,483.6,963.7781,53.19,1311.8466,799.9482,2450.7815,970.0866,1440.2799,390.7227,552.45,370.6247,3385.8665,9913.6094,235.5,1267.2429,603.0507,1210.2333,3494.5735,213.9394,47491.8516,21349.4004
2023-12-26,3280.9822,1091.6306,703.9546,486.0,973.8099,53.46,1307.766,805.5019,2459.4878,970.8671,1422.8165,391.7957,557.59,375.8738,3397.6462,9965.5205,236.93,1273.6655,604.2819,1213.9799,3468.575,217.3844,47724.8516,21441.3496
2023-12-27,3301.4434,1103.7017,710.8838,491.41,994.6039,53.63,1320.2324,815.4842,2481.897,977.8431,1444.1503,392.3535,560.25,378.9615,3450.1675,9982.8398,238.91,1278.0132,614.2263,1218.7966,3482.8767,217.7775,48282.1992,21654.75
2023-12-28,3294.4614,1105.198,713.4244,493.58,1009.7001,53.84,1320.5912,816.4178,2506.1609,981.4042,1440.0494,398.3621,562.75,382.7465,3424.9045,9966.4404,240.16,1287.2518,616.9254,1228.2361,3472.5498,217.0839,48508.5508,21778.6992
2023-12-29,3299.4553,1099.6614,720.2161,492.43,1005.3173,53.66,1314.8962,818.3328,2534.8499,972.3306,1421.849,396.6454,567.36,380.107,3432.644,9996.2773,239.65,1277.0745,608.0702,1225.6085,3466.6099,217.9393,48292.25,21731.4004
2024-01-01,3293.3462,1095.0723,717.3951,491.65,986.6661,53.74,1330.7258,812.9946,2526.0957,975.0624,1429.6361,401.7526,568.13,380.3161,3432.1086,9977.793,240.35,1279.6929,607.4072,1226.3872,3482.7847,220.6445,48234.3008,21741.9004
2024-01-02,3288.7402,1090.6329,730.2707,487.14,995.0908,54.01,1317.9904,813.4733,2487.1304,958.3301,1414.0159,403.7268,566.68,371.5311,3347.0715,9894.7852,239.21,1290.29,605.6079,1261.3711,3457.2883,216.9683,47761.6484,21665.8008
2024-01-03,3271.5273,1095.9702,725.8232,486.17,1008.2391,53.53,1289.47,800.9296,2480.2314,960.0862,1373.0994,409.6494,571.71,371.7004,3349.262,9778.2539,237.74,1276.2593,609.3962,1263.7065,3373.7166,210.818,47704.9492,21517.3496
2024-01-04,3277.6846,1120.7109,757.3485,491.24,1020.6085,53.29,1273.5055,809.5235,2466.9102,963.1107,1394.0183,408.9198,576.93,371.2422,3367.1262,9717.7549,239.3,1282.8547,608.7332,1277.6709,3350.9163,209.1996,48195.8516,21658.5996
2024-01-05,3254.0234,1134.2283,757.8989,490.65,1019.3423,53.14,1285.0305,805.3822,2493.0774,969.5013,1412.311,406.8168,576.33,368.055,3428.6526,9719.4053,239.74,1288.3138,607.9755,1265.2637,3415.8911,211.1417,48159.0,21710.8008
2024-01-08,3198.6021,1119.3142,760.3413,483.91,1021.7286,52.85,1298.5732,796.4053,2453.303,958.0862,1403.3262,399.5638,571.55,363.772,3408.4036,9651.1943,237.68,1278.2603,593.8167,1270.2267,3361.425,208.2516,47450.25,21513.0
2024-01-09,3168.6372,1113.8773,759.3043,481.62,1036.7761,53.02,1309.7841,790.2052,2454.7305,955.8909,1409.316,398.7483,573.94,363.8815,3461.8013,9726.2939,237.78,1274.876,592.3015,1288.4242,3372.0259,208.4366,47242.6484,21544.8496
2024-01-10,3187.4016,1104.3501,754.8913,483.47,1035.0229,52.92,1338.2147,792.8145,2452.4941,968.8671,1400.6536,397.6753,574.76,362.7162,3451.6279,9712.8066,238.76,1309.2615,588.8445,1289.2512,3393.1819,209.7545,47360.8516,21618.6992
2024-01-11,3188.7109,1123.0552,753.8298,483.4,1035.1691,52.84,1331.6674,789.4871,2413.2905,967.0134,1376.9697,397.1174,580.45,363.1246,3412.0542,9713.6807,238.87,1343.696,587.3766,1280.8824,3413.7432,207.2574,47438.3516,21647.1992
2024-01-12,3178.6255,1117.6681,752.9748,486.21,1048.3175,52.99,1381.8922,785.7527,2420.7129,979.0626,1486.2189,400.5938,581.12,365.1963,3474.311,9669.5811,241.73,1354.3921,600.0674,1290.3217,3548.3086,215.2342,47709.8008,21894.5508
2024-01-15,3174.8435,1116.8202,734.9835,490.49,1073.6891,53.25,1424.4036,800.8818,2448.4978,985.258,1522.4814,401.3663,582.48,368.8318,3449.2429,9787.2285,244.07,1377.5131,606.2234,1293.6304,3567.4993,228.7138,48158.3008,22097.4492
2024-01-16,3197.1475,1116.4211,732.8851,489.67,1067.3584,53.05,1395.0312,803.922,2444.5962,984.4774,1503.5437,405.4006,581.81,368.1346,3478.8867,9881.0068,243.24,1358.2456,603.1928,1278.1575,3528.6606,224.2745,48125.1016,22032.3008
2024-01-17,3144.2,1079.7092,723.2727,470.54,1056.9857,52.67,1413.3723,736.1046,2438.6968,957.8422,1511.515,400.5079,576.16,354.5188,3476.4041,9753.0742,238.38,1345.3511,592.8697,1264.0959,3549.9531,223.0722,46064.4492,21571.9492
2024-01-18,3068.1233,1094.8728,714.1025,466.59,1058.7389,52.49,1405.8832,711.52,2424.5188,962.3302,1513.7268,399.5638,573.57,354.0407,3500.791,9629.6533,237.51,1351.65,595.0479,1299.8585,3566.4026,223.1878,45713.5508,21462.25
2024-01-19,3070.0627,1113.8773,719.3658,466.14,1095.7004,52.84,1417.0902,704.099,2441.0757,974.8673,1529.0244,404.7139,581.62,351.461,3549.467,9739.4902,239.15,1351.156,594.527,1299.7123,3628.4714,224.2976,45701.1484,21622.4004
2024-01-23,2962.2756,1086.6426,694.9516,459.55,1127.8411,52.86,1377.0524,683.3683,2260.4263,1003.9904,1513.3121,394.2419,566.94,355.485,3456.9822,9567.5068,234.87,1312.7443,573.0757,1341.2651,3550.4368,217.2919,45015.0508,21238.8008
2024-01-24,2908.6975,1056.6147,693.438,460.2,1158.9589,52.91,1424.7273,697.0372,2323.3228,974.8673,1543.9536,397.9329,576.22,356.3017,3494.1707,9691.4619,237.29,1327.8619,585.5771,1344.963,3535.2991,221.5321,45082.3984,21453.9492
2024-01-25,2859.9678,1039.7551,696.4062,457.51,1130.3247,52.72,1401.0931,686.983,2310.6199,985.3555,1538.1477,391.1089,579.09,352.2777,3498.3081,9587.4463,236.15,1336.9524,580.3209,1331.5339,3506.3123,217.8017,44866.1484,21352.5996
2024-01-29,2886.0054,1058.7096,706.8393,464.26,1131.8829,52.97,1423.0553,696.4387,2325.9397,991.6485,1526.6285,386.0876,585.04,363.1345,3609.8254,9694.5674,240.05,1430.7957,589.9811,1363.2091,3497.7542,219.1919,45442.3516,21737.5996
2024-01-30,2864.7197,1051.5767,670.036,462.94,1128.4741,53.13,1409.2725,691.4835,2339.4988,992.1363,1521.8824,376.0019,583.1,363.274,3537.1033,9655.9971,238.13,1390.8524,593.58,1334.8911,3497.3406,218.9602,45367.75,21522.0996
2024-01-31,2868.3562,1065.194,674.5276,468.76,1140.2102,53.35,1424.3657,700.2209,2361.2893,1003.1124,1530.5911,379.0062,587.7,363.6026,3387.6189,9884.2578,240.26,1409.626,606.6022,1380.3362,3511.5115,221.5785,45996.8008,21725.6992
2024-02-01,2840.7185,1081.6545,662.7727,470.28,1121.218,53.46,1425.631,702.0402,2353.7246,1000.1854,1527.0432,380.165,589.92,363.1046,3308.0332,10321.9072,240.03,1409.6506,613.3739,1370.1184,3546.6638,218.4273,46188.6484,21697.4492
2024-02-02,2847.4583,1064.4957,673.0928,469.24,1120.8286,53.58,1431.3701,692.3691,2333.7424,999.0634,1560.4952,377.7615,594.92,363.1445,3286.6646,10338.8887,241.3,1440.3307,615.2681,1378.5847,3649.8667,223.8955,45970.9492,21853.8008
2024-02-05,2829.0818,1058.959,649.4942,466.37,1084.5487,52.98,1405.7026,691.7468,2302.2463,998.5756,1554.8278,376.0019,592.28,360.2361,3253.2725,10118.7275,240.24,1421.8783,608.9226,1424.4679,3656.3081,223.5248,45825.5508,21771.6992
2024-02-06,2842.27,1047.5365,648.5065,466.12,1104.5149,52.94,1467.5215,691.3877,2308.7644,1001.4049,1593.7628,370.2939,600.37,355.983,3333.5884,10522.6602,242.01,1410.787,615.8362,1435.4641,3806.0276,231.5417,45690.8008,21929.4004
2024-02-07,2890.9512,1066.5408,659.4211,467.23,1104.7582,53.21,1459.9296,684.6131,2307.9077,997.2584,1560.8638,370.6372,610.17,357.0985,3304.8206,10610.8125,242.35,1424.9661,639.5131,1455.9971,3757.6243,229.4796,45818.5,21930.5
2024-02-08,2840.9612,1033.4203,646.295,459.6,1112.4039,53.05,1476.6045,671.7344,2299.915,965.2084,1559.3433,361.261,611.31,344.5684,3247.1877,10424.7109,240.28,1432.8459,662.5271,1459.3057,3804.28,226.5369,45012.0,21717.9492
2024-02-09,2862.3433,1048.8833,654.0449,465.25,1091.0742,53.05,1473.7123,671.9976,2306.6707,986.0873,1538.3781,362.0889,610.64,347.1083,3236.5281,10413.9873,240.78,1443.3445,686.867,1502.074,3803.9114,227.2784,45634.5508,21782.5
2024-02-12,2864.429,1044.1943,645.6562,458.09,1089.5645,52.79,1506.5649,665.4864,2270.0366,971.8428,1548.2848,354.5508,599.64,340.5544,3212.1897,10391.5264,239.32,1435.0443,670.4352,1501.7314,3791.9485,232.3759,44882.25,21616.0508
2024-02-13,2881.6904,1068.1869,649.047,464.08,1088.7367,52.81,1505.3447,667.6169,2277.9819,994.9656,1552.3856,354.4637,603.47,346.0525,3233.5586,10473.8066,240.59,1447.6426,675.6915,1509.316,3818.4504,237.0795,45502.3984,21743.25
2024-02-14,2886.3447,1094.2244,653.2587,467.1,1086.7888,52.1,1510.6772,662.6378,2272.2253,997.7951,1535.4753,358.6467,611.96,348.4032,3221.3896,10700.3213,241.55,1463.7236,704.0565,1487.9811,3772.9924,238.4233,45908.3008,21840.0508
2024-02-15,2925.2798,1069.6333,650.5951,471.13,1091.5125,52.17,1502.5885,677.0008,2236.9233,991.8924,1544.829,351.98,617.85,346.4709,3212.9199,10760.7695,242.72,1453.0769,721.3879,1477.705,3775.8442,240.277,46218.8984,21910.75
2024-02-16,2916.8918,1066.1917,650.5754,472.78,1090.8307,52.35,1507.0168,679.8016,2260.1409,998.3317,1568.1439,352.5901,622.71,345.674,3297.0811,11042.2998,243.99,1443.1714,714.7584,1477.7538,3798.9419,251.6305,46384.8516,22040.6992
2024-02-19,2907.3882,1060.4055,659.775,473.73,1112.4524,52.64,1514.0665,678.4609,2271.4639,1018.3325,1566.3929,356.6423,624.16,344.9071,3251.4231,11142.1904,245.04,1456.4364,719.0675,1497.4741,3776.396,248.3634,46535.5,22122.25
2024-02-20,2920.5283,1085.9941,664.7679,479.32,1114.157,52.56,1503.0403,696.2712,2287.593,1023.2107,1553.0308,353.8972,624.9,351.1024,3267.8752,11106.3887,245.37,1453.4968,719.8726,1505.8907,3709.0828,246.5098,47094.1992,22196.9492
2024-02-21,2910.9763,1081.6046,657.4161,478.5,1110.2124,52.64,1478.864,689.0178,2290.447,1026.3326,1525.6609,351.5008,621.19,347.8354,3209.1228,11125.2109,243.87,1450.2115,730.6693,1510.4907,3673.0557,241.6208,47019.6992,22055.0508
2024-02-22,2926.1045,1098.2648,656.0549,478.35,1105.9757,52.72,1524.1437,679.634,2272.3679,1036.8209,1549.4365,361.1738,627.92,343.5823,3274.6902,11311.458,245.79,1464.0941,725.3657,1524.8282,3761.0288,246.0927,46919.8008,22217.4492
2024-02-23,2895.6057,1094.1746,658.3056,477.53,1096.431,52.44,1505.4803,680.1367,2278.0774,1035.4551,1545.2897,358.5159,629.54,343.433,3298.2493,11192.8887,245.69,1475.8276,718.8781,1527.9601,3728.8215,248.4561,46811.75,22212.6992
2024-02-26,2781.6611,1082.6023,652.9391,473.93,1081.1399,52.71,1491.0649,680.9506,2287.7354,1028.528,1529.8999,356.5987,630.13,339.907,3378.2727,11126.3271,244.87,1469.6027,718.7361,1523.7516,3681.8445,246.9501,46576.5,22122.0508
2024-02-27,2773.0305,1076.467,644.3882,474.42,1098.1353,52.79,1499.1991,679.9213,2288.7344,1034.3818,1533.0792,358.2981,629.29,339.9966,3413.6118,11158.9775,245.5,1467.9478,710.165,1549.0016,3776.9482,246.2781,46588.0508,22198.3496
2024-02-28,2709.8032,1071.6285,638.7319,469.07,1099.3528,52.6,1492.9631,674.7745,2304.197,1020.7227,1540.129,355.8144,621.31,335.385,3378.3215,10821.4609,243.07,1438.2804,703.204,1540.2913,3790.3386,239.9062,45963.1484,21951.1504
2024-02-29,2736.5195,1072.5264,638.4027,471.0,1094.0934,52.78,1503.7631,671.9019,2295.395,1026.5767,1542.5713,354.0715,627.76,336.5504,3385.4771,10952.9844,243.25,1443.3938,708.5077,1544.3038,3768.3911,240.3233,46120.8984,21982.8008
2024-03-01,2746.0718,1096.6185,645.8823,481.2,1099.3041,52.9,1485.9133,684.9962,2292.9211,1060.4316,1524.8776,356.8602,632.47,344.17,3537.2979,11275.7031,246.85,1474.3455,728.4436,1526.0027,3767.7004,240.555,47286.8984,22338.75
2024-03-04,2746.0718,1104.1007,648.9291,483.29,1103.9791,53.89,1480.3551,685.9298,2304.625,1065.7489,1508.7505,356.5115,637.01,344.0704,3547.958,11249.6992,247.83,1489.4385,731.1901,1519.0051,3755.1389,241.2038,47456.1016,22405.5996
2024-03-05,2735.0645,1098.165,621.5859,484.63,1138.4572,54.62,1463.5447,689.8317,2283.5486,1061.5537,1480.4591,353.9408,638.54,341.7795,3516.9514,11323.8779,247.34,1482.3242,742.4604,1540.6338,3692.0127,237.8672,47581.0,22356.3008
2024-03-06,2741.7561,1122.307,620.3082,488.34,1162.6111,54.72,1486.0035,690.6696,2284.4524,1070.3832,1490.6422,355.4222,636.72,350.5546,3545.7676,11223.4043,248.62,1485.0909,742.413,1569.7985,3740.0483,237.7977,47965.3984,22474.0508
2024-03-07,2783.6975,1108.7893,631.1,486.82,1168.4548,55.44,1480.0841,692.3453,2302.2939,1061.4559,1489.6285,360.3895,642.88,348.2239,3579.5977,11168.0986,248.67,1461.3027,746.3434,1571.4622,3780.814,238.8867,47835.8008,22493.5508
2024-03-11,2789.8069,1102.4547,632.3483,482.7,1165.4357,56.01,1480.9878,683.5838,2274.0334,1052.4313,1475.022,356.773,642.49,344.5584,3544.2102,11057.0,247.45,1449.1245,732.7528,1559.62,3793.4668,238.4465,47327.8516,22332.6504
2024-03-12,2789.1279,1094.374,632.5743,482.07,1172.8865,55.94,1478.2313,698.7847,2262.9001,1050.6263,1486.4033,352.4593,630.37,342.7058,3525.7617,11167.9531,247.42,1457.8445,719.4938,1550.5186,3857.79,236.7319,47282.3984,22335.6992
2024-03-13,2773.6118,1077.8137,634.5498,477.84,1138.3112,55.47,1474.5258,699.1917,2200.5269,1057.5535,1484.9746,368.1455,609.59,344.5385,3444.8618,11051.7607,243.71,1415.1099,707.7026,1525.3665,3817.9907,233.7429,46981.3008,21997.6992
2024-03-14,2804.7412,1055.7168,628.7805,476.7,1163.4878,55.84,1517.6815,696.8217,2221.4607,1057.212,1523.5874,365.7054,623.17,347.0984,3512.668,11065.7812,245.39,1414.4181,701.8307,1536.7189,3871.9155,240.0221,46789.9492,22146.6504
2024-03-15,2780.7886,1043.8953,640.2701,474.01,1188.2262,55.73,1488.8057,695.4812,2214.895,1054.041,1505.8015,365.2261,617.96,346.2816,3443.499,11135.6914,243.8,1401.326,693.165,1515.1881,3882.6362,239.5818,46594.1016,22023.3496
2024-03-18,2760.375,1058.8093,639.3167,474.05,1193.3883,55.5,1485.2808,692.3213,2188.49,1054.8705,1476.9114,363.7882,621.81,346.2019,3466.9124,11290.5977,243.98,1422.3228,692.2653,1537.7467,3821.2114,236.4307,46575.8984,22055.6992
2024-03-19,2729.9253,1048.2847,648.3198,472.07,1196.3588,55.61,1445.2882,693.9012,2157.0891,1057.5535,1438.9437,356.9037,610.35,348.5426,3408.9875,11252.5127,241.6,1408.2673,685.4937,1515.4327,3659.9895,229.3174,46384.8008,21817.4492
2024-03-20,2739.4285,1032.2731,653.5534,471.51,1199.719,55.72,1434.3977,685.1398,2133.3005,1058.0901,1432.9536,362.2632,612.8,351.6801,3416.7756,11586.3916,241.58,1426.547,697.2848,1516.3137,3654.0994,228.6918,46310.8984,21839.0996
2024-03-21,2735.7922,1033.121,660.0649,475.25,1189.0055,56.7,1442.2607,692.1777,2133.6814,1055.4559,1432.7231,367.0997,625.73,353.0247,3465.7439,11554.3721,243.99,1433.6858,704.9088,1531.8256,3655.9861,231.9125,46684.8984,22011.9492
2024-03-22,2755.5266,1030.8265,664.5026,477.01,1203.9069,55.99,1407.9619,690.7892,2147.1934,1063.7489,1390.4705,373.5049,628.47,353.8714,3522.0137,11971.1602,244.74,1437.6876,707.1818,1574.594,3598.886,225.726,46863.75,22096.75
2024-03-26,2729.489,1038.0592,679.1669,475.06,1181.5059,56.3,1411.9387,682.4348,2131.4453,1057.3094,1375.5415,372.6771,634.45,349.3494,3572.929,11886.5986,243.79,1424.3978,700.8837,1564.0243,3568.1511,222.3663,46600.1992,22004.6992
2024-03-27,2744.8591,1050.3297,690.2388,477.13,1192.9014,56.22,1397.4326,689.7599,2131.1597,1057.3583,1367.4319,372.982,637.15,353.712,3608.2678,12138.6807,244.96,1475.0618,694.4909,1569.9451,3534.4712,218.8675,46785.9492,22123.6504
2024-03-28,2760.6177,1044.6932,712.1074,480.39,1196.6024,56.61,1395.0381,693.207,2154.615,1066.6758,1380.5178,373.2871,643.81,355.6842,3664.2454,12226.0068,246.96,1468.1451,712.5327,1585.9956,3567.0471,222.4821,47124.6016,22326.9004
2024-04-01,2784.1338,1050.5791,712.6677,485.1,1185.6453,58.32,1406.9225,704.0272,2175.1208,1072.8712,1378.1218,371.8492,655.78,356.7201,3736.3835,12196.1699,248.19,1467.0831,718.1678,1594.5101,3604.2693,224.7296,47578.25,22462.0
2024-04-02,2787.2373,1044.6932,708.3872,484.33,1176.7823,58.64,1381.255,708.6473,2175.8821,1054.8705,1366.5104,371.1084,662.72,350.0865,3706.5935,12179.5303,248.65,1469.2322,725.8392,1587.6594,3573.9485,222.9919,47545.4492,22453.3008
2024-04-03,2782.5337,1060.7048,718.3978,485.06,1193.7778,58.77,1388.0786,709.6767,2155.4238,1050.9678,1364.4829,370.542,664.77,344.8573,3682.3044,12058.6309,248.59,1454.0651,730.243,1585.3104,3632.3821,223.9187,47624.25,22434.6504
2024-04-04,2830.0027,1060.4055,715.8571,489.4,1175.4187,59.18,1391.5132,731.3648,2155.1863,1052.5775,1370.0581,368.407,661.66,348.443,3697.2969,12193.8906,249.23,1445.4935,719.1149,1584.8212,3683.9148,225.865,48060.8008,22514.6504
2024-04-05,2796.2073,1056.5647,705.2667,493.33,1159.9816,59.03,1396.5742,741.8737,2157.0891,1057.0168,1363.0544,372.5899,666.08,355.6144,3643.9963,12052.5674,249.05,1442.7021,724.2765,1574.6918,3661.7837,224.776,48493.0508,22513.6992
2024-04-08,2804.4983,1073.4742,705.5518,494.1,1173.3247,60.21,1391.8745,740.4614,2158.9924,1060.6757,1360.8428,373.9406,670.34,356.2619,3707.032,12482.8906,250.75,1468.2688,727.6385,1565.5902,3655.6177,222.3894,48581.6992,22666.3008
2024-04-09,2770.7029,1077.4147,707.0309,496.56,1173.0812,60.55,1392.2815,741.395,2154.4248,1080.0909,1377.5688,371.5442,668.49,354.7081,3685.0303,12505.1113,250.74,1446.2098,723.7556,1568.3794,3631.6924,220.4895,48730.5508,22642.75
2024-04-10,2809.105,1085.196,710.6332,498.32,1197.3815,60.62,1391.0612,735.554,2151.3323,1082.3837,1388.5813,380.7816,674.47,363.7421,3653.8286,12305.958,251.57,1461.9449,737.8196,1569.8474,3666.7524,221.1846,48986.6016,22753.8008
2024-04-12,2768.1333,1070.8804,710.5643,494.94,1193.6317,61.91,1375.1094,727.2234,2124.1184,1077.5055,1368.2614,374.8121,670.66,361.1723,3581.8369,11902.123,249.56,1449.6681,725.7444,1507.1631,3682.166,218.1492,48564.5508,22519.4004
2024-04-15,2758.3386,1055.4175,695.4971,486.71,1192.6578,61.23,1360.2423,715.6133,2087.7219,1052.0897,1352.9637,371.152,660.53,358.2041,3505.4639,12053.7793,246.87,1447.3707,717.4102,1507.212,3626.769,212.8664,47773.25,22272.5
2024-04-16,2744.3748,1049.382,683.5061,484.47,1184.7687,61.89,1335.162,722.5794,2113.1758,1041.0649,1303.4767,371.152,660.93,357.0985,3449.6321,12131.2578,245.52,1448.2848,711.9172,1504.7654,3563.8259,207.7689,47484.8008,22147.9004
2024-04-18,2722.749,1021.5488,677.5058,480.08,1232.7848,61.96,1325.7175,715.6133,2107.4666,1029.7474,1307.9001,365.0083,659.72,355.9332,3456.9336,12036.4609,243.94,1446.8767,705.3823,1484.0663,3553.8875,205.9153,47069.4492,21995.8496
2024-04-19,2723.5735,1026.6365,699.7479,484.79,1255.4292,62.24,1308.2292,733.1362,2123.4524,1041.2601,1300.528,370.1498,659.43,357.1085,3425.1968,12333.3213,245.53,1452.6077,710.7333,1490.3297,3520.9434,209.8079,47574.1484,22147.0
2024-04-22,2755.866,1051.427,716.7219,488.9,1263.7566,61.74,1324.859,723.9918,2132.8726,1060.1877,1320.3409,370.6292,667.39,360.5548,3517.0486,12405.6562,247.31,1462.2167,725.555,1507.261,3556.2803,214.0944,47924.8984,22336.4004
2024-04-23,2787.916,1053.2228,713.5474,488.23,1307.3898,60.25,1343.6123,721.7894,2153.0925,1063.7,1329.234,374.0278,668.98,361.1723,3514.5659,12610.1445,247.82,1441.9363,732.0899,1452.9933,3565.5742,214.1408,47970.4492,22368.0
2024-04-24,2780.9822,1060.7048,720.3536,490.17,1301.5947,60.73,1336.9246,723.7523,2150.7139,1070.0419,1318.4979,373.7664,673.86,367.0988,3538.6125,12559.4951,247.94,1432.8953,732.1846,1454.0698,3525.407,213.1213,48189.0,22402.4004
2024-04-25,2774.8728,1124.3022,716.9873,493.23,1303.8348,60.86,1359.4288,723.2975,2122.7388,1086.6277,1325.5938,381.3044,677.56,327.1876,3555.6003,12538.5859,249.27,1442.5786,769.6888,1487.7363,3544.8694,213.631,48494.9492,22570.3496
2024-04-26,2758.0959,1127.5944,661.5835,490.7,1291.4657,61.33,1332.0441,722.8428,2114.9358,1080.9203,1318.0372,383.4395,682.92,320.4245,3509.7473,12325.9463,248.44,1435.2422,758.8921,1474.4264,3516.481,215.2993,48201.0508,22419.9492
2024-04-29,2781.4187,1156.475,670.9599,502.78,1297.7476,61.3,1253.9116,732.2744,2118.219,1131.8979,1322.1841,381.8708,684.84,326.7792,3538.0769,12312.8477,250.59,1447.5684,782.7585,1489.1554,3561.4333,214.5347,49424.0508,22643.4004
2024-04-30,2788.8857,1163.1091,680.4888,502.38,1287.8621,60.88,1235.1129,727.774,2122.3582,1122.3853,1309.0983,379.6487,690.33,323.5023,3499.136,12436.7061,250.06,1449.5199,782.5217,1470.0712,3515.8364,214.2798,49396.75,22604.8496
2024-05-02,2885.3748,1147.0975,676.4738,501.31,1270.0874,60.85,1229.7808,733.591,2118.4092,1111.7018,1303.4767,382.568,700.57,313.8806,3504.198,12424.916,250.84,1449.0753,786.1205,1486.6108,3555.0842,211.9628,49231.0508,22648.1992
2024-05-03,2841.1062,1138.7675,681.2702,498.74,1244.1315,60.48,1218.3478,727.5346,2109.6077,1114.2386,1305.1818,380.3458,700.33,308.1135,3407.1379,12121.0215,248.75,1416.913,787.4465,1478.9282,3536.7717,211.9396,48923.5508,22475.8496
2024-05-06,2843.4336,1140.9124,674.228,497.68,1249.9751,60.72,1228.0636,728.9949,2146.8601,1118.3851,1314.0286,378.8643,691.28,323.572,3371.6045,12069.7412,248.37,1402.6106,765.0481,1496.5444,3608.2263,212.542,48895.3008,22442.6992
2024-05-07,2824.8633,1125.0005,675.4761,492.29,1252.6534,60.68,1219.0415,721.0953,2264.0896,1104.3358,1327.8976,383.7445,680.57,327.4764,3336.9956,11996.7266,247.11,1384.7756,759.4604,1483.0387,3661.5071,214.9749,48285.3516,22302.5
2024-05-08,2757.272,1125.9482,668.2915,489.92,1255.0397,60.5,1203.1964,709.8442,2227.5981,1095.6525,1315.3187,384.311,688.25,328.3629,3394.531,12170.8945,247.24,1401.6473,767.8893,1489.3021,3659.6667,214.6505,48021.1016,22302.5
2024-05-09,2628.1023,1112.9794,649.1945,484.79,1242.2322,60.42,1209.0582,693.0155,2212.9446,1088.5303,1326.6074,370.4549,675.32,327.3171,3188.7278,12133.1504,243.49,1377.5131,776.413,1462.7799,3644.2529,211.2676,47487.8984,21957.5
2024-05-10,2687.4021,1117.4187,656.959,485.84,1267.2628,61.92,1205.5319,697.82,2248.0564,1089.8474,1313.1069,377.6443,681.42,324.2991,3184.8337,12298.9238,244.97,1390.6547,774.0927,1474.4264,3583.2427,209.3908,47421.1016,22055.1992
2024-05-13,2792.1345,1129.2903,660.3597,489.1,1252.4586,61.15,1202.5095,706.2401,2246.2483,1100.5308,1311.7705,376.3372,685.45,326.9386,3206.6406,12297.3232,245.16,1385.986,765.9952,1492.5319,3632.843,209.4372,47754.1016,22104.0508
2024-05-14,2779.4304,1120.1621,656.1286,489.81,1250.8517,61.19,1209.9741,709.0063,2235.7339,1093.2623,1312.9226,374.4635,695.24,327.9546,3289.9744,12433.5039,246.61,1403.1541,774.8977,1512.3013,3589.9602,211.4762,47859.4492,22217.8496
2024-05-15,2728.5676,1125.3497,656.5512,488.07,1275.7849,61.71,1220.8278,698.1111,2210.7085,1096.9696,1308.5453,372.8078,698.97,328.851,3320.981,12387.9971,246.42,1399.3992,776.8865,1494.8318,3570.8196,212.3798,47687.4492,22200.5508
2024-05-16,2728.9072,1136.5729,663.1511,490.46,1310.0681,62.0,1234.7953,708.6666,2229.5964,1103.5065,1339.325,375.9885,704.08,333.0841,3368.9761,12126.3584,248.18,1408.3661,768.9785,1503.542,3615.821,215.2298,47977.0508,22403.8496
2024-05-17,2724.8826,1138.6178,661.21,491.58,1309.4349,61.96,1221.1024,710.535,2207.9014,1102.9698,1330.985,380.2151,714.26,337.9647,3359.3865,12265.9346,248.73,1418.5928,774.5662,1498.7463,3553.8572,213.631,48115.6484,22466.0996
2024-05-21,2765.5149,1134.9268,662.7285,491.84,1309.2891,62.63,1229.071,707.9629,2198.7188,1093.6525,1321.6312,378.9079,726.45,338.3033,3349.8459,12102.7314,249.74,1419.0128,786.6888,1508.0928,3540.9731,213.5847,48048.1992,22529.0508
2024-05-22,2798.4377,1123.3047,662.8956,489.67,1312.7953,62.68,1230.1243,708.157,2252.1951,1084.0422,1340.6613,383.3524,728.2,338.5623,3369.2195,12159.0557,250.36,1443.2455,788.4221,1506.478,3551.9111,213.77,47781.9492,22597.8008
2024-05-23,2815.8928,1162.4607,670.9648,498.71,1338.2642,61.62,1239.7415,724.3661,2267.0393,1106.8726,1356.8802,384.6159,732.14,340.4548,3490.4714,12550.6182,254.29,1468.343,801.2776,1463.2205,3608.8694,215.8554,48768.6016,22967.6504
2024-05-24,2787.7703,1171.1897,671.9722,501.32,1352.3378,60.89,1232.0935,736.3047,2254.2415,1104.3845,1350.153,380.128,735.86,339.3393,3529.8992,12614.2207,254.98,1462.6119,797.9072,1454.9994,3568.1318,214.8591,48971.6484,22957.0996
2024-05-27,2785.3945,1184.1586,677.7319,503.71,1348.2959,61.0,1239.5122,741.4004,2268.9424,1102.287,1355.9127,376.0321,736.19,340.8433,3555.3081,12522.6719,254.72,1448.7788,802.8184,1434.7899,3565.8606,209.6689,49281.8008,22932.4492
2024-05-28,2823.1174,1180.5673,675.5253,503.38,1335.3424,61.12,1244.1836,742.7593,2279.8374,1099.5062,1351.95,373.8535,730.05,339.3791,3561.344,12437.7725,254.2,1438.8485,800.3629,1433.6644,3559.2332,211.3372,49142.1484,22888.1504
2024-05-29,2812.4019,1156.9739,669.004,497.65,1341.2349,61.2,1239.3292,731.9855,2258.3804,1075.1639,1337.1132,375.5528,725.08,336.2316,3538.5637,12408.7119,252.37,1423.6074,792.1777,1447.4148,3525.6328,208.9043,48501.3516,22704.6992
2024-05-30,2796.45,1165.1542,650.3052,499.0,1341.2834,60.74,1219.866,735.1642,2237.4463,1086.579,1315.4568,369.3655,719.54,336.6798,3538.4661,12223.7275,250.35,1407.8721,795.2591,1427.988,3463.0203,202.4861,48682.3516,22488.6504
2024-05-31,2794.0251,1159.368,658.2909,502.5,1336.9982,61.29,1212.7675,743.2689,2216.1797,1093.7501,1322.4598,371.6313,719.92,334.7475,3572.1504,12030.9287,251.15,1413.3561,799.5924,1428.6731,3402.6323,203.0653,48983.9492,22530.6992
2024-06-03,2779.7217,1220.9703,679.7025,522.61,1354.8702,60.59,1203.9288,762.9965,2241.7283,1131.7515,1321.5198,375.03,750.2,342.2477,3793.9673,12105.4971,258.14,1492.3286,872.1032,1422.067,3432.2007,205.7994,50979.9492,23263.9004
2024-06-04,2771.188,1128.542,639.7984,503.14,1265.8506,60.56,1193.9457,719.7801,2375.3247,1045.3579,1310.0049,368.4968,740.26,326.2911,3313.0957,11814.3115,250.48,1380.6257,746.4853,1399.3618,3443.4629,203.0421,46928.6016,21884.5
2024-06-05,2872.1382,1181.6646,671.9477,502.27,1309.3376,60.68,1230.7195,753.0963,2476.6157,1081.6521,1344.2673,381.8983,712.35,342.2576,3318.7419,12131.1611,251.3,1403.821,760.4963,1455.5869,3472.6135,209.2287,49054.6016,22620.3496
2024-06-06,2816.9114,1168.147,680.7099,503.7,1334.9041,61.45,1279.9961,756.9302,2426.0417,1083.3594,1383.8876,386.4246,726.67,345.5645,3390.3447,12296.9834,252.98,1414.5417,786.6888,1441.2981,3550.4275,213.631,49291.8984,22821.4004
2024-06-07,2839.1184,1183.9591,706.8147,509.15,1388.1307,61.09,1311.1373,763.5546,2452.8745,1094.3842,1441.5554,389.7528,736.56,349.3494,3438.9722,12430.3018,258.42,1452.4347,799.2073,1474.7198,3609.3325,224.5443,49803.1992,23290.1504
2024-06-10,2848.6704,1197.1274,696.7355,508.81,1388.91,60.13,1299.4594,757.7067,2441.0283,1096.433,1409.7369,387.756,742.9,347.7458,3449.9243,12339.7256,257.94,1453.8674,800.9887,1480.8365,3576.6589,220.2346,49780.8984,23259.1992
2024-06-11,2841.8652,1191.7405,701.576,508.4,1390.0786,60.42,1308.6643,759.4053,2432.4646,1090.9694,1405.9771,384.2946,742.22,342.6361,3503.4192,12481.4854,258.8,1439.3179,804.5998,1467.7712,3570.5415,220.6053,49705.75,23264.8496
2024-06-12,2845.1455,1185.0564,709.4045,510.66,1400.9384,60.59,1317.7775,763.9429,2406.1543,1092.2866,1396.0602,383.6733,747.51,341.7895,3534.1829,12467.6094,259.39,1445.8887,808.0182,1474.7198,3551.5859,220.9992,49895.1016,23322.9492
2024-06-13,2849.2578,1171.8381,716.9923,510.51,1388.6178,60.59,1322.7238,767.1458,2366.8557,1080.3837,1404.285,381.8983,753.82,343.9011,3605.5906,12465.1826,260.3,1447.7908,812.6406,1478.5857,3594.6875,223.6406,49846.6992,23398.9004
2024-06-14,2860.6157,1178.2229,721.5724,512.14,1390.2247,60.6,1310.7253,774.9836,2382.5652,1078.725,1399.5382,382.6527,764.4,342.0783,3590.1604,12463.583,260.65,1459.9441,808.1146,1483.6748,3551.957,221.2773,50002.0,23465.5996
2024-06-18,2857.5806,1189.0469,720.899,516.45,1391.15,60.33,1316.3579,780.2734,2388.8103,1095.5062,1408.2799,380.5227,768.89,342.5166,3591.5232,12187.7773,261.56,1463.3777,813.6035,1488.5192,3536.2461,227.9272,50440.8984,23557.9004
2024-06-19,2831.3398,1223.7137,710.9968,526.16,1356.0875,60.71,1324.2805,804.5628,2360.7063,1116.5801,1420.6407,375.9963,762.1,347.9549,3494.9011,11878.4004,261.38,1441.2694,821.0182,1471.9308,3523.825,229.7344,51398.0508,23516.0
2024-06-20,2854.6431,1236.533,708.3578,530.34,1345.1793,61.03,1322.0825,810.1438,2384.9189,1128.6294,1424.4476,375.6857,762.87,351.8495,3526.7891,11788.5508,261.72,1456.1399,812.496,1439.6344,3510.4314,227.2552,51783.25,23567.0
2024-06-21,2830.5078,1234.4878,704.7177,528.69,1379.1704,61.53,1326.1127,808.3967,2345.6218,1130.4344,1440.7094,372.4019,757.58,353.722,3468.4585,11839.0068,260.87,1436.8723,805.322,1435.9642,3532.2136,227.3247,51661.4492,23501.0996
2024-06-24,2835.5991,1225.1603,699.5417,529.16,1382.8226,60.62,1319.7012,811.624,2346.4863,1141.6055,1435.4926,375.6857,761.94,353.1044,3465.1226,11821.4434,261.66,1424.299,801.8554,1462.6332,3537.8218,227.3247,51703.9492,23537.8496
2024-06-25,2798.7837,1268.4064,698.8107,538.08,1378.099,60.75,1326.2041,830.5267,2336.8784,1168.7773,1449.4042,375.6857,759.76,354.9671,3520.2646,11756.6279,263.59,1436.823,811.0516,1473.105,3557.8894,230.2442,52606.0,23721.3008
2024-06-26,2803.5818,1282.323,707.0835,540.41,1421.4886,60.46,1322.3114,825.7464,2349.7537,1188.3391,1448.2292,376.2626,759.1,358.2041,3535.1294,11835.8525,265.01,1495.9845,814.0367,1488.7151,3574.0173,229.4796,52870.5,23868.8008
2024-06-27,2820.7161,1285.8645,707.928,540.11,1437.3643,60.32,1332.5697,823.15,2365.6545,1190.1929,1478.9197,377.727,759.09,364.6584,3497.3049,11816.9316,266.95,1512.3126,812.7368,1483.9194,3646.5942,236.7087,52811.3008,24044.5
2024-06-28,2856.1609,1262.2212,702.8706,537.2,1406.4412,60.63,1336.8746,817.1565,2376.1277,1170.3871,1472.7158,377.1057,761.04,359.0707,3481.6553,11676.3359,267.48,1546.7473,817.5035,1488.4214,3618.7869,238.5855,52342.25,24010.5996
2024-07-01,2866.6863,1258.8793,718.7938,539.28,1416.132,60.55,1345.3468,827.5421,2406.9214,1182.3387,1495.3224,380.7889,767.87,360.1862,3460.1675,11748.915,268.3,1541.5599,810.7628,1487.6874,3687.4248,244.3781,52574.75,24141.9492
2024-07-02,2864.5322,1250.3997,707.8145,535.68,1381.9948,60.72,1356.292,839.8688,2387.7532,1161.6063,1523.757,377.6382,767.79,352.5168,3558.2361,11684.8262,269.03,1546.5251,795.548,1491.5532,3723.7593,249.4061,52168.1016,24123.8496
2024-07-03,2864.4834,1276.9359,717.0208,542.83,1382.8713,61.07,1356.4752,858.3347,2411.9658,1172.3383,1529.7256,380.1233,772.86,360.7042,3546.3149,11763.4697,270.23,1533.927,808.8369,1501.2421,3675.4211,249.7768,53089.25,24286.5
2024-07-04,2873.6379,1277.8339,702.0309,543.38,1385.988,61.29,1394.3485,838.1945,2398.1296,1202.9738,1551.5802,380.7889,776.92,365.3158,3506.0374,11730.4307,270.53,1535.5079,808.2109,1524.6814,3727.05,245.9305,53103.6992,24302.1504
2024-07-05,2874.6172,1283.9691,705.0881,539.6,1392.4647,61.48,1391.6464,799.8311,2447.1792,1203.364,1548.5723,384.8715,783.17,369.0709,3558.8738,11744.4502,270.53,1569.6957,827.9034,1534.9575,3718.5686,247.9695,52660.3516,24323.8496
2024-07-08,2837.655,1284.7671,701.1617,537.7,1397.7729,61.57,1404.4694,793.6435,2485.7556,1204.974,1561.9199,393.7023,783.92,369.1705,3563.6326,11666.3916,270.04,1581.8245,824.533,1523.2134,3701.3281,250.7963,52425.8008,24320.5508
2024-07-09,2844.3621,1286.3135,698.1785,538.92,1398.1626,61.38,1402.3627,794.2015,2488.6382,1217.8524,1557.6901,401.6899,787.07,368.1048,3597.0908,12446.6025,271.38,1571.3259,829.3959,1551.5951,3694.1909,250.7036,52568.8008,24433.1992
2024-07-10,2933.9031,1288.5581,696.8846,535.5,1407.415,61.54,1382.9911,789.1545,2508.1423,1212.9254,1549.3241,400.6693,787.26,364.519,3581.3428,12393.333,270.92,1565.348,817.5516,1564.4646,3623.4216,248.1781,52189.3008,24324.4492
2024-07-11,2958.969,1293.6459,686.5473,536.15,1400.4999,61.68,1384.777,787.1161,2506.6055,1208.291,1553.5072,407.0594,789.21,367.4374,3552.938,12337.4443,270.75,1561.8157,824.9664,1548.0229,3636.908,247.5061,52270.6484,24315.9492
2024-07-12,2936.5466,1315.1609,691.8814,535.51,1395.9224,61.89,1429.0159,787.5044,2519.48,1202.8762,1609.0131,407.4145,786.17,365.1166,3580.656,12189.2812,271.94,1577.6991,827.8552,1548.5629,3878.136,259.5779,52278.8984,24502.1504
2024-07-15,2894.7874,1305.3268,697.7538,538.03,1400.1591,61.92,1437.6256,787.2132,2517.6067,1199.9979,1604.5952,411.2751,792.29,367.2481,3582.8635,12268.3115,273.09,1578.1931,848.7033,1557.3007,3864.4636,259.3694,52455.8984,24586.6992
2024-07-16,2912.3625,1301.8824,697.2944,537.38,1428.3064,62.44,1437.5798,786.0728,2583.0857,1209.7057,1622.4548,413.1833,788.24,359.6284,3568.0967,12264.042,273.55,1557.4681,848.0773,1550.5265,3873.0381,259.3694,52396.8008,24613.0
2024-07-18,2870.3579,1307.2738,702.3223,538.48,1445.0098,62.91,1460.4778,783.6705,2631.0779,1219.8525,1652.5343,417.3546,779.49,363.9015,3587.377,12268.4082,275.51,1567.7689,860.4514,1565.204,4000.1174,265.6254,52620.6992,24800.8496
2024-07-19,2884.5552,1290.2513,684.7692,534.91,1423.6801,62.41,1460.4778,780.0307,2620.125,1218.2428,1685.3395,421.1709,761.41,363.2733,3550.3867,12152.2158,273.29,1536.6196,856.4069,1540.0706,3997.1902,258.2109,52265.6016,24530.9004
2024-07-22,2873.0505,1280.4175,680.0229,535.03,1427.2352,62.08,1444.4949,797.1377,2628.0996,1210.9253,1702.1652,414.0708,770.18,350.5001,3582.7163,12265.6914,272.45,1482.7936,844.3218,1558.4297,3983.208,234.3917,52280.3984,24509.25
2024-07-23,2836.6272,1261.1986,664.4997,530.1,1427.5272,60.16,1475.1826,785.4176,2657.9329,1196.876,1726.6517,436.8356,764.45,352.7635,3471.4509,12253.8535,272.64,1470.1709,831.8997,1572.4202,3997.1436,231.9588,51778.3008,24479.0508
2024-07-24,2851.9995,1237.2377,652.6511,526.38,1417.3007,59.6,1461.6616,778.4535,2610.5647,1193.2173,1723.8787,438.4774,766.04,348.2366,3453.2012,12116.2666,271.89,1477.8779,820.4405,1589.9448,4000.7673,231.7503,51317.0,24413.5
2024-07-25,2840.8374,1173.9906,656.6616,521.82,1411.4083,59.37,1465.2614,784.5441,2601.1008,1168.7286,1715.325,434.8387,768.53,354.01,3551.0244,12137.5645,271.92,1474.6172,817.0701,1635.4504,4015.864,234.8783,50888.75,24406.0996
2024-07-26,2888.5698,1175.4381,670.6882,525.3,1474.959,59.99,1509.3315,785.2963,2604.8,1177.802,1766.131,445.7108,782.52,361.7277,3610.6309,12287.4746,276.06,1491.0442,830.5034,1683.0177,4076.5784,243.1964,51295.9492,24834.8496
2024-07-29,2893.0244,1168.15,672.9305,526.92,1442.7697,58.78,1506.5627,778.9388,2605.3284,1183.1681,1758.7991,440.2525,790.13,357.7492,3703.8916,12372.7148,276.68,1501.9872,839.3144,1691.8538,4070.3071,243.0111,51406.25,24836.0996
2024-07-30,2942.3235,1168.1001,674.0319,528.32,1432.0563,58.35,1504.6244,784.0345,2585.9202,1179.9972,1764.4861,434.7943,789.23,356.1937,3713.4089,12491.1875,277.1,1495.12,840.47,1670.5981,4055.675,241.6672,51499.3008,24857.3008
2024-07-31,3020.0664,1164.2063,672.3873,528.94,1452.7041,58.68,1516.0228,784.1315,2599.6113,1185.3146,1756.1201,439.6313,794.51,360.5411,3743.1877,12726.1426,277.75,1487.4869,840.0848,1688.0248,4074.2563,241.8989,51553.3984,24951.1504
2024-08-01,3034.6555,1170.3964,668.9003,528.75,1466.2908,59.09,1514.1309,795.3178,2609.1238,1180.6313,1741.4094,438.1669,791.5,357.4999,3708.1599,12962.166,278.33,1497.2444,830.696,1683.9503,4085.1724,241.6904,51564.0,25010.9004
2024-08-02,3041.8518,1158.965,664.2922,527.11,1454.8955,59.67,1485.2891,805.1937,2587.0249,1167.4115,1711.8939,434.0843,782.87,359.6537,3596.6982,12464.9463,275.69,1481.4597,816.4442,1700.1008,3979.2131,232.7002,51350.1484,24717.6992
2024-08-05,3028.8293,1131.6593,651.6188,514.82,1427.5272,58.74,1442.0031,784.1315,2609.4597,1144.0447,1646.7534,431.333,767.49,353.7108,3461.5901,11950.1924,269.48,1430.0793,781.5851,1689.0066,3860.2935,224.7528,50092.1016,24055.5996
2024-08-06,3037.0054,1124.2714,645.855,510.64,1405.9541,58.62,1460.7849,777.0703,2642.2712,1138.4346,1646.0013,431.5993,749.82,353.0926,3508.8828,11881.876,267.61,1438.7004,768.1519,1676.4399,3875.2971,226.8381,49748.3008,23992.5508
2024-08-07,3036.7117,1134.954,655.6145,514.26,1412.0262,58.2,1471.7217,787.8926,2636.5066,1143.8983,1684.1176,437.235,769.94,354.2892,3569.7649,12117.3369,271.1,1447.3707,778.6963,1702.8496,3902.4731,230.4991,50119.0,24297.5
2024-08-08,2942.6663,1136.3019,650.1865,513.97,1421.8691,58.09,1437.8037,797.2104,2626.0818,1136.2395,1638.5284,439.0988,767.0,353.5313,3486.6592,11967.8232,269.33,1431.8578,778.1185,1705.4025,3876.5518,225.8186,50156.6992,24117.0
2024-08-09,2977.1318,1140.8943,653.7426,516.99,1433.9155,58.66,1467.4302,800.8502,2639.5332,1143.069,1664.4719,440.1194,775.04,352.9131,3524.4346,11973.0635,271.59,1456.733,793.7665,1703.6842,3928.7649,227.6723,50484.5,24367.5
2024-08-12,2989.4688,1162.4094,652.7499,518.91,1428.5289,59.02,1463.0923,805.6548,2640.9744,1154.0903,1689.5225,438.9656,772.45,353.4915,3504.7129,12021.1055,271.44,1443.2208,782.4999,1702.2606,3898.0132,226.6296,50577.9492,24347.0
2024-08-13,2960.4377,1157.7169,638.6145,512.41,1429.6062,59.4,1469.9219,778.041,2633.9602,1149.7113,1689.5693,434.8831,764.17,349.4033,3484.9421,11926.0986,269.52,1446.1851,768.0074,1708.3967,3899.2212,227.3015,49831.8516,24139.0
2024-08-14,2962.6899,1151.2274,637.9675,511.33,1441.3589,59.61,1500.8406,780.2734,2615.3689,1143.1182,1713.821,436.8356,765.17,348.5756,3478.4663,11954.8945,269.34,1444.4312,773.2556,1709.9186,3990.5474,229.4564,49727.3008,24143.75
2024-08-16,2984.5239,1164.9552,651.0459,518.18,1452.9647,59.47,1539.6964,792.0663,2640.542,1168.3098,1747.3782,446.1101,776.46,354.4387,3501.1809,11962.3877,273.81,1460.5863,782.0184,1710.9984,4102.7783,239.2343,50516.8984,24541.1504
2024-08-19,3012.0864,1151.3773,653.5598,517.04,1439.3512,60.34,1549.1565,791.7994,2635.0654,1157.1409,1752.8773,445.0451,781.41,355.2464,3488.1311,11900.1914,274.43,1475.6562,783.5592,1715.9565,4171.4824,240.8562,50368.3516,24572.6504
2024-08-20,3038.425,1166.1033,664.0156,521.66,1419.2738,60.67,1556.7708,794.7839,2643.2322,1160.6342,1759.8329,442.6932,788.89,360.0924,3505.4487,11964.0029,275.83,1483.1416,789.9147,1734.1685,4202.4199,243.1269,50803.1484,24698.8496
2024-08-21,3085.7656,1172.4929,665.3146,520.61,1433.2789,60.38,1548.0028,789.0089,2681.8086,1156.1075,1760.3029,448.5508,791.37,361.5482,3528.3591,11969.8809,276.12,1485.8434,785.3406,1732.4996,4228.6196,243.9147,50685.5508,24770.1992
2024-08-22,3120.0842,1168.05,666.1295,522.84,1455.7068,60.45,1546.9878,791.6781,2683.3459,1172.0984,1767.3999,447.7964,796.83,363.2533,3538.6125,12024.1416,276.48,1485.298,789.9147,1718.7546,4182.6309,240.5087,50985.6992,24811.5
2024-08-23,3088.801,1164.0565,665.364,522.47,1475.6863,60.25,1533.4203,788.6449,2705.2524,1184.3005,1750.3392,448.9059,794.52,362.5554,3530.8123,12049.5586,276.6,1487.1322,785.148,1743.3972,4147.2339,237.4502,50933.4492,24823.1504
2024-08-26,3105.1526,1168.3997,669.5621,524.49,1482.3462,60.83,1586.9512,795.8759,2710.585,1193.9443,1763.546,448.8171,798.22,361.4585,3573.3459,11992.2607,278.84,1499.649,784.8591,1740.1573,4183.0488,240.9721,51148.1016,25010.5996
2024-08-27,3100.1099,1179.3318,677.983,525.92,1491.3564,60.55,1579.7058,794.8082,2658.4612,1206.786,1786.0585,444.2907,798.88,359.6338,3633.0017,12240.1611,278.7,1487.6031,785.6777,1756.7988,4178.125,239.6514,51278.75,25017.75
2024-08-28,3060.2595,1169.0485,681.5787,524.84,1524.2637,60.55,1586.9512,794.4927,2656.0112,1204.3258,1822.7178,441.3619,800.61,357.2307,3619.6086,12103.624,278.94,1485.4716,779.4185,1778.8396,4186.3936,247.7378,51143.8516,25052.3496
2024-08-29,3050.8113,1173.4913,697.734,524.79,1533.6168,60.57,1616.8541,795.1965,2676.0918,1202.4071,1817.313,448.2846,799.03,354.4288,3614.114,12197.9463,280.1,1507.9028,784.3295,1766.42,4191.7354,249.6378,51152.75,25151.9492
2024-08-30,3061.5322,1173.3416,711.2274,526.73,1556.2897,60.66,1618.1464,794.3957,2669.1262,1209.5906,1827.0417,445.4445,801.8,355.1367,3634.9148,12148.1904,281.08,1496.6996,785.3888,1788.4611,4230.7095,249.4988,51351.0,25235.9004
2024-09-02,3085.1782,1186.8696,734.9246,527.41,1538.9545,60.25,1667.4314,789.5669,2679.7432,1210.3285,1846.5934,452.6777,802.49,355.027,3613.7708,12172.0889,281.45,1503.2678,791.6962,1782.8647,4200.3296,246.7415,51439.5508,25278.6992
2024-09-03,3088.9971,1189.6649,726.4048,529.76,1528.4261,60.36,1652.4795,794.6141,2684.7874,1227.7954,1824.7389,452.1009,803.58,355.735,3620.6877,12142.4102,281.72,1496.2039,794.248,1778.4958,4192.2461,248.4098,51689.1016,25279.8496
2024-09-04,3164.1938,1175.7875,721.0411,528.86,1529.6993,59.83,1647.6807,796.7737,2729.8972,1216.6265,1807.0671,449.394,805.53,355.735,3582.0786,12082.8105,281.28,1501.5824,786.2554,1799.4569,4161.4951,240.5782,51400.25,25198.6992
2024-09-05,3170.656,1178.6329,715.6477,529.06,1515.3024,60.55,1652.5719,798.545,2727.207,1216.2329,1817.1249,453.6984,803.2,354.5683,3555.9302,12045.9346,280.43,1480.1921,788.4221,1793.2225,4158.4287,243.2196,51473.0508,25145.0996
2024-09-06,3205.3662,1156.8684,722.7845,520.53,1507.5162,60.66,1620.7767,794.4199,2727.687,1188.8763,1787.7035,445.267,795.79,351.8163,3507.4602,11935.7949,277.82,1452.2831,753.5149,1791.3082,4140.5913,241.2501,50576.8516,24852.1504
2024-09-09,3212.2688,1168.9486,725.7776,524.48,1510.8462,60.16,1612.1471,799.0546,2807.2905,1215.2981,1780.9358,454.1865,796.07,357.0013,3510.9434,11896.2246,277.68,1449.9283,755.2001,1788.6572,4133.9014,238.5855,51117.8008,24936.4004
2024-09-10,3226.2703,1185.2721,715.3464,526.66,1545.3204,60.36,1642.0043,800.923,2784.9998,1217.5614,1797.5264,455.8285,798.1,357.2905,3528.4573,12011.458,279.2,1449.0114,753.6593,1802.8932,4188.0659,243.6367,51272.3008,25041.0996
2024-09-11,3297.1592,1184.1738,725.5899,523.06,1545.2715,60.71,1641.6814,797.7928,2790.332,1216.6265,1795.5054,456.4941,793.81,356.8219,3470.3718,11991.085,277.54,1439.0721,740.1297,1812.0729,4161.5874,238.3538,51010.0,24918.4492
2024-09-12,3312.6294,1201.3959,733.7639,530.85,1612.8,60.61,1668.3082,808.8093,2840.5342,1232.1744,1833.3866,461.0648,803.56,364.4399,3553.8208,12146.084,282.71,1467.1299,758.5704,1831.4139,4197.2168,245.6293,51772.3984,25388.9004
2024-09-13,3287.9556,1215.4729,750.5761,532.34,1600.7535,61.64,1673.1074,808.4938,2818.0032,1230.4031,1827.4177,456.0503,804.29,363.024,3544.9902,12063.0264,283.19,1460.0164,761.5555,1819.9762,4201.77,255.1523,51938.0508,25356.5
2024-09-16,3266.1699,1229.0509,725.6097,534.74,1601.7329,62.05,1672.2307,810.9203,2754.7341,1242.7037,1833.1987,453.6097,804.29,365.2077,3593.313,12036.5322,283.27,1458.7522,756.4519,1829.0085,4193.0835,255.7548,52153.1484,25383.75
2024-09-17,3243.6499,1230.0992,727.5605,535.32,1627.4907,61.77,1673.9841,809.877,2760.8833,1247.87,1835.3605,450.6365,803.14,368.2689,3625.6428,11994.1709,283.89,1459.6942,753.9001,1832.1012,4186.022,255.7548,52188.6484,25418.5508
2024-09-18,3206.2961,1238.4357,753.7963,540.74,1620.782,61.68,1621.1459,822.4949,2763.1414,1267.7969,1778.5858,450.2815,800.15,366.8829,3660.2292,11953.376,283.36,1450.9199,763.3852,1802.5496,4037.8369,249.3829,52750.3984,25377.5508
2024-09-19,3225.0957,1240.682,749.7711,544.21,1630.5269,62.19,1602.687,829.1436,2797.6343,1271.3887,1780.5126,451.0802,794.81,373.3143,3614.3591,12097.748,283.92,1457.0917,760.6889,1812.4165,3991.3835,247.1586,53037.6016,25415.8008
2024-09-20,3237.9219,1242.9783,748.9908,550.68,1676.46,62.43,1624.4221,845.013,2860.9036,1317.0977,1791.3694,456.5385,804.58,379.8056,3722.4849,12355.3457,287.1,1473.2025,752.7445,1831.7576,3980.9316,249.8232,53793.1992,25790.9492
2024-09-23,3209.0378,1244.7754,750.2403,556.57,1714.3621,62.81,1617.7311,854.0397,2909.8569,1300.8118,1782.6277,458.8016,816.38,385.8283,3716.4016,12422.5352,289.34,1480.5887,772.1481,1828.7631,3965.6956,247.8769,54105.8008,25939.0508
2024-09-24,3180.594,1237.5372,746.2003,554.39,1720.4342,62.99,1638.7739,858.0435,2834.9138,1297.5643,1784.6484,457.2928,817.28,381.8398,3720.2283,12476.8955,289.3,1476.6229,768.6815,1834.0647,3968.2959,250.0317,53968.6016,25940.4004
2024-09-25,3177.0205,1266.0406,753.0851,554.63,1724.1071,63.66,1645.0502,863.4061,2833.3762,1302.7306,1781.5466,459.3341,814.85,378.4994,3722.436,12522.6357,290.09,1481.1587,763.7222,1836.4701,3971.5012,248.4793,54101.6484,26004.1504
2024-09-26,3208.6462,1275.0261,767.3588,557.45,1734.5863,63.77,1646.3883,865.5172,2869.0703,1307.8478,1786.1996,463.9492,819.94,379.3669,3691.3325,13108.8408,291.55,1485.1245,772.1481,1863.8127,3987.9924,251.1207,54375.3516,26216.0508
2024-09-27,3241.6426,1271.0826,766.1339,553.23,1698.8387,63.48,1669.0465,850.5698,2849.9983,1285.7557,1792.3096,463.9048,825.86,373.414,3635.896,13218.3428,291.97,1513.1079,772.9185,1913.1962,4003.0442,251.0744,53834.3008,26178.9492
2024-09-30,3259.6099,1230.199,760.8986,544.78,1674.3053,63.55,1657.6943,840.5725,2842.3601,1252.6918,1763.0291,459.8667,821.6,369.7247,3606.3628,12966.0352,288.38,1463.9325,758.7148,1891.5969,3965.6956,250.9122,52978.1016,25810.8496
2024-10-01,3208.9399,1224.6581,760.8986,544.36,1663.679,63.59,1676.5223,837.7335,2809.1638,1254.0695,1790.0533,458.136,821.83,374.8,3584.7278,12895.5146,288.27,1452.2831,767.4296,1884.97,3983.7192,253.3683,52922.6016,25796.9004
2024-10-03,3083.5627,1173.7908,734.3121,534.55,1638.9496,63.69,1641.4968,816.283,2779.9553,1236.3074,1779.7606,455.0741,807.63,363.5126,3431.8115,12387.5195,282.69,1394.9285,764.6852,1876.0358,3932.4814,245.6757,51845.1992,25250.0996
2024-10-04,3008.366,1176.4865,712.3337,529.88,1607.0707,63.99,1639.6971,804.4658,2737.1035,1219.9722,1803.0253,446.9089,803.2,360.7605,3428.1809,12346.7754,280.15,1374.6536,767.1407,1875.2504,3950.5979,247.2513,51462.0508,25014.5996
2024-10-07,2998.3298,1143.8395,718.0677,521.6,1627.7845,63.81,1640.02,785.1265,2722.355,1214.2156,1818.2059,452.8109,784.97,357.0213,3403.0632,12270.1328,278.01,1358.9889,742.1038,1870.538,3969.7366,246.2781,50478.8984,24795.75
2024-10-08,3023.5916,1151.4272,709.9234,524.97,1623.2794,63.45,1651.5569,801.2628,2708.3274,1216.8724,1831.6007,450.814,796.03,359.6437,3465.9072,12274.4912,279.4,1385.3859,752.5038,1882.2211,3951.5271,244.1928,51021.0,25013.1504
2024-10-09,3014.5833,1168.2499,721.1348,524.64,1643.5037,63.02,1670.2463,792.5759,2660.4307,1224.3021,1835.5486,436.3918,804.7,359.1252,3421.4602,12498.542,278.72,1362.8307,767.863,1895.6716,3951.2485,246.1391,51007.0,24981.9492
2024-10-10,2995.2456,1182.3269,723.0364,529.19,1643.5037,63.01,1669.2773,806.7709,2646.7393,1223.6624,1803.8241,436.7025,803.3,374.142,3395.2139,12678.1738,279.3,1359.311,767.574,1853.3568,3927.511,243.2891,51530.8984,24998.4492
2024-10-11,2973.8027,1170.546,721.288,526.46,1652.6119,63.54,1697.8884,801.2385,2674.1223,1203.4894,1818.9579,433.2855,804.15,375.3983,3416.9958,12514.1641,278.72,1360.3521,770.1259,1867.298,3854.8586,244.8184,51172.3008,24964.25
2024-10-14,2975.7119,1162.4592,712.0817,531.76,1660.6428,63.98,1712.886,819.2433,2679.7913,1212.0999,1841.3295,441.0513,807.01,381.062,3488.1311,12280.2695,280.76,1360.7734,775.3259,1874.9558,3843.1987,254.6658,51816.8984,25127.9492
2024-10-15,3003.0786,1151.9763,693.126,532.7,1681.8466,63.86,1725.9921,817.3021,2672.4409,1235.4711,1841.7054,442.4713,809.45,377.951,3485.04,12191.041,279.83,1332.5175,774.8444,1863.8616,3824.7563,246.9732,51906.0,25057.3496
2024-10-16,3017.7656,1151.3273,687.1449,531.65,1698.2023,64.44,1721.5156,824.9214,2672.2488,1223.318,1804.8582,437.7231,807.81,374.1918,3466.1038,12129.4824,278.5,1342.4813,775.6147,1863.9108,3804.4563,246.6025,51801.0508,24971.3008
2024-10-17,2992.0635,1130.0121,681.5293,526.9,1666.0785,64.44,1723.8691,811.988,2631.3184,1211.6078,1849.9772,433.9068,789.91,371.7389,3503.094,11894.2656,276.69,1344.8113,781.0073,1855.1239,3817.5103,245.0269,51288.8008,24749.8496
2024-10-18,2929.6931,1194.9064,681.5342,534.31,1672.6403,65.18,1714.5474,816.2101,2610.613,1244.3274,1766.7889,431.9543,792.99,373.1349,3510.4526,11856.4102,277.53,1347.6616,790.011,1875.545,3839.908,254.2487,52094.1992,24854.0508
2024-10-21,2985.5522,1188.3672,669.814,532.55,1657.6559,65.79,1701.5341,838.9467,2587.9856,1238.9645,1741.5504,429.2473,781.99,356.8119,3518.106,11925.7568,276.47,1357.4768,783.7999,1862.4382,3799.6753,253.9939,51962.6992,24781.0996
2024-10-22,2944.0864,1173.8408,659.6397,526.71,1657.3619,65.73,1693.3125,832.0797,2576.6001,1247.2795,1740.4694,427.6054,759.55,351.6169,3445.7932,11678.3447,273.56,1331.8483,761.1223,1853.1604,3739.7441,252.7658,51257.1484,24472.0996
2024-10-23,2927.2939,1158.5156,691.0417,526.11,1651.0449,66.16,1714.6793,842.3924,2555.0784,1231.6332,1760.9609,426.3185,757.31,352.5442,3390.3567,11710.5703,273.09,1327.0646,756.8852,1805.8385,3787.0093,253.5768,51239.0,24435.5
2024-10-24,2909.9636,1165.4545,695.4967,528.62,1643.8463,65.75,1713.8896,849.1138,2406.9214,1232.7649,1751.5142,418.6415,753.67,351.4274,3377.8467,11522.0244,272.12,1328.3287,765.1185,1815.2145,3769.9189,253.4378,51531.1484,24399.4004
2024-10-25,2896.2559,1187.4187,682.5812,522.14,1631.6531,65.45,1720.8104,846.0807,2428.9717,1235.4218,1750.2924,428.0492,744.49,352.7536,3263.7849,11266.5322,270.48,1316.4808,752.0223,1826.5051,3778.9065,251.839,50787.4492,24180.8008
2024-10-28,2939.1907,1169.6975,682.6998,526.45,1629.0577,65.78,1738.8329,841.6158,2474.8508,1272.2252,1753.3942,429.6911,747.73,348.9645,3277.9141,11247.335,271.97,1322.9252,762.7111,1868.2307,3809.9194,258.8596,51259.3008,24339.1504
2024-10-29,2930.3784,1184.9226,693.6791,536.28,1603.349,66.3,1738.8329,850.1815,2447.8037,1310.603,1748.5934,433.0637,752.77,351.0286,3317.259,10819.0684,273.59,1328.5269,801.8554,1837.5009,3795.3911,260.5279,52320.6992,24466.8496
2024-10-30,2934.0991,1168.4994,687.0115,532.64,1599.6761,67.02,1708.2228,841.81,2454.8176,1291.2173,1713.2277,436.2587,749.91,345.9233,3344.1926,11025.1953,272.16,1332.3936,791.985,1818.3562,3804.1453,261.9413,51807.5,24340.8496
2024-10-31,2874.3723,1157.6671,680.5662,529.64,1579.354,66.92,1640.6389,842.3438,2429.1641,1271.6348,1670.5896,433.8181,746.59,345.2253,3554.1152,10848.8936,270.64,1320.645,789.8184,1815.2145,3695.925,255.7084,51475.3516,24205.3496
2024-11-01,2878.4849,1167.6509,683.9098,529.64,1583.1246,66.92,1632.603,843.1204,2438.0515,1271.192,1674.0121,435.1493,746.59,347.8776,3558.0891,10881.7539,270.64,1327.1885,790.7814,1824.5415,3710.5938,255.4999,51673.8984,24304.3496
2024-11-04,2854.4473,1137.4,676.0173,526.07,1558.4442,66.02,1637.759,831.8612,2425.8494,1256.8248,1676.674,430.0905,741.01,344.8763,3507.1658,10825.3867,268.47,1291.001,799.111,1775.9432,3691.9202,250.6109,51215.25,23995.3496
2024-11-05,2827.0317,1169.7972,684.5765,534.9,1545.8591,65.94,1647.6064,853.0933,2422.5349,1276.0137,1667.6899,426.1854,744.96,350.4203,3507.5093,10940.6191,270.79,1294.124,817.7442,1770.7399,3698.626,251.9549,52207.25,24213.3008
2024-11-06,2836.8232,1164.6057,692.069,537.87,1565.8386,65.59,1707.8512,851.8316,2430.6506,1281.5736,1733.7625,426.9842,762.02,351.5072,3576.8293,11120.9863,273.91,1314.0022,823.1367,1794.1553,3855.3679,261.3157,52317.3984,24484.0508
2024-11-07,2783.5093,1158.0166,682.0232,533.12,1543.3127,64.33,1701.859,847.6094,2406.1567,1258.3009,1714.1311,424.1441,753.9,348.3762,3577.9087,11067.998,270.7,1294.4709,827.7589,1758.3203,3865.8459,261.084,51916.5,24199.3496
2024-11-08,2711.6416,1159.0647,681.1785,529.45,1537.5344,65.0,1707.015,851.4433,2437.4546,1238.7675,1739.7043,424.2772,744.97,348.1568,3591.3997,11070.7891,270.03,1272.7585,811.9183,1776.6305,3862.2136,263.679,51561.1992,24148.1992
2024-11-11,2490.0164,1169.0984,669.6066,532.0,1528.3772,64.49,1734.6992,857.1942,2421.271,1249.0509,1768.3674,423.301,747.41,347.7979,3560.542,11165.502,269.96,1261.803,816.2516,1761.9038,3910.363,265.7644,51876.75,24141.3008
2024-11-12,2423.1909,1156.2694,655.7182,526.03,1523.5782,62.84,1739.8549,833.851,2392.5488,1250.3302,1776.6385,419.6621,730.85,343.2909,3523.7478,10914.1738,267.18,1263.3398,796.0776,1768.0399,3909.1528,264.4437,51157.8008,23883.4492
2024-11-13,2418.9319,1137.3003,648.5862,515.05,1518.4854,63.25,1732.33,815.9675,2395.9021,1233.6997,1776.2582,419.0853,717.16,336.6001,3481.1646,10822.5947,263.64,1241.33,778.6963,1746.588,3865.334,263.679,50088.3516,23559.0508
2024-11-14,2431.3179,1138.8477,646.9219,516.13,1518.5343,61.79,1726.9418,821.5,2322.2739,1236.8978,1772.598,413.5383,720.39,340.5986,3459.8733,10779.9385,263.57,1256.7468,774.4592,1735.9847,3861.189,262.6133,50179.5508,23532.6992
2024-11-18,2431.856,1124.3711,648.7789,516.88,1505.3126,62.9,1704.6926,827.4935,2355.0298,1233.4536,1722.1166,414.0708,719.72,343.5601,3475.4739,10866.0342,262.47,1249.9554,784.137,1715.9073,3743.4695,256.195,50363.8008,23453.8008
2024-11-19,2436.0247,1132.1085,651.4806,519.15,1494.0497,63.72,1691.2688,845.5226,2342.8318,1229.1731,1734.7607,414.7808,723.57,344.5572,3439.906,10734.1494,263.07,1231.0189,773.2556,1744.8699,3762.1426,260.4352,50626.5,23518.5
2024-11-21,2381.5408,1137.3003,638.6738,516.41,1493.707,64.57,1705.9468,845.013,2316.0535,1230.6001,1743.6023,405.7281,713.25,346.4218,3417.9277,10638.3105,261.29,1212.5286,751.8297,1747.5698,3793.156,258.1877,50372.8984,23349.9004
2024-11-22,2424.7454,1140.5449,660.2374,524.92,1536.9468,65.33,1763.5905,847.1484,2376.7539,1257.6613,1808.4388,421.2597,726.33,351.2779,3535.6689,10836.3066,266.86,1254.5657,785.8221,1762.5911,3953.1111,264.9071,51135.3984,23907.25
2024-11-25,2412.4854,1154.0231,660.3805,534.97,1546.2019,64.38,1757.3661,866.5605,2402.2202,1280.1959,1796.5076,423.1678,740.84,357.121,3682.355,10798.6475,270.73,1275.9806,813.1701,1766.1256,4018.7698,269.9119,52207.5,24221.9004
2024-11-26,2456.9158,1142.941,653.7179,535.07,1544.7328,63.39,1764.6587,866.5363,2409.7529,1284.1321,1829.2589,423.3454,742.52,355.6951,3632.9038,10719.1152,270.54,1284.6061,808.3072,1729.505,4053.7876,272.9472,52191.5,24194.5
2024-11-27,2444.0669,1147.7831,662.3364,536.28,1545.1246,63.96,1756.7625,879.5182,2417.2371,1279.9498,1829.5916,423.301,749.31,355.6154,3629.0769,10831.1641,271.54,1282.1276,803.2035,1717.5763,4035.021,270.1205,52301.8008,24274.9004
2024-11-28,2410.8669,1130.661,642.9954,532.97,1528.2302,64.04,1710.1737,870.2246,2393.229,1265.8289,1765.0875,421.4816,750.16,350.8291,3597.0417,10724.8936,267.68,1259.9194,807.7775,1702.6534,3953.3904,265.162,51906.8516,23914.1504
2024-11-29,2432.0034,1134.455,649.5643,533.6,1593.6041,64.29,1716.8159,871.6321,2426.2283,1279.3595,1766.2284,423.1235,754.98,352.0356,3654.6858,10846.6895,269.88,1281.1361,807.8739,1748.4536,3977.5591,267.7802,52055.6016,24131.0996
2024-12-02,2431.4639,1135.2535,656.948,534.34,1609.715,63.76,1738.6007,875.8299,2409.7043,1283.837,1787.0959,423.5229,759.95,349.7821,3634.3262,11008.3975,271.38,1297.941,805.4184,1775.5997,3982.9602,270.885,52109.0,24276.0508
2024-12-03,2421.9988,1158.6155,659.3977,540.16,1587.1403,64.06,1756.4836,886.3126,2413.3008,1287.5271,1798.7893,419.3959,767.94,348.9745,3715.7639,11047.5264,272.98,1311.97,822.3182,1767.2546,4007.2678,270.3058,52695.75,24457.1504
2024-12-04,2412.2402,1157.5671,665.7739,546.0,1551.4417,64.01,1762.8936,902.7158,2395.4646,1295.0551,1796.08,414.5589,771.38,350.4901,3718.5603,10901.1953,273.43,1297.7427,827.8552,1767.4017,4055.3706,272.4838,53266.8984,24467.4492
2024-12-05,2405.1292,1164.506,676.6792,548.91,1582.0474,64.06,1787.3727,905.4577,2424.7217,1315.1787,1839.431,414.9139,773.47,354.01,3759.4265,10952.5186,275.92,1310.7306,833.3923,1780.4104,4157.4912,277.3959,53603.5508,24708.4004
2024-12-06,2383.061,1182.6265,676.6693,550.11,1564.9081,63.99,1786.1649,900.6532,2414.2241,1307.5525,1827.595,418.1534,778.5,354.3689,3793.9146,11085.4326,275.88,1300.3206,831.659,1771.9672,4140.2148,275.5887,53509.5,24677.8008
2024-12-09,2345.9377,1161.361,678.4523,547.79,1569.5112,64.29,1774.2737,907.5203,2333.5002,1301.2054,1828.7834,412.6508,776.5,356.2236,3872.9976,11048.0654,275.14,1284.0609,826.2664,1773.7344,4146.4077,281.5203,53407.75,24619.0
2024-12-10,2343.0442,1151.7766,685.1545,549.38,1546.104,64.67,1798.8455,906.5981,2330.196,1309.2253,1852.4556,413.0945,780.62,357.9087,3849.3018,10968.1426,274.68,1273.849,835.3663,1776.9742,4128.1533,285.5519,53577.6992,24610.0508
2024-12-11,2370.8994,1145.387,702.8261,546.9,1553.3024,65.04,1793.7826,904.1717,2334.084,1306.3224,1876.793,412.917,782.16,357.9087,3843.0225,11046.0566,274.97,1267.256,829.6848,1780.9503,4123.4048,286.386,53391.3516,24641.8008
2024-12-12,2343.6819,1143.7897,703.8831,545.71,1577.3464,65.49,1798.7062,902.3032,2279.2637,1308.0444,1889.0092,408.79,780.24,352.7237,3787.2424,10937.9746,274.1,1252.087,822.0775,1772.5562,4149.0156,286.4788,53216.4492,24548.6992
2024-12-13,2361.4343,1146.2856,709.5135,548.93,1647.0784,64.61,1828.9912,908.3696,2323.1489,1323.4448,1901.0829,417.1327,779.06,360.0924,3813.8325,11040.9639,276.08,1261.9518,829.6367,1780.4104,4166.665,287.2665,53583.8008,24768.3008
2024-12-16,2356.1379,1149.0311,712.0422,548.81,1628.2743,64.48,1815.6138,905.1908,2299.8694,1324.6256,1882.402,417.2215,781.28,359.8531,3804.8547,11045.3232,275.48,1257.4408,829.059,1776.8269,4111.9961,286.5714,53581.3516,24668.25
2024-12-17,2310.7756,1134.4049,706.5501,541.99,1581.9984,64.1,1812.0836,889.6854,2297.0508,1312.4728,1879.1221,416.7333,771.09,355.7849,3735.5344,10880.334,272.22,1234.6378,819.0442,1756.4551,4031.2493,286.247,52834.8008,24336.0
2024-12-18,2300.4282,1120.4276,698.8107,535.9,1568.8748,64.38,1821.1414,878.7417,2293.1143,1293.1854,1881.5465,417.5765,760.89,354.9772,3687.408,10776.4131,270.7,1242.5197,807.1035,1768.2363,4049.27,289.7226,52139.5508,24198.8496
2024-12-19,2247.8574,1107.0994,683.411,530.05,1567.3076,63.78,1796.8948,870.3945,2293.7461,1266.3701,1850.2213,414.0708,754.18,351.4075,3646.3948,10730.2803,268.39,1219.9148,801.9517,1790.0811,3978.5366,289.8616,51575.6992,23951.6992
2024-12-20,2238.5396,1070.1094,676.4668,521.12,1545.5653,63.32,1775.6208,859.7178,2268.5232,1267.8461,1827.3574,412.3845,734.21,347.7081,3561.5232,10677.0967,264.15,1194.9803,781.9221,1775.8943,3883.9133,282.8642,50759.1992,23587.5
2024-12-23,2235.45,1077.3976,678.2892,527.62,1554.184,63.97,1767.8636,874.0343,2273.3828,1276.1122,1829.4015,420.9047,735.77,348.0671,3571.9724,10599.6699,265.66,1211.8347,790.7333,1781.5394,3872.7375,285.3665,51317.6016,23753.4492
2024-12-24,2240.158,1077.1481,672.5107,526.92,1551.2457,63.68,1762.2434,872.6268,2270.127,1276.5549,1814.9036,424.6323,736.21,348.805,3571.2366,10516.0244,265.49,1212.2809,781.9703,1785.8594,3892.4817,282.9568,51233.0,23727.6504
2024-12-26,2218.9724,1074.9515,673.2565,525.53,1566.5242,64.0,1765.7737,869.0599,2267.4053,1276.6534,1813.3348,423.301,738.22,349.5528,3561.1797,10672.1504,265.67,1206.1339,782.3555,1807.802,3882.7961,282.7251,51170.6992,23750.1992
2024-12-27,2227.7998,1075.7003,682.3442,527.33,1566.8668,64.21,1757.6448,872.6996,2275.6672,1286.6907,1822.2238,424.7654,733.04,350.9687,3540.1826,10716.2744,266.39,1210.5955,770.0297,1827.3395,3878.8379,286.4788,51311.3008,23813.4004
2024-12-30,2244.3262,1068.2124,680.418,524.0,1554.184,64.0,1791.9708,862.8237,2277.8542,1273.9965,1812.0039,423.3454,727.5,347.1398,3511.5811,10577.0938,264.37,1200.3339,759.1,1849.5769,3873.2034,281.474,50952.75,23644.9004
2024-12-31,2237.5586,1062.9711,673.9726,522.79,1555.0164,64.09,1781.2411,860.3729,2261.6704,1261.2039,1787.286,429.2473,726.99,356.1837,3539.7407,10635.3223,264.47,1205.0432,765.5037,1851.9823,3813.5984,279.7593,50860.1992,23644.8008
2025-01-01,2260.4114,1070.0596,685.0656,524.92,1562.8025,64.35,1776.1783,865.1774,2257.0537,1263.172,1789.6627,429.5136,729.55,356.6523,3598.4641,10978.0342,265.59,1210.7936,763.8185,1855.5165,3830.0364,278.3228,51060.6016,23742.9004
2025-01-02,2298.2705,1084.8354,729.9016,528.34,1576.5138,64.6,1832.1495,870.5158,2303.6121,1270.0111,1861.2968,434.0399,738.74,366.3743,3643.5984,11598.0293,269.89,1231.1677,771.5222,1843.7843,3888.9893,281.5666,51605.5508,24188.6504
2025-01-03,2291.1108,1083.1383,731.6846,523.36,1565.8875,65.07,1808.4142,848.8954,2338.8464,1244.8688,1843.1388,427.4279,739.84,366.6735,3591.0071,11689.0703,268.41,1240.4376,764.0112,1815.9508,3818.3481,272.9009,50988.8008,24004.75
2025-01-06,2223.6313,1061.6732,725.9653,511.53,1555.7019,64.61,1814.3596,830.1141,2309.6382,1243.9338,1842.2831,407.9893,717.16,354.9074,3535.3745,11514.1396,264.48,1207.5715,747.6408,1813.7419,3813.7844,272.7618,49922.0,23616.0508
2025-01-07,2248.593,1065.7665,726.4196,514.41,1558.0525,64.77,1779.8478,831.5215,2323.8293,1258.842,1835.6283,406.5607,715.7,353.3918,3574.7197,11480.4951,265.16,1230.2257,749.9037,1819.6326,3751.665,272.5302,50202.1484,23707.9004
2025-01-08,2289.5415,1073.2043,726.5629,510.52,1566.2302,65.12,1795.0366,822.2522,2333.7437,1243.5895,1837.8149,414.349,709.8,352.7137,3528.6536,11579.126,264.92,1254.6648,742.5853,1804.2676,3826.2642,275.774,49835.0508,23688.9492
2025-01-09,2305.0874,1060.0259,718.863,507.46,1573.9185,65.4,1797.4056,809.3917,2367.1797,1242.261,1822.7466,414.856,700.97,357.0113,3461.4919,11499.3496,263.15,1244.0068,732.2816,1793.0753,3761.4907,270.9082,49503.5,23526.5
2025-01-10,2276.2024,1039.01,719.91,500.12,1582.5861,65.93,1853.4235,804.029,2373.6436,1229.9111,1869.948,410.0631,687.83,350.2308,3469.5867,11392.1475,262.22,1231.2668,715.7188,1752.2823,3972.7151,278.5545,48734.1484,23431.5
2025-01-13,2209.4094,1047.5962,706.3674,493.83,1564.2715,66.25,1848.1283,791.4597,2382.343,1210.1317,1865.4323,404.6712,660.91,346.6811,3399.0894,11261.4893,258.4,1229.2344,702.4781,1715.073,3996.418,270.4912,48041.25,23085.9492
2025-01-14,2196.9534,1049.9423,724.5477,500.61,1567.1117,66.04,1684.7659,799.1031,2301.6191,1220.5135,1844.3748,402.4131,674.62,349.1141,3397.4211,11499.9375,259.26,1228.1438,720.4373,1738.5867,3942.3545,271.418,48729.1484,23176.0508
2025-01-15,2186.9001,1025.1327,708.98,500.64,1574.3102,66.26,1696.0529,797.3803,2306.5278,1218.4962,1853.5012,403.1043,680.27,356.8917,3435.4907,11701.9502,259.58,1241.4785,725.7817,1724.8416,3957.7686,271.2326,48751.6992,23213.1992
2025-01-16,2173.071,1036.3145,717.1146,505.01,1596.5912,66.59,1664.9784,801.7481,2279.3123,1229.1731,1833.3467,398.9567,689.32,360.0725,3441.8684,11843.873,260.72,1255.6066,737.9149,1731.1742,3917.4412,266.9693,49278.6992,23311.8008
2025-01-17,2217.5994,989.4407,709.4444,497.32,1593.9469,66.66,1678.7263,794.3229,2288.0603,1205.9004,1725.9193,405.7312,695.83,350.7095,3501.4749,11887.0176,259.77,1291.1992,735.7964,1754.0006,3911.7505,261.3157,48540.6016,23203.1992
2025-01-20,2236.7739,986.4456,734.9295,505.81,1607.3154,66.59,1685.5765,801.3598,2279.5066,1213.2806,1723.8755,403.4269,696.57,382.9964,3525.3667,11773.1064,261.29,1294.2727,750.3853,1745.8517,3867.647,278.2764,49350.8008,23344.75
2025-01-21,2216.9619,968.6245,720.2656,498.82,1592.6246,66.95,1691.3949,797.0649,2274.938,1177.0677,1711.8967,403.2887,678.3,377.5721,3474.4436,11639.5586,257.91,1262.7946,730.9335,1730.5848,3827.8589,276.5155,48570.8984,23024.6504
2025-01-22,2218.6782,957.7422,730.6869,500.59,1598.1093,67.62,1715.1366,808.5424,2277.3193,1181.2992,1764.8975,402.7817,672.25,382.3982,3451.9746,11773.4004,258.85,1266.1655,725.541,1766.1746,3942.3857,286.4788,48724.3984,23155.3496
2025-01-23,2232.6548,949.5056,735.2407,499.38,1602.2717,67.43,1695.7114,807.9843,2256.6648,1182.5785,1773.4535,405.7312,679.0,377.8812,3437.3062,11798.2803,259.51,1252.8307,718.2706,1800.1932,3931.8105,294.4494,48589.0,23205.3496
2025-01-24,2218.9724,946.9597,734.7813,496.17,1610.8903,67.77,1682.4329,800.6561,2301.7651,1189.9097,1782.9604,407.0216,668.34,376.1562,3393.104,11722.0293,258.19,1235.6293,716.5854,1789.0009,3938.3555,296.6737,48367.8008,23092.1992
2025-01-27,2208.2817,946.5604,720.641,494.12,1569.5602,67.69,1606.5154,790.9501,2325.8218,1208.3604,1732.1464,405.639,649.72,375.1989,3392.5645,11747.4453,255.69,1218.8242,721.4484,1754.295,3855.6487,285.4129,48064.6484,22829.1504
2025-01-28,2198.7681,982.2025,751.3762,501.43,1584.9855,67.58,1588.967,810.6534,2321.9338,1227.0083,1739.5143,401.3531,651.51,376.4652,3349.6379,11874.6768,257.33,1223.8311,724.5298,1674.4272,3832.0798,286.9725,48866.8516,22957.25
2025-01-29,2180.4758,981.8032,766.4945,504.11,1567.4545,67.86,1613.1311,814.002,2317.1709,1231.6824,1788.4744,399.4175,664.37,382.9666,3384.7639,11731.8242,259.38,1224.9216,730.3557,1703.7334,3888.5129,295.3378,49165.9492,23163.0996
2025-01-30,2206.6636,983.101,780.5211,506.44,1606.9237,68.09,1607.5945,820.8934,2341.2766,1235.5695,1768.2249,402.0444,664.99,379.2074,3356.5552,11753.4688,260.22,1242.3214,734.352,1707.415,3888.75,292.0768,49311.9492,23249.5
2025-01-31,2256.6353,984.4987,778.8864,508.38,1592.7716,69.08,1619.1838,824.4118,2399.6445,1232.8142,1787.0959,412.4596,676.91,379.1675,3500.2483,12057.7373,263.0,1254.2682,744.2705,1712.1766,3900.4636,294.8179,49587.1992,23508.4004
2025-02-01,2306.0188,996.5291,790.246,508.43,1589.7845,68.95,1589.6708,820.6264,2435.8511,1235.5203,1760.049,426.3311,678.73,379.5265,3382.6055,12651.1406,262.13,1253.7725,737.626,1710.4584,3863.2366,288.1068,,23482.1504
2025-02-03,2248.2495,987.7934,832.2964,505.84,1618.2845,69.64,1587.7939,814.3417,2373.5464,1233.0109,1771.4097,418.7732,669.66,375.8171,3227.2854,12870.0,261.47,1235.2327,732.7631,1708.8878,3858.9685,296.4248,49210.5508,23361.0508
2025-02-04,2309.1575,1013.6513,837.191,513.88,1627.1969,70.08,1625.8467,835.1613,2369.7556,1247.9684,1805.1589,419.5106,680.39,384.5919,3374.4124,12840.6162,265.05,1274.196,750.3371,1733.0886,3895.3894,298.9297,50157.9492,23739.25
2025-02-05,2231.5269,1011.6545,840.5593,516.09,1626.2175,71.57,1607.36,843.363,2324.0723,1247.4763,1803.4954,413.0587,684.55,381.2515,3319.5156,12817.9414,265.25,1267.256,737.6742,1720.8163,3880.2615,299.7332,50343.0508,23696.3008
2025-02-06,2219.9534,1019.0425,840.347,516.99,1586.3567,71.43,1617.354,846.2991,2306.2361,1252.1014,1821.178,406.5607,679.38,382.0891,3289.6392,12805.4043,264.37,1270.5774,724.3854,1720.5695,3872.3418,300.5366,50382.1016,23603.3496
2025-02-07,2227.4075,1022.437,837.0823,514.53,1642.1815,71.54,1619.3716,840.9122,2297.634,1236.8488,1809.7698,397.1133,679.71,384.7414,3274.0874,12781.4082,263.75,1255.8545,709.8929,1728.2736,3821.7415,300.5839,50158.8516,23559.9492
2025-02-10,2226.5737,1010.1071,818.566,513.33,1658.1455,72.52,1627.0665,832.662,2295.301,1242.4576,1787.5713,393.7491,667.31,390.9037,3265.9927,12635.7139,261.9,1242.9163,709.5077,1710.7911,3828.9021,301.5763,49981.0,23381.5996
2025-02-11,2197.8362,1005.7642,809.1227,507.56,1661.7692,71.98,1617.0726,825.6979,2250.3955,1232.7649,1783.1505,385.546,650.38,382.6176,3178.668,12462.9375,258.55,1224.2772,704.0187,1678.8391,3759.2849,295.8577,49403.3984,23071.8008
2025-02-12,2185.478,1005.265,811.3799,508.31,1676.264,71.47,1611.5358,828.3185,2267.1621,1231.8301,1771.267,383.7671,650.75,387.673,3227.7268,12395.5518,258.27,1206.1339,705.9929,1673.0117,3746.5757,293.2111,49479.4492,23045.25
2025-02-13,2193.4714,1006.5628,830.637,506.7,1679.2512,71.87,1598.2104,823.9022,2256.4705,1228.9763,1752.3484,383.5799,651.94,393.4264,3202.2161,12410.9785,258.17,1205.6876,700.6966,1724.8658,3708.637,291.6514,49359.8516,23031.4004
2025-02-14,2188.4695,995.8802,828.9873,504.56,1681.6506,72.22,1605.8585,822.5191,2253.4087,1239.9977,1764.8499,384.0948,637.51,389.3581,3176.7056,12419.7441,256.95,1206.8279,695.4004,1679.5798,3732.0642,291.2261,49099.4492,22929.25
2025-02-17,2207.6445,991.3376,832.3755,506.15,1641.0063,71.65,1604.5914,833.4385,2264.1489,1231.1904,1751.4453,382.55,635.65,387.9422,3161.2031,12500.6963,257.11,1214.4125,700.7448,1693.1113,3703.2783,288.6267,49258.8984,22959.5
2025-02-18,2194.6489,992.5356,836.2576,503.8,1634.4934,71.98,1619.2307,836.2047,2231.6848,1223.2196,1760.6194,379.4136,636.88,391.5418,3159.5349,12523.5176,256.84,1214.9082,698.9151,1680.6664,3673.5911,295.1015,49087.3008,22945.3008
2025-02-19,2196.1199,1009.7077,833.6448,509.53,1611.282,72.73,1606.8438,838.2187,2187.3618,1241.5228,1721.4988,380.4903,643.94,395.8594,3214.2354,12425.5234,256.89,1216.9404,700.3596,1655.974,3589.083,296.8975,49570.1016,22932.9004
2025-02-20,2205.8789,1015.5482,829.6936,506.85,1609.6171,72.49,1583.6182,818.758,2185.0779,1230.0095,1735.1411,376.4176,653.22,392.9777,3214.1375,12185.0674,256.85,1222.443,702.6707,1648.7638,3584.6255,296.1413,49334.5508,22913.1504
2025-02-21,2214.2646,1007.3116,829.4219,502.52,1605.4547,72.08,1595.9581,821.3786,2178.8572,1213.2806,1725.4916,375.3409,647.21,389.4877,3252.6978,12070.2744,255.53,1217.6345,695.2559,1623.528,3590.8853,289.5719,48981.1992,22795.9004
2025-02-24,2203.0835,1008.4098,825.2979,499.62,1568.2871,72.6,1542.7972,813.905,2178.6628,1198.9137,1677.1018,376.2772,639.76,392.0902,3196.3782,12091.5771,252.87,1204.1511,689.8633,1619.3303,3486.1746,278.8908,48651.9492,22553.3496
2025-02-25,2182.0452,1007.4613,838.5195,498.49,1607.5603,72.75,1535.3368,816.4528,2196.0127,1204.6212,1680.5242,379.0391,634.84,392.3196,3165.1765,12220.0322,252.75,1193.6914,684.5671,1593.749,3442.4978,275.3461,48608.3516,22547.5508
2025-02-27,2171.1582,1015.049,859.9152,499.98,1616.3748,71.88,1528.8616,825.3581,2182.0645,1202.9482,1677.292,375.9963,629.11,388.3909,3149.0854,12126.25,252.56,1196.7648,677.8264,1627.2319,3426.3743,278.3709,48743.8008,22545.0508
2025-02-28,2137.9089,1013.9009,842.619,496.72,1537.8281,71.1,1478.0468,840.7423,2128.897,1184.891,1604.4696,369.8171,612.08,379.4965,3104.2949,11700.4316,248.45,1189.8247,663.2856,1573.6494,3303.7375,262.4437,48344.6992,22124.6992
2025-03-03,2124.8152,1005.6143,852.2548,493.68,1562.9005,71.36,1475.5598,825.7707,2115.8726,1186.9574,1624.3389,372.1109,616.28,381.8199,3137.1152,11533.6797,248.05,1161.2217,669.5449,1565.5996,3313.0327,268.0206,48114.3008,22119.3008
2025-03-04,2091.1738,1000.1732,848.116,495.61,1542.8721,72.42,1440.9324,829.8715,2096.9187,1191.0905,1605.0399,369.6767,620.36,380.4637,3152.5198,11377.6035,247.49,1151.9518,689.5262,1547.2284,3350.0225,264.665,48245.1992,22082.6504
2025-03-05,2122.6082,1012.8027,819.7415,497.36,1584.8876,72.27,1476.0759,820.1654,2109.6516,1196.3058,1627.0958,379.2263,636.14,385.5092,3178.668,11378.6807,250.48,1165.5344,703.2966,1562.9821,3364.2498,269.4857,48489.9492,22337.3008
2025-03-06,2224.1707,1032.4208,830.8197,499.67,1593.3593,71.89,1487.8062,820.7477,2156.7927,1198.6184,1631.2312,379.8349,643.94,383.2357,3198.5366,11426.7236,252.75,1199.2433,704.9336,1594.144,3415.9885,270.2419,48627.6992,22544.6992
2025-03-07,2226.4268,1035.965,830.1924,498.4,1597.0808,72.21,1461.9996,819.8015,2142.7964,1195.1743,1602.8533,378.1497,641.09,385.9679,3183.623,11424.5195,252.84,1239.0992,705.6077,1589.502,3425.0938,269.2021,48497.5,22552.5
2025-03-10,2234.8618,1034.168,824.078,494.7,1597.3257,72.17,1453.8824,818.9521,2184.7864,1195.4695,1617.5414,379.1796,631.39,383.2457,3117.884,11348.0234,251.75,1227.7969,701.9003,1591.6748,3404.6541,265.5157,48216.8008,22460.3008
2025-03-11,2243.4924,1023.9845,823.8656,491.52,1628.666,72.08,1471.29,817.9815,2154.8491,1225.5321,1579.6566,380.3031,634.77,385.928,3135.3,11407.6729,252.08,1236.6206,702.8151,1634.936,3391.0437,262.5383,47853.9492,22497.9004
2025-03-12,2208.0857,1009.558,838.0898,493.18,1608.9803,72.32,1445.7183,830.4296,2131.4727,1224.1052,1512.3956,386.1078,634.61,395.3708,3133.5337,11400.9629,251.74,1246.2872,696.267,1656.2208,3325.5051,253.8421,48056.6484,22470.5
2025-03-13,2188.4695,1008.5596,831.7679,493.18,1598.8438,72.82,1440.2286,828.2214,2113.8796,1230.108,1501.9382,385.7801,631.08,395.8793,3127.3035,11277.2578,251.06,1237.2155,700.8892,1662.7395,3330.105,249.5413,48060.3984,22397.1992
2025-03-17,2176.9453,1032.4707,847.5627,495.86,1605.3567,73.53,1449.9882,830.0657,2110.4292,1248.7556,1511.6353,381.9415,635.54,397.4747,3113.7141,11316.3389,252.18,1228.2429,696.3633,1683.3333,3317.4429,245.6186,48354.1484,22508.75
2025-03-18,2176.9453,1032.4707,847.5627,495.86,1605.3567,73.53,1449.9882,830.0657,2110.4292,1248.7556,1511.6353,383.0182,635.54,397.4747,3113.7141,11316.3389,252.18,1228.2429,696.3633,1683.3333,3317.4429,245.6186,49314.5,22834.3008
2025-03-19,2236.9211,1050.3416,862.5032,510.75,1603.3978,74.25,1449.3311,846.4204,2138.4226,1292.1521,1508.3079,377.3538,662.99,403.1484,3257.064,11376.918,256.7,1236.4719,717.5002,1711.0381,3316.8743,251.1482,49702.6016,22907.5996
2025-03-20,2243.2964,1052.6378,857.3716,513.32,1670.094,74.49,1465.8005,858.3832,2179.5859,1300.6149,1535.8778,378.1965,666.96,405.9603,3287.9709,11489.2119,259.32,1258.2834,721.7853,1728.7179,3379.52,253.3223,50062.8516,23190.6504
2025-03-21,2256.2429,1068.4122,880.728,518.1,1690.2202,73.95,1470.2109,859.1597,2183.2798,1321.6735,1514.012,379.6945,671.83,414.6053,3351.6494,11491.7588,261.09,1265.4219,725.3002,1762.5465,3393.6995,249.8249,50593.5508,23350.4004
2025-03-24,2277.9189,1096.0671,897.9108,529.72,1683.3646,73.0,1505.3544,873.549,2192.9995,1336.4835,1514.2021,384.7034,680.56,433.9796,3416.3091,11677.3174,264.9,1290.9514,751.8778,1762.8429,3441.929,254.6456,51704.9492,23658.3496
2025-03-25,2286.0107,1116.7338,895.6586,528.79,1694.8234,73.23,1524.8267,883.9587,2207.6765,1322.2639,1548.1415,383.6735,670.72,432.7531,3404.2896,11625.0635,264.73,1274.444,744.2223,1743.0394,3469.2446,256.158,51607.9492,23668.6504
2025-03-26,2278.5564,1094.4698,875.7841,524.68,1702.7074,73.25,1532.803,876.7277,2183.0366,1314.5884,1520.5715,381.3797,667.89,427.7475,3379.9565,11493.2285,262.9,1262.1501,735.7001,1737.3108,3448.4258,252.7551,51209.0,23486.8496
2025-03-27,2293.2197,1096.5664,889.396,528.68,1689.1428,73.8,1529.7531,885.8514,2181.7732,1315.3264,1524.4695,383.3459,676.25,424.5068,3435.6873,11481.1318,263.73,1267.256,743.6927,1710.149,3463.0325,257.2922,51575.8516,23591.9492
2025-03-28,2295.7205,1100.2104,883.642,528.99,1697.6637,74.16,1494.422,887.2345,2195.5754,1326.8397,1493.1919,383.6267,672.08,432.9924,3426.5623,11285.4375,263.21,1264.1825,742.9224,1713.3591,3420.3037,247.8872,51564.8516,23519.3496
2025-04-01,2271.5437,1083.8372,859.204,521.86,1688.6042,76.72,1436.0997,857.9464,2171.2759,1297.4166,1451.2192,380.7244,667.85,427.9469,3372.1069,11245.2295,259.6,1241.8751,743.1149,1677.4563,3367.8064,248.218,50827.5,23165.6992
2025-04-02,2262.373,1082.689,856.3442,526.43,1718.4265,76.23,1433.4722,872.0445,2175.2122,1310.0126,1473.703,382.9713,675.53,429.6819,3355.5249,11475.4014,261.64,1240.4376,747.2075,1692.5682,3361.3091,249.1632,51348.0508,23332.3496
2025-04-03,2304.3025,1088.0802,848.9705,528.85,1710.0039,75.85,1379.5602,871.0497,2181.676,1308.3397,1422.6987,383.299,675.7,425.2945,3355.77,11447.9766,260.46,1238.0085,750.3371,1748.225,3227.7654,242.3103,51597.3516,23250.0996
2025-04-04,2310.825,1089.528,861.2438,528.98,1707.5063,74.99,1334.5165,881.9448,2181.676,1313.998,1380.0607,383.5799,658.5,425.1649,3198.7817,11246.1113,257.16,1194.3853,739.0224,1688.321,3129.3621,232.8107,51502.6992,22904.4492
2025-04-07,2296.407,1046.2482,846.3429,513.46,1651.8774,73.83,1289.4728,853.0205,2186.3901,1267.0098,1327.868,380.1626,640.0,406.399,3010.7397,11096.9893,249.1,1155.7192,719.2336,1645.85,3105.3188,229.5969,49860.1016,22161.5996
2025-04-08,2348.2424,1076.0997,871.4575,518.63,1684.9316,73.68,1316.9211,858.5773,2225.1238,1279.1627,1358.3375,386.2482,651.09,409.8491,3101.5967,11223.4863,252.72,1172.078,740.1297,1667.5793,3123.2446,233.7087,50511.0,22535.8496
2025-04-09,2364.8672,1059.926,862.918,516.11,1680.1816,74.89,1295.0092,856.5633,2284.1724,1280.0483,1334.4752,389.7591,649.82,409.3605,2996.6597,11222.0176,251.03,1175.201,714.7076,1631.8739,3079.2839,223.6892,50240.1484,22399.1504
2025-04-11,2347.6543,1067.2141,881.2219,522.84,1720.3853,77.9,1304.9095,876.8248,2299.8694,1290.7252,1339.9417,394.6744,658.32,421.0269,3057.2964,11360.7559,255.97,1208.5133,725.9261,1666.7893,3064.9619,226.6194,51002.3516,22828.5508
2025-04-15,2369.3298,1110.993,902.9435,536.28,1761.7153,77.66,1338.6453,905.0452,2295.3499,1328.6602,1355.6755,393.5977,677.29,422.8217,3196.2803,11611.4482,260.87,1229.4823,735.2186,1684.0245,3080.801,230.6367,52379.5,23328.5508
2025-04-16,2412.6814,1159.4143,894.5967,543.8,1785.0247,79.23,1343.5251,911.4027,2300.3071,1334.7614,1343.4117,397.3896,681.39,423.4598,3166.9429,11424.3721,261.91,1228.6892,743.1631,1672.271,3105.082,234.0868,53117.75,23437.1992
2025-04-17,2420.5278,1188.8663,905.0673,555.79,1850.1537,79.53,1349.4371,925.3309,2308.4717,1384.2589,1349.4961,400.011,685.59,436.3627,3186.1741,11454.7354,266.54,1263.5878,767.9111,1729.9525,3128.8879,223.9255,54290.1992,23851.6504
2025-04-21,2398.0674,1221.014,916.0318,566.23,1844.5712,81.07,1390.7275,935.2311,2285.1438,1387.3094,1379.4426,395.8915,698.16,446.9921,3218.749,11503.708,269.7,1284.408,786.448,1723.4336,3150.4187,225.3906,55304.5,24125.5508
2025-04-22,2385.3171,1214.8241,914.7476,570.48,1814.0144,82.9,1388.7567,952.0228,2331.5081,1393.9025,1352.6334,405.9562,699.3,452.4563,3196.4766,11492.9346,270.05,1280.1447,791.937,1725.903,3143.5891,221.3261,55647.1992,24167.25
2025-04-23,2406.012,1204.9402,920.9214,567.42,1842.8082,80.39,1495.8296,933.6782,2355.9048,1401.6765,1402.1641,403.3815,704.25,444.1203,3238.863,11662.3799,271.82,1288.8694,783.3184,1766.7936,3237.1079,230.2586,55370.0508,24328.9492
2025-04-24,2417.095,1205.1399,918.7482,565.1,1807.5504,80.51,1488.9791,930.2325,2260.1641,1380.3228,1398.8367,402.6325,702.92,443.3226,3238.4707,11649.6475,270.95,1290.4557,783.2703,1781.7079,3226.2957,229.4551,55201.3984,24246.6992
2025-04-25,2384.9248,1164.4061,900.079,559.55,1779.7358,80.03,1481.0027,927.5148,2266.8708,1382.3893,1407.2025,400.5259,687.6,439.6133,3210.5073,11457.6738,268.63,1289.266,769.0667,1765.4108,3270.3044,227.7065,54664.0508,24039.3496
2025-04-28,2405.1292,1190.8632,898.2021,567.68,1784.2412,79.05,1470.6559,931.8826,2253.6519,1406.0063,1409.0088,401.4622,694.2,443.8411,3264.6682,11602.6338,271.9,1357.0803,787.074,1818.9441,3266.0361,227.3284,55432.8008,24328.5
2025-04-29,2404.0505,1185.3721,898.2021,566.83,1786.1998,80.04,1489.356,926.3501,2256.6648,1406.9905,1423.6494,398.8407,693.41,439.733,3259.7622,11597.7363,271.91,1387.7157,782.4517,1783.2882,3293.5417,228.1791,55391.25,24335.9492
2025-04-30,2379.1379,1183.0757,852.9117,564.06,1826.0608,79.09,1487.9321,934.212,2276.4934,1404.235,1426.1212,398.6535,688.48,440.3512,3278.1101,12005.1895,271.99,1392.9703,759.4371,1809.7584,3275.7107,228.2736,55087.1484,24334.1992
2025-05-02,2363.7395,1181.4783,876.0261,563.69,1810.0968,78.38,1492.5834,932.7076,2253.6519,1407.2855,1432.5858,402.1176,687.1,435.0864,3272.125,12150.1494,271.77,1407.6437,767.1888,1802.1532,3254.1802,228.4437,55115.3516,24346.6992
2025-05-05,2390.1228,1171.2949,882.2986,562.35,1827.5299,79.58,1488.9762,939.9387,2282.8115,1406.5968,1434.202,409.0926,698.39,415.782,3267.5134,12202.0605,274.39,1419.0453,760.7371,1814.0056,3276.28,230.2302,54919.5,24461.1504
2025-05-06,2371.5859,1159.514,869.0128,555.36,1861.8082,82.13,1498.9432,937.4636,2315.0815,1408.7616,1436.959,407.7818,683.08,413.6082,3271.2419,12322.5332,272.6,1408.7343,745.426,1796.7208,3281.686,227.9806,54271.3984,24379.5996
2025-05-07,2289.2964,1159.4143,887.6821,558.51,1857.6949,81.28,1483.9453,944.2094,2304.3896,1412.5011,1433.9169,403.6624,686.31,417.7762,3258.8792,12373.4648,272.79,1393.9618,747.3519,1759.386,3267.5537,230.6745,54610.8984,24414.4004
2025-05-08,2258.4011,1170.2965,872.47,556.76,1836.2465,80.94,1500.4619,935.9106,2288.9346,1412.5994,1436.8639,403.1475,672.17,421.306,3261.332,12137.416,271.04,1394.9532,740.515,1745.4592,3271.158,228.3398,54365.6484,24273.8008
2025-05-09,2255.4585,1149.2307,854.715,549.13,1810.2927,80.8,1489.7357,917.0807,2267.551,1366.7429,1433.2513,396.5469,670.15,419.4115,3379.073,11998.333,268.49,1365.4084,750.3853,1723.335,3263.0015,228.7557,53595.25,24008.0
2025-05-12,2311.168,1201.0464,892.055,567.97,1832.231,77.98,1585.5139,949.8389,2315.7617,1425.3921,1546.6678,407.735,696.77,427.7674,3519.6758,12356.8145,278.94,1424.2007,771.9555,1665.4557,3433.8196,243.1894,55382.8516,24924.6992
2025-05-13,2279.9788,1191.6617,894.3795,563.24,1783.0658,79.07,1537.3875,933.0473,2293.8921,1407.7776,1491.2429,400.6196,696.73,421.9043,3499.856,12225.5664,275.65,1403.5787,772.0518,1679.0861,3333.8516,237.7921,54940.8516,24578.3496
2025-05-14,2238.4905,1193.5587,898.2371,561.43,1796.3854,78.58,1554.5686,927.2237,2284.658,1403.4478,1513.8694,401.7431,701.91,417.2777,3505.8413,12409.7051,276.57,1412.2042,771.0407,1687.1851,3365.8147,239.0871,54801.3008,24666.9004
2025-05-15,2285.1768,1207.1366,908.8704,566.7,1828.705,77.04,1609.9093,938.4827,2289.2263,1427.6554,1533.4535,405.0667,708.01,420.0696,3550.092,12685.9111,280.17,1441.7491,777.8296,1718.6926,3395.4065,242.5182,55355.6016,25062.0996
2025-05-16,2308.4219,1206.8372,906.7437,567.6,1776.6019,77.78,1575.6418,938.9195,2314.6926,1430.8043,1511.4927,407.9223,718.28,420.4286,3536.8462,12728.0283,280.21,1443.9303,778.0751,1713.5568,3377.7654,240.382,55354.8984,25019.8008
2025-05-19,2286.6479,1200.8469,915.4976,568.28,1780.8132,78.32,1565.8646,940.8607,2315.9561,1425.8842,1482.8771,407.5946,721.84,421.0269,3532.4312,12722.1504,279.21,1428.4639,780.9238,1708.9144,3337.4558,237.9622,55420.6992,24945.4492
2025-05-20,2251.5352,1193.8583,898.0393,564.01,1771.6071,78.19,1555.1384,929.3105,2275.5215,1415.2563,1483.6376,407.1733,708.54,416.819,3500.6409,12378.3623,276.89,1412.4026,771.7394,1686.7902,3318.012,236.034,54877.3516,24683.9004
2025-05-21,2268.0127,1195.855,909.7606,564.6,1784.9268,79.5,1568.1427,935.0856,2297.6826,1421.6526,1491.1481,405.3944,716.37,413.0698,3521.4419,12355.835,277.55,1416.9631,773.1636,1710.4949,3344.0947,237.1777,55075.1016,24813.4492
2025-05-22,2255.0659,1186.5701,903.9741,563.21,1793.6433,79.81,1550.1072,931.737,2265.4128,1419.0941,1471.1836,398.9343,713.92,411.973,3484.5496,12189.3271,275.91,1397.3328,771.3464,1697.5559,3297.8096,232.4704,54941.3008,24609.6992
2025-05-23,2271.0532,1208.135,914.3106,567.95,1793.937,79.51,1564.5356,938.3857,2293.1143,1426.6714,1487.6305,408.484,717.8,418.9529,3532.1367,12197.1621,278.37,1414.5839,776.5035,1662.8878,3333.4724,233.8127,55398.25,24853.1504
2025-05-26,2282.5286,1213.2266,916.8824,569.8,1809.3132,79.77,1588.6464,941.5887,2327.0371,1437.299,1502.5562,414.6633,720.84,416.6595,3580.0181,12165.8203,279.89,1422.5153,780.3345,1655.4801,3355.0022,236.5349,55572.0,25001.1504
2025-05-27,2282.9211,1193.6584,907.1394,568.23,1805.7876,79.56,1568.2377,934.843,2313.5261,1423.3256,1492.6691,406.237,717.6,414.2863,3571.4819,12158.9639,278.25,1409.924,779.6469,1662.6902,3318.3914,234.6539,55352.8008,24826.1992
2025-05-28,2258.989,1192.7599,916.6846,568.2,1817.834,80.06,1573.1738,933.4841,2295.8359,1430.6075,1494.2853,400.6591,715.89,413.6681,3577.6633,12077.6689,277.69,1400.8027,782.4464,1645.8994,3317.4429,233.8788,55417.0,24752.4492
2025-05-29,2250.2603,1199.7485,910.4036,569.64,1825.1793,79.1,1580.1981,935.4253,2300.4043,1433.2644,1507.4045,399.2765,716.93,415.1239,3586.4941,12137.416,278.54,1405.6609,783.2322,1678.8885,3317.8228,236.4404,55546.0508,24833.5996
2025-05-30,2215.7358,1190.264,912.441,572.1,1817.9318,79.49,1553.5245,943.8696,2282.5198,1422.7352,1506.537,398.6091,714.91,413.7478,3605.9214,12065.916,277.97,1408.7343,797.9175,1656.9617,3284.9104,235.9962,55749.6992,24750.6992
2025-06-02,2223.1897,1192.4604,906.2789,573.52,1815.8751,80.52,1548.6833,937.6577,2305.1672,1427.3601,1497.9569,399.8009,717.54,411.5342,3610.3367,12037.5117,277.6,1401.5958,799.2436,1653.9985,3272.0115,234.1151,55903.3984,24716.5996
2025-06-03,2212.4011,1179.5814,892.4142,569.94,1803.3392,80.97,1547.6393,934.0179,2286.408,1414.9612,1487.545,397.5603,713.98,407.7252,3609.5444,11878.8398,275.77,1393.4662,795.4617,1646.986,3229.71,232.7351,55599.9492,24542.5
2025-06-04,2205.8296,1169.0984,893.2093,570.86,1836.7361,81.31,1543.5575,942.074,2298.2661,1408.1711,1495.4503,397.6079,716.1,408.0842,3591.4214,11913.1211,276.46,1411.312,792.2202,1644.418,3235.1643,233.34,55676.8516,24620.1992
2025-06-05,2200.4355,1157.1179,887.9417,571.78,1840.0659,81.73,1549.5377,946.1505,2309.8328,1431.5917,1498.439,399.6103,718.68,406.8078,3607.3657,11876.8809,278.05,1430.0502,791.729,1662.3939,3225.7869,234.3609,55760.8516,24750.9004
2025-06-06,2202.1025,1192.6602,931.4244,581.94,1831.6432,81.23,1554.5686,960.2729,2322.8572,1436.4133,1507.5975,401.4696,726.61,413.4886,3620.9331,12205.9785,280.5,1431.1407,798.6542,1658.5419,3238.322,234.9753,56578.3984,25003.0508
2025-06-09,2204.7507,1217.9191,954.8801,584.42,1826.6483,80.48,1564.6306,960.37,2326.1621,1411.9106,1516.3705,403.3766,735.33,426.4113,3643.3145,12377.3828,281.35,1436.3954,805.5303,1673.5549,3274.3967,237.5274,56839.6016,25103.1992
2025-06-10,2196.3865,1230.7981,943.9473,581.09,1818.8134,80.61,1583.4255,953.7699,2328.1057,1400.2004,1538.6403,407.1429,737.41,428.9839,3644.2058,12262.7871,281.39,1426.1835,802.5834,1668.0239,3313.6294,240.9113,56629.1016,25104.25
2025-06-11,2186.3889,1229.4004,936.7416,579.35,1821.8494,80.76,1634.4948,946.5388,2309.8328,1408.1711,1572.4786,406.3324,734.71,427.8273,3649.1575,12196.1826,281.87,1436.4945,800.6188,1669.8016,3322.2417,244.7396,56459.75,25141.4004
2025-06-12,2196.8813,1210.9304,931.1262,575.33,1806.1792,81.39,1614.8455,943.1417,2267.3567,1402.4637,1550.7875,401.4219,723.47,424.1379,3569.0398,12135.457,278.95,1429.2571,791.6799,1666.6411,3286.167,245.3918,56082.5508,24888.1992
2025-06-13,2191.7341,1203.842,927.399,569.14,1802.4576,83.13,1609.2449,930.6208,2254.0405,1393.5089,1544.4247,394.6521,718.0,420.269,3552.6995,12153.0879,277.1,1415.6743,778.3207,1667.0361,3297.1714,245.9589,55527.3516,24718.5996
2025-06-16,2222.0239,1213.4264,932.2692,573.98,1822.9268,83.09,1635.5388,939.2592,2262.2051,1404.1366,1565.4412,398.7521,722.76,426.5709,3593.5999,12272.5811,279.7,1425.4896,778.4681,1664.567,3345.5898,248.4921,55944.8984,24946.5
2025-06-17,2241.8208,1213.1268,917.3608,571.2,1816.5608,82.56,1641.8036,936.4445,2263.3716,1400.4957,1580.9626,397.9893,717.32,426.1321,3587.262,12336.2451,278.59,1418.946,778.2716,1629.8987,3363.7708,248.511,55714.1484,24853.4004
2025-06-18,2258.2524,1219.0173,913.3853,572.3,1827.432,82.79,1628.7992,938.5313,2232.9482,1390.0648,1574.2141,396.5591,715.39,425.2547,3566.6631,12486.1025,278.24,1417.8555,777.8787,1627.7257,3302.6255,247.2633,55828.75,24812.0508
2025-06-19,2244.9885,1215.5229,894.9982,570.08,1838.3031,82.79,1626.9008,939.2107,2229.9351,1388.7856,1560.2352,396.6544,705.55,428.0466,3586.0737,12542.9111,277.91,1421.0282,771.199,1627.3307,3276.4065,251.0348,55577.4492,24793.25
2025-06-20,2262.5088,1218.7178,899.4708,576.73,1896.7722,82.23,1651.5808,953.4787,2241.5991,1404.3335,1564.5735,399.0858,714.94,432.7132,3626.5779,12528.2188,281.5,1453.6464,782.0535,1644.6154,3287.6021,251.9422,56252.8516,25112.4004
2025-06-23,2241.1282,1212.1284,909.9066,574.88,1896.3806,82.66,1616.7438,945.5682,2234.6255,1397.4451,1527.0715,394.6521,715.19,435.565,3549.0352,12438.1084,280.86,1444.3269,776.2088,1642.0474,3247.3171,248.823,56059.3516,24971.9004
2025-06-24,2252.2144,1219.2169,910.9005,579.2,1893.7362,80.98,1605.9225,951.6345,2222.8391,1401.3813,1524.7577,395.0811,721.84,443.4423,3569.9312,12351.917,281.43,1438.3783,781.3167,1641.2571,3244.2544,250.4582,56461.8984,25044.3496
2025-06-25,2256.7676,1211.3297,922.3303,581.12,1925.0765,81.11,1629.9382,961.0009,2238.1611,1403.0543,1556.861,396.9882,725.03,438.3968,3584.7861,12504.7129,283.41,1454.7371,785.8843,1649.0601,3296.3101,254.655,56621.1484,25244.75
2025-06-26,2266.5674,1231.4969,945.6866,586.5,1972.7725,81.12,1636.5828,981.1896,2240.2241,1416.1421,1557.9215,400.7544,729.77,439.5136,3624.2012,12453.7803,286.39,1482.4973,782.9375,1649.2577,3293.4392,253.8138,57206.6992,25549.0
2025-06-27,2334.7681,1223.1106,941.2142,590.61,1985.3086,79.81,1635.8237,988.5983,2265.8594,1438.8735,1550.209,399.1812,733.93,440.3113,3643.6116,12382.2803,287.96,1502.4252,791.1396,1666.8386,3292.7695,250.5338,57443.8984,25637.8008
2025-06-30,2317.3467,1197.2526,930.7783,589.27,1968.1693,79.99,1640.8544,982.0237,2253.7783,1422.7352,1544.2318,397.0835,736.95,431.4568,3634.3025,12145.251,286.51,1487.7518,805.825,1655.0848,3312.7683,251.4129,57312.75,25517.0508
2025-07-01,2345.4587,1171.3948,930.9274,591.16,1977.7673,81.05,1631.0774,987.2245,2254.6624,1409.1553,1549.0521,395.7963,736.48,435.4652,3631.2324,12186.3887,286.84,1515.3138,805.7758,1646.6895,3281.8606,250.0612,57459.4492,25541.8008
2025-07-02,2394.8523,1173.3915,917.3608,586.48,1991.3809,81.11,1631.3622,974.4187,2266.0562,1405.0223,1552.6191,393.7463,736.27,432.5736,3562.0085,12362.6904,285.78,1505.796,798.5069,1656.8629,3275.7366,252.377,56999.1992,25453.4004
2025-07-03,2406.2354,1169.1982,904.5893,584.02,1977.6694,81.01,1625.0021,974.9584,2272.2439,1403.1527,1560.5244,394.1277,732.89,424.098,3548.2429,12490.0205,285.39,1504.8047,792.8095,1659.0358,3254.2065,252.4243,56791.9492,25405.3008
2025-07-04,2399.6035,1176.6925,919.6467,586.31,1975.6127,80.89,1638.2915,976.0378,2297.6833,1419.783,1581.7338,393.3648,735.66,424.7362,3559.8301,12386.1973,286.11,1514.2234,797.4754,1655.6776,3272.3875,255.26,57031.8984,25461.0
2025-07-07,2418.0149,1174.1945,919.0007,585.55,1991.9684,80.53,1623.5782,975.1056,2367.5181,1412.7963,1568.5261,396.7974,735.65,428.7247,3546.7576,12262.7871,286.07,1528.3016,792.564,1664.6953,3264.6365,253.086,56949.1992,25461.3008
2025-07-08,2459.3909,1164.502,921.9824,588.54,1988.1488,80.78,1621.3949,981.9746,2350.1331,1418.9957,1579.8057,397.7986,736.33,443.6217,3571.5156,12158.9639,286.91,1524.4349,798.2613,1657.3623,3259.3738,254.8819,57256.3008,25522.5
2025-07-09,2473.5457,1163.8024,934.8532,588.14,1978.061,80.03,1589.026,986.7829,2380.2869,1409.0569,1574.9852,399.944,736.22,444.579,3545.074,12213.8135,286.5,1505.9943,796.5914,1654.2903,3237.9392,253.1332,57213.5508,25476.0996
2025-07-10,2426.3296,1163.4028,941.8602,585.94,1923.9991,80.71,1579.2488,984.3297,2365.5537,1401.3813,1557.7286,397.4649,734.53,439.4937,3540.1223,12390.1152,285.16,1504.2096,793.6936,1647.4528,3236.2168,250.5338,56956.0,25355.25
2025-07-11,2414.4514,1172.8955,927.7966,583.92,1882.2775,81.15,1555.1384,973.2902,2474.7759,1399.2164,1537.5798,397.4172,728.58,442.844,3506.3523,12315.6777,283.11,1482.3981,794.3322,1656.8668,3125.2173,244.1535,56754.6992,25149.8496
2025-07-14,2377.2329,1171.7963,913.2361,584.64,1881.2981,81.88,1537.5774,972.9468,2471.8289,1400.2988,1513.8639,399.8963,731.92,439.4937,3462.0845,12256.9102,282.71,1470.9965,794.5286,1667.3708,3083.7837,240.3253,56765.3516,25082.3008
2025-07-15,2369.2151,1165.0016,922.7278,587.53,1894.3239,81.67,1486.8879,979.0798,2481.9458,1407.9745,1528.614,402.4707,736.09,436.3627,3460.2029,12278.457,283.69,1472.682,801.994,1711.8645,3112.1079,243.3028,57006.6484,25195.8008
2025-07-16,2386.0425,1167.4996,916.1184,588.43,1896.6743,81.35,1483.4708,979.4724,2472.8113,1403.6447,1550.1125,404.8545,737.36,434.6277,3469.9082,12305.8818,283.64,1472.8802,816.974,1685.6044,3104.2344,248.407,57168.9492,25212.0508
2025-07-17,2374.5603,1158.9062,917.6589,585.28,1890.1125,81.16,1465.53,974.8603,2465.1499,1396.0674,1526.5895,404.2347,736.39,432.9126,3440.3965,12219.6904,282.83,1463.7592,814.3218,1687.9825,3081.2871,246.3275,56828.8008,25111.4492
2025-07-18,2358.2275,1098.4529,936.2447,580.73,1877.3728,81.73,1481.6979,960.3863,2445.3093,1403.0543,1529.0961,403.0905,731.7,427.3622,3431.2854,12163.8613,281.43,1463.3625,808.7718,1678.2712,3062.7563,252.3298,56283.0,24968.4004
2025-07-21,2351.2986,1098.7526,942.6553,586.09,1885.4708,82.13,1464.0951,981.533,2421.0488,1442.4161,1527.3608,400.5638,734.52,432.2937,3468.918,12150.1494,282.26,1416.3683,809.6068,1676.9832,3032.3198,246.0912,56952.75,25090.6992
2025-07-22,2341.2021,1097.1538,946.7302,584.26,1883.1008,82.77,1454.2412,984.7712,2435.5852,1450.0917,1514.4424,396.6544,731.8,431.2954,3431.0874,12235.3623,282.07,1400.7036,800.5697,1662.8125,3033.6641,245.4768,56756.0,25060.9004
2025-07-23,2351.2986,1103.9486,962.384,588.27,1919.6409,83.75,1463.521,993.2104,2406.8066,1464.8524,1517.913,395.6533,732.46,433.3319,3451.1909,12367.5889,283.53,1412.4026,806.1197,1667.2719,3052.3867,247.0837,57210.4492,25219.9004
2025-07-24,2328.2354,1094.2561,953.0912,587.24,1912.0365,82.3,1441.9,988.2548,2394.4309,1459.7354,1496.7036,390.8858,731.45,427.6816,3443.8625,12299.0264,282.1,1390.8884,801.2573,1676.6858,3022.5266,247.5091,57066.0508,25062.0996
2025-07-25,2312.4963,1085.2629,908.1673,581.98,1913.8142,82.1,1425.5409,985.9922,2372.4292,1453.5358,1461.2262,390.3613,720.49,424.1877,3409.5972,12149.1699,280.03,1379.7842,792.2693,1683.6223,3010.8127,245.0042,56528.8984,24837.0
2025-07-28,2335.6589,1072.7726,875.1204,577.89,1866.8059,82.03,1402.5808,987.9105,2398.1633,1464.6555,1461.5154,390.8381,716.45,392.6421,3389.0974,12086.4844,278.49,1375.7192,783.0358,1686.7935,2956.5647,241.0043,56084.8984,24680.9004
2025-07-29,2377.1338,1063.3799,881.1335,579.52,1894.4579,81.91,1408.6079,994.3539,2409.95,1462.4906,1459.298,389.4555,722.97,393.86,3461.7876,12212.834,280.09,1404.9667,785.0494,1695.0183,2934.1934,242.691,56222.0,24821.0996
2025-07-30,2391.2888,1072.4729,879.4438,578.7,1908.5801,82.39,1412.5302,996.4198,2394.0378,1458.7512,1464.4077,388.6451,723.35,391.2645,3629.6479,12358.7725,280.13,1398.0266,787.4561,1718.1074,2931.8889,241.1489,56150.6992,24855.0508
2025-07-31,2371.7888,1067.5767,875.8162,577.06,1890.5076,82.2,1404.3029,992.6816,2476.3472,1457.7672,1454.7671,392.7928,719.81,395.038,3601.3245,12348.9785,279.26,1378.297,782.4464,1691.2526,2915.7585,239.3177,55961.9492,24768.3496
2025-08-01,2406.3345,1061.5813,870.2504,573.73,1860.9791,81.95,1389.1874,989.7304,2508.2688,1448.1235,1416.783,397.0835,711.2,397.7932,3552.6006,12179.6787,277.35,1381.7671,779.9415,1614.9496,2883.3057,233.9684,55617.6016,24565.3496
2025-08-04,2424.9438,1067.7765,879.8911,573.78,1890.8037,83.23,1410.5212,979.7947,2498.4468,1439.8575,1427.2913,397.4649,718.99,398.7116,3595.9768,12242.0527,278.85,1399.4147,781.6114,1626.7418,2951.8599,237.149,55619.3516,24722.75
2025-08-05,2412.0759,1069.9749,886.4508,570.88,1907.79,83.61,1418.4617,972.7119,2489.6069,1421.3575,1407.8174,394.8904,716.75,399.9096,3617.269,12412.3418,278.14,1379.7842,786.4246,1617.3279,2941.7786,237.0141,55360.25,24649.5508
2025-08-06,2465.9238,1070.1747,871.294,571.45,1905.7161,83.44,1399.8064,976.4993,2490.4912,1420.5703,1385.0654,392.8404,711.08,399.7898,3593.3027,12399.4717,277.31,1380.8748,790.8941,1580.7618,2911.438,231.2794,55411.1484,24574.1992
2025-08-07,2481.0686,1075.3706,873.729,572.25,1898.7043,83.94,1411.5737,981.4671,2472.7129,1417.323,1385.2583,394.366,712.73,397.7333,3606.3752,12506.3975,277.29,1377.504,790.8941,1583.933,2925.552,233.554,55521.1484,24596.1504
2025-08-08,2450.4822,1057.2845,871.791,567.59,1835.4998,84.36,1411.7648,970.892,2454.1494,1412.9932,1371.9542,395.2242,704.13,389.8669,3572.7041,12464.8154,275.14,1356.0889,790.0591,1572.5371,2915.3743,230.4023,55004.8984,24363.3008
2025-08-11,2463.8452,1072.4729,872.437,571.88,1834.3147,83.23,1423.5321,981.5654,2473.5969,1413.6819,1376.871,397.4649,711.7,394.4989,3632.916,12471.7461,277.29,1374.3313,808.8701,1593.8424,2919.5994,232.8793,55510.75,24585.0508
2025-08-12,2453.1548,1069.1754,847.7885,569.52,1827.303,82.98,1434.151,968.9246,2439.6125,1410.1121,1372.9182,396.9882,710.88,391.1247,3650.4448,12712.3291,276.54,1368.5811,806.0705,1607.5175,2914.4143,232.9757,55043.6992,24487.4004
2025-08-13,2474.8325,1065.1785,854.7457,570.61,1844.1904,83.19,1436.0645,974.0399,2450.7114,1408.9221,1375.3284,394.8428,715.98,396.8549,3657.9712,12706.3887,278.02,1370.7621,807.2983,1624.9583,2915.1824,232.9082,55181.4492,24619.3496
2025-08-14,2503.0432,1067.3767,856.1868,572.08,1850.5109,83.14,1425.2542,979.3521,2436.4695,1415.3678,1395.67,392.316,715.24,394.9581,3641.4329,12807.375,278.23,1367.4774,811.9152,1626.5438,2901.8367,237.8816,55341.8516,24631.3008
2025-08-18,2561.1477,1081.7657,899.6696,575.55,1868.781,82.75,1420.662,985.5004,2522.4128,1422.6067,1384.1979,387.4055,724.41,399.5901,3599.9382,13928.1191,281.07,1375.3409,812.9957,1617.9225,2891.1792,236.3394,55734.8984,24876.9492
2025-08-19,2553.2288,1082.3652,896.7872,576.74,1885.9646,82.31,1412.1476,979.3521,2558.46,1424.2925,1388.2468,390.0753,729.08,405.2803,3578.052,14108.3096,281.96,1413.5642,815.697,1611.8777,2895.9795,238.0261,55865.1484,24980.6504
2025-08-20,2544.0232,1079.3676,882.3759,575.41,1904.4323,82.08,1431.1854,977.9257,2622.3035,1418.6401,1442.427,387.1671,732.19,402.8046,3557.5522,14079.5977,282.52,1406.4969,814.2727,1618.3188,2975.0952,241.7658,55698.5,25050.5508
2025-08-21,2540.5588,1078.0686,890.1282,576.38,1905.9137,82.55,1428.7937,979.4012,2600.8914,1433.9114,1442.6199,386.6904,729.7,402.8645,3577.6558,14138.0117,283.06,1418.2427,811.0803,1625.3545,2978.936,240.8694,55755.4492,25083.75
2025-08-22,2479.0886,1070.0747,889.0349,570.05,1909.2714,82.62,1402.7721,966.3176,2583.1133,1424.3917,1434.0397,379.7775,725.22,396.6353,3561.0183,14206.3252,280.75,1402.7144,801.7975,1626.9402,2932.2729,239.6454,55149.3984,24870.0996
2025-08-25,2467.6064,1069.1754,895.2964,569.47,1906.7036,83.5,1439.0302,966.0717,2584.783,1421.2184,1477.0367,380.7787,727.87,395.9764,3568.2478,14308.3008,281.68,1406.0988,801.994,1641.7052,3015.4214,244.6572,55139.3008,24967.75
2025-08-26,2456.2231,1049.2908,870.8964,563.07,1881.0267,83.83,1428.124,957.5625,2644.698,1404.7572,1474.6266,384.5927,718.57,392.4625,3507.0454,14567.6963,279.05,1378.5262,793.5463,1585.8158,3031.3599,242.9127,54450.4492,24712.0508
2025-08-28,2463.7461,1051.0894,871.4927,556.75,1857.7201,84.42,1386.9871,942.2162,2607.1772,1387.4034,1446.1869,382.2566,709.47,388.2697,3525.6636,14605.3184,276.93,1379.5217,787.7507,1571.3478,2970.3906,241.5826,53820.3516,24500.9004
2025-08-29,2493.0459,1044.3945,872.4866,554.99,1865.3245,85.34,1391.7704,936.1171,2612.4814,1386.1144,1416.783,390.6951,707.48,391.3843,3566.168,14643.9307,276.06,1350.9537,788.291,1580.0682,2961.7495,240.3875,53655.6484,24426.8496
2025-09-01,2544.1223,1060.682,883.9164,557.94,1876.9778,86.61,1404.7812,935.1334,2602.3645,1399.204,1445.512,386.9764,716.46,393.0414,3563.593,14738.9756,278.18,1347.6689,791.7781,1549.1506,2988.5374,241.3031,54002.4492,24625.0508
2025-09-02,2514.2288,1055.386,884.6617,554.73,1863.7443,86.61,1402.1981,929.1327,2629.3755,1382.5444,1444.8372,387.8346,719.6,387.8304,3540.3203,14694.4229,277.68,1360.2109,789.6663,1551.0333,2987.4814,241.8525,53661.0,24579.5996
2025-09-03,2527.9875,1053.8872,890.8239,558.58,1860.4854,87.88,1402.5808,938.9208,2617.2942,1385.321,1425.9417,392.6021,723.87,391.3643,3565.97,14778.5781,278.94,1366.2828,797.7701,1564.4111,2974.0391,240.5321,54067.5508,24715.0508
2025-09-04,2542.5386,1049.5906,929.039,558.27,1857.0289,88.16,1380.7687,945.6101,2619.1606,1393.75,1410.4202,396.5591,721.28,389.2679,3557.8494,14516.2129,279.32,1353.0441,795.0688,1567.9786,2972.3108,236.1081,54075.4492,24734.3008
2025-09-05,2553.7236,1055.0863,931.8716,559.17,1871.7437,88.65,1357.5214,947.7252,2586.551,1391.0726,1392.6815,388.4067,721.13,388.4294,3519.2266,14746.8965,279.6,1368.6719,792.3184,1579.1763,2926.8003,234.8551,54114.5508,24741.0
2025-09-08,2505.1221,1054.6866,938.5306,560.49,1864.238,89.98,1342.2146,950.2828,2577.22,1390.9734,1381.402,388.5974,724.02,389.3478,3495.4587,15106.2871,279.99,1372.1558,794.4794,1566.6904,2898.668,233.7467,54186.8984,24773.1504
2025-09-09,2511.5562,1051.389,942.6057,560.14,1870.1635,91.17,1365.2705,949.4467,2594.9983,1391.965,1450.236,390.9811,724.94,391.4042,3490.9031,15212.2227,280.54,1369.8662,794.5286,1577.2936,2927.8562,240.1369,54216.1016,24868.5996
2025-09-10,2517.4951,1069.2753,962.0362,563.92,1867.8922,90.9,1400.4761,950.1845,2596.4714,1392.1633,1477.5188,393.8416,728.66,393.9798,3515.6614,14957.7783,281.84,1370.6626,803.713,1578.9783,2986.041,246.4982,54536.0,24973.0996
2025-09-11,2529.9673,1086.562,964.3221,565.48,1889.2236,90.62,1404.1115,952.0535,2575.3538,1389.8826,1455.4418,395.7486,729.88,393.7802,3505.4609,14944.9072,282.53,1376.9337,809.0665,1595.1306,2999.6748,244.7247,54669.6016,25005.5
2025-09-12,2520.4648,1104.4482,997.1205,566.41,1878.9529,91.26,1403.6332,951.5617,2534.5923,1405.8479,1470.7704,394.5091,732.22,393.7802,3545.1731,15172.6211,283.51,1388.5798,808.9683,1601.9683,3008.5083,242.826,54809.3008,25114.0
2025-09-15,2477.208,1103.549,1003.6801,567.49,1880.8293,90.92,1402.9636,951.3157,2535.0833,1407.5338,1454.1886,393.4602,736.3,393.4807,3551.511,15113.2168,283.12,1392.86,810.147,1587.5002,2987.8652,242.1898,54887.8516,25069.1992
2025-09-16,2455.7283,1120.3359,997.1205,569.83,1915.3943,92.27,1418.8444,951.119,2534.9851,1409.7153,1456.9845,393.8893,739.87,403.6431,3632.3218,15418.1543,284.89,1398.8324,816.8267,1595.9233,3020.3181,244.8211,55147.6016,25239.0996
2025-09-17,2468.2993,1125.1323,1001.3445,573.78,1917.172,91.25,1417.3136,950.7747,2523.9841,1407.3354,1467.6855,390.266,743.1,409.3533,3649.8506,15643.8877,285.98,1407.2933,841.9734,1605.5356,3046.3381,244.956,55493.3008,25330.25
2025-09-18,2453.5505,1132.1268,990.4117,575.66,1916.9744,91.6,1429.0809,961.0056,2540.78,1409.8145,1485.2313,392.4113,744.93,410.2118,3650.3457,15659.7285,286.7,1408.4877,839.2229,1633.6786,3050.0825,247.6355,55727.4492,25423.5996
2025-09-19,2456.5203,1135.0247,986.3865,573.47,1938.0098,91.29,1403.8245,951.1682,2514.0642,1390.4775,1484.8457,391.5532,748.75,405.4999,3639.8481,15706.2617,285.9,1400.9227,847.0813,1641.0116,3042.8813,246.6235,55458.8516,25327.0508
2025-09-22,2457.5098,1143.5181,1000.3506,571.02,1931.8867,93.14,1377.516,948.5121,2526.4397,1389.7834,1445.6084,388.0253,749.89,403.6431,3609.2471,15658.7383,284.49,1384.2,840.107,1629.1202,2951.2839,241.2742,55284.75,25202.3496
2025-09-23,2422.0732,1169.8978,1019.2346,572.62,1914.6042,95.13,1367.8535,941.626,2477.3291,1382.6437,1443.6803,384.4497,748.22,408.8342,3622.2205,15936.9443,284.35,1383.4038,855.1852,1616.436,2940.3379,240.5995,55509.75,25169.5
2025-09-24,2432.2688,1158.007,1023.4586,568.32,1907.0986,94.64,1379.812,935.5761,2504.1438,1371.1405,1440.8845,382.352,740.19,405.5598,3638.2639,16087.4336,282.88,1376.635,850.8632,1612.3732,2914.4143,235.7419,55121.5,25056.9004
2025-09-25,2379.6084,1165.7009,1006.5624,567.76,1911.5427,94.43,1362.1136,934.3956,2493.1428,1364.2983,1431.4369,381.4938,734.79,402.006,3609.1479,16107.2344,281.24,1366.0839,845.9026,1612.6705,2839.5232,233.2456,54976.1992,24890.8496
2025-09-26,2319.0295,1153.1107,979.0814,562.02,1892.7789,94.22,1334.8483,929.6737,2467.1143,1348.2336,1396.827,386.2613,722.59,398.2724,3693.425,16124.0654,278.74,1371.2599,841.7769,1572.3387,2783.5474,227.2216,54389.3516,24654.6992
2025-09-29,2318.8315,1131.3274,984.8956,561.67,1878.5579,95.9,1327.2905,934.8383,2453.4617,1336.8298,1389.9822,388.3113,728.95,397.6335,3652.7224,15825.0684,278.54,1366.4819,855.3326,1574.9153,2780.6667,230.9709,54461.0,24634.9004
2025-09-30,2326.1565,1130.7279,992.7971,563.39,1855.0537,95.85,1325.0901,935.5269,2469.668,1336.7307,1389.9822,382.8764,729.86,397.8531,3623.6069,15869.6211,277.52,1357.7224,857.0025,1579.8701,2773.2734,230.7107,54635.8516,24611.0996
2025-10-01,2312.1006,1158.6064,981.6655,571.39,1844.3879,97.63,1329.2997,949.545,2491.0803,1360.53,1393.8385,386.7381,731.26,411.9488,3634.7976,15806.2568,280.51,1362.4008,848.8003,1621.3907,2798.0449,232.3492,55347.9492,24836.3008
2025-10-03,2333.8774,1180.0898,983.7029,573.3,1873.1262,97.07,1333.1262,949.4467,2499.6252,1353.7869,1394.6096,385.4985,734.79,419.376,3696.9902,15648.8379,281.16,1357.1252,851.9437,1616.436,2786.2354,232.2625,55589.25,24894.25
2025-10-06,2330.908,1211.8655,1002.736,580.46,1879.4467,99.22,1356.2777,957.6116,2496.5806,1352.002,1422.953,382.1136,737.51,428.4603,3700.8525,15838.9287,283.07,1368.6719,858.5742,1639.7233,2869.2878,233.3709,56104.8516,25077.6504
2025-10-07,2328.928,1185.8855,1010.3392,580.15,1905.0248,99.66,1371.2976,966.5144,2472.4182,1364.3975,1406.0819,381.2078,736.16,424.6469,3693.623,15947.835,283.41,1378.4268,849.3897,1638.1378,2855.1736,234.7202,56239.3516,25108.3008
2025-10-08,2304.8745,1179.6902,1016.8989,577.64,1919.3446,101.69,1390.2396,962.7762,2455.6226,1358.8444,1441.2701,381.1601,731.11,422.83,3693.7222,15852.79,282.38,1361.1068,843.0539,1616.8325,2906.5413,235.4334,56018.25,25046.1504
2025-10-09,2312.6943,1166.5004,1017.8431,580.36,1917.8633,101.47,1422.0969,961.2022,2472.8113,1364.6948,1455.0563,381.3031,734.77,428.1808,3732.741,15826.0586,284.05,1371.459,846.8357,1643.489,2939.666,237.4864,56192.0508,25181.8008
2025-10-10,2316.4558,1179.4904,1017.5946,584.98,1915.7893,100.67,1430.707,964.9404,2483.9099,1368.7607,1460.455,384.0682,736.88,429.2789,3747.3977,16103.2744,285.52,1375.3409,865.0573,1655.7767,2907.5972,239.7032,56609.75,25285.3496
2025-10-13,2318.7324,1188.6832,1030.4158,584.58,1930.6029,102.65,1429.9417,961.1039,2448.4524,1367.8682,1439.5348,380.6833,735.97,429.6782,3733.0381,16160.6973,284.64,1368.6719,867.3166,1653.2994,2887.3384,236.2623,56625.0,25227.3496
2025-10-14,2294.5803,1175.8932,1012.9233,583.29,1922.406,105.09,1430.6113,961.2515,2457.7834,1372.5288,1436.3535,378.3473,732.23,429.6183,3708.0818,16099.3135,283.69,1369.5677,861.4228,1639.426,2842.3076,239.4333,56496.4492,25145.5
2025-10-15,2351.0017,1168.6986,1053.4244,586.55,1944.0338,105.29,1430.8984,962.3336,2474.1863,1386.7094,1421.4105,381.3031,741.19,429.179,3791.6653,16050.8008,286.07,1367.9751,870.4108,1640.1196,2862.064,241.1586,56799.8984,25323.5508
2025-10-16,2385.2505,1195.3782,1059.2386,591.98,1942.9475,105.37,1449.3623,978.1716,2515.9302,1405.4514,1418.6147,386.309,745.02,440.3198,3824.4453,16135.9463,288.7,1391.8646,871.2457,1643.9845,2862.9312,244.6283,57422.5508,25585.3008
2025-10-17,2482.3552,1199.275,1063.562,594.97,1986.9932,108.11,1433.1617,986.2382,2557.3794,1424.59,1389.3073,392.9835,745.47,440.3997,3802.262,16237.9219,290.17,1410.2795,873.4068,1663.9025,2854.7397,232.1853,57713.3516,25709.8496
2025-10-20,2490.4722,1225.0552,1074.3955,598.57,2026.0023,105.14,1442.0334,986.6317,2548.2449,1378.6771,1408.3958,393.8416,746.8,441.9969,3835.2397,16260.6934,291.86,1460.0493,891.4319,1673.3165,2905.8169,232.5131,58033.1992,25843.1504
2025-10-21,2479.188,1236.3466,1079.8618,598.33,2018.1017,105.69,1432.9689,991.3044,2545.5928,1370.4464,1419.4824,393.6509,747.74,438.6427,3850.5898,16232.9717,291.87,1458.4567,891.7756,1675.1993,2897.6252,232.6287,58007.1992,25868.5996
2025-10-23,2477.01,1257.83,1087.4651,598.6,1982.9442,101.7,1469.5165,992.3865,2555.3169,1352.2994,1473.5662,396.6068,746.63,444.3528,3880.7949,16230.001,292.39,1441.734,895.4102,1674.6047,2961.7129,235.4624,58078.0508,25891.4004
2025-10-24,2476.2185,1240.943,1083.092,,2004.0782,,1469.42,978.5651,2471.6326,1366.1824,1470.5776,397.4172,,436.6461,3867.1282,16112.1846,,1444.9193,888.485,1683.6223,2952.0757,234.1901,57699.6016,25795.1504
2025-10-27,2493.2439,1253.1335,1077.7747,599.04,2054.2468,100.14,1478.7738,986.6317,2467.1143,1366.0833,1472.6331,401.0882,748.73,428.9794,3885.8457,16225.0508,293.35,1477.2697,906.4119,1678.2712,2972.9883,235.0865,58114.25,25966.0508
2025-10-28,2483.8401,1245.3396,1066.1959,600.15,2064.2212,96.84,1467.7806,987.2219,2452.676,1351.7045,1468.4242,398.4661,745.05,431.4152,3934.3716,16148.8164,293.1,1480.0569,913.7791,1671.731,2946.968,233.6118,58214.1016,25936.1992
2025-10-29,2512.9419,1247.8376,1056.4557,602.45,2074.4922,99.95,1501.7245,991.4519,2443.8362,1358.9435,1478.4082,401.994,753.64,429.3587,3919.814,15977.5371,294.5,1497.2771,923.1108,1700.3694,2946.679,233.5154,58385.25,26053.9004
2025-10-30,2497.896,1237.6455,1045.8708,600.08,2040.6184,99.68,1494.4922,981.9098,2425.6653,1351.0104,1462.1598,399.2765,751.89,426.7033,3948.9294,16044.8604,292.58,1481.6494,917.8065,1687.9825,2925.1877,233.1684,58031.1016,25877.8496
2025-10-31,2485.3247,1231.85,1036.429,597.39,2028.965,100.02,1486.4884,971.2363,2421.6382,1334.0533,1450.9034,400.8021,750.95,419.7154,3991.9094,16025.0596,291.08,1479.5592,920.4095,1675.3975,2947.0642,231.9637,57776.3516,25722.0996
2025-11-03,2486.7107,1232.7493,1036.7271,600.1,2048.2227,100.05,1488.4169,976.4993,2416.2358,1335.144,1454.0355,394.6998,757.68,421.9715,3941.9971,15495.3789,291.35,1477.8669,932.8847,1690.9554,2907.3589,231.7998,58101.4492,25763.3496
2025-11-04,2461.4695,1225.6547,1050.5421,597.3,2087.0342,99.8,1474.5308,969.2197,2402.1904,1325.7235,1436.8083,389.8846,754.39,418.5973,3886.4397,15221.1338,289.59,1466.3203,940.6448,1674.7039,2881.7239,229.3132,57827.0508,25597.6504
2025-11-06,2576.4905,1227.5532,1035.5344,594.4,2068.8628,100.07,1471.9272,968.6295,2392.6628,1309.3615,1435.6337,388.5497,745.71,415.9219,3844.054,15298.3574,288.24,1489.2145,943.739,1670.641,2901.6729,231.3661,57554.25,25509.6992
2025-11-07,2587.28,1221.8577,1060.0834,598.26,1976.3274,99.94,1458.4269,966.3176,2389.6931,1331.7725,1445.5199,385.2601,746.34,416.9402,3844.9451,15325.0898,288.44,1471.1978,938.9258,1676.0912,2883.2659,227.9349,57876.8008,25492.3008
2025-11-10,2623.5083,1216.0621,1078.371,598.17,1994.6963,101.7,1485.5239,968.4819,2384.5454,1336.7307,1481.4425,386.6904,749.47,417.8187,3880.5969,15428.0557,289.49,1482.4458,934.309,1682.4333,2915.4541,231.1637,57937.5508,25574.3496
2025-11-11,2630.2395,1221.5579,999.0586,599.75,2016.9166,103.29,1513.9712,975.5647,2403.0571,1346.9446,1497.8867,387.9299,749.91,416.6607,3916.7437,15489.4385,290.82,1486.527,936.421,1700.5676,2936.4634,232.9468,58138.1484,25694.9492
2025-11-12,2741.6973,1220.6586,1007.0097,601.32,2048.0251,102.69,1537.1147,973.4005,2400.0874,1347.5396,1518.8334,388.0729,751.43,416.1815,3916.3477,15539.9316,292.72,1504.5436,940.2028,1716.4229,3018.187,236.3491,58274.6484,25875.8008
2025-11-13,2850.1848,1224.2557,999.2574,602.0,2065.8015,105.37,1541.4541,970.5969,2383.3577,1374.3138,1509.1431,386.8334,751.33,414.3247,3963.7842,15592.4043,292.39,1503.9464,937.1086,1721.6749,2993.0337,236.4551,58381.9492,25879.1504
2025-11-14,2876.9109,1240.6432,1012.2773,603.29,2074.5908,103.81,1537.6934,973.4988,2403.2551,1361.5217,1470.9691,389.1695,750.88,415.2231,3965.6658,15528.0508,292.83,1511.9095,950.7133,1741.1965,2993.323,235.5298,58517.5508,25910.0508
2025-11-17,2858.5986,1248.637,1020.5267,607.83,2085.9478,101.94,1549.0721,980.3358,2400.5823,1367.4716,1475.6675,388.1683,754.51,419.8551,3988.7405,15720.1221,293.97,1511.3124,956.1159,1747.9351,2989.6609,235.2214,58962.6992,26013.4492
2025-11-18,2881.0044,1264.4249,1007.4072,607.85,2122.488,100.91,1538.2719,976.3025,2379.7937,1361.9183,1454.9165,386.9764,749.6,417.8985,3960.9124,15771.6055,292.97,1512.4072,955.2319,1742.8812,2975.1086,232.1853,58899.25,25910.0508
2025-11-19,2868.8101,1269.421,999.4561,610.4,2132.9563,102.23,1603.2666,978.4175,2417.0154,1371.5372,1508.4579,384.7834,749.41,420.4541,3980.719,15611.2158,294.37,1511.9095,965.3495,1767.9521,3033.5103,237.1683,59216.0508,26052.6504
2025-11-20,2835.2019,1284.2096,1022.3156,611.65,2131.4749,101.55,1586.6804,992.4357,2403.948,1371.4381,1503.9553,386.595,748.52,419.0166,3998.3467,15643.8877,295.64,1541.9706,964.1707,1761.3129,3030.7156,237.3515,59347.6992,26192.1504
2025-11-21,2851.8574,1274.8169,997.9653,606.85,2135.8201,102.0,1550.6151,981.8114,2409.1948,1358.0509,1512.2753,388.8834,739.09,416.8403,3985.9675,15818.1377,294.32,1539.4821,955.3792,1763.5919,3036.3052,235.6455,58867.6992,26068.1504
2025-11-24,2854.4348,1268.0221,987.927,606.61,2125.3521,102.23,1552.9294,982.8935,2399.7903,1356.9602,1515.2118,384.7834,731.85,416.7405,3974.48,15799.3262,293.3,1528.8313,953.4146,1764.6821,3027.2458,238.3249,58835.3516,25959.5
2025-11-25,2851.0642,1265.3242,980.1747,606.43,2134.7339,103.46,1543.9613,973.6956,2389.7922,1346.4489,1498.1803,382.1613,733.58,413.2665,3958.0403,15731.0127,292.68,1532.6138,966.1844,1760.7183,3006.0444,236.7539,58820.3008,25884.8008
2025-11-26,2849.2798,1289.2057,1004.525,614.22,2100.3665,104.18,1560.1619,987.5662,2400.7803,1363.505,1524.9021,383.5915,743.82,420.0349,4022.7087,15995.3574,296.01,1562.6748,966.4792,1788.564,3048.1587,241.1393,59528.0508,26205.3008
2025-11-27,2854.3359,1286.308,1027.4839,615.7,2089.3057,104.11,1570.8657,993.0751,2427.0134,1380.5612,1533.222,385.4985,742.88,421.3126,4041.822,15744.873,296.42,1556.2047,955.6248,1793.915,3022.813,240.5321,59737.3008,26215.5508
2025-11-28,2849.676,1278.7137,1031.1613,616.37,2075.4797,104.62,1566.2368,991.206,2441.7637,1377.1897,1527.0554,385.4508,744.12,424.1477,4030.2354,15741.9033,296.49,1560.2859,961.6659,1815.0222,3023.6804,240.5032,59752.6992,26202.9492
2025-12-01,2842.9348,1274.7169,1014.8614,616.86,2063.7275,106.72,1584.2697,985.7955,2439.6846,1378.4788,1530.8728,385.4508,744.88,428.7797,4033.8003,15936.9443,296.1,1558.8923,955.8704,1791.0413,3019.729,241.226,59681.3516,26175.75
2025-12-02,2928.988,1257.0305,1019.2346,612.85,2077.8499,105.63,1577.1335,973.6956,2452.8508,1361.5217,1527.9364,382.3043,744.31,427.7415,3991.5134,16077.5322,294.66,1539.1835,950.173,1783.2128,3021.9458,241.12,59273.8008,26032.1992
2025-12-03,2928.0959,1269.7207,1015.1596,613.64,2060.0735,106.51,1581.9553,984.2215,2423.3508,1379.8671,1545.2615,381.8752,734.49,428.4803,3949.4246,15922.0938,293.8,1531.718,934.2108,1790.3475,3064.6382,245.4765,59348.25,25986.0
2025-12-04,2931.7639,1279.0135,1022.8125,611.24,2077.6523,105.92,1595.552,980.9752,2437.4077,1375.1071,1563.7611,384.3066,737.87,426.3439,3945.0671,15834.9688,294.37,1528.5327,931.313,1801.8428,3112.0537,247.6355,59288.6992,26033.75
2025-12-05,2942.9668,1281.5117,1041.597,616.02,2082.5901,106.89,1622.9386,986.976,2315.0525,1380.8586,1581.9672,386.1183,739.64,430.2372,3999.1389,16120.1055,296.01,1533.5096,954.2987,1788.9603,3120.7271,250.5077,59777.1992,26186.4492
2025-12-08,2903.1125,1272.8185,1020.1291,611.47,2060.271,106.85,1628.3386,986.7792,2290.7,1377.9829,1576.6816,383.5915,724.49,425.5853,3958.0403,16026.0498,293.45,1535.8987,939.4661,1779.9426,3119.0889,251.9245,59238.5508,25960.5508
2025-12-09,2771.9507,1274.9167,1010.4883,610.28,2063.7275,106.28,1598.4449,980.8768,2283.2756,1363.7032,1565.1315,382.3996,728.77,424.8066,3958.8328,15860.71,292.35,1522.3612,942.3638,1759.9254,3091.9119,248.0981,59222.3516,25839.6504
2025-12-10,2780.3774,1277.6146,1004.1274,607.73,2041.3096,106.23,1606.5452,973.6956,2278.5239,1352.2002,1551.2323,384.402,726.9,425.166,3952.6926,15859.7197,291.56,1529.8268,942.7568,1769.3395,3073.5046,248.6475,58960.3984,25758.0
2025-12-11,2755.4932,1271.7191,1000.2513,610.28,2027.6812,107.15,1612.7169,984.0248,2282.3848,1348.6304,1564.1527,384.1636,731.15,435.2885,3965.1707,16086.4434,292.93,1537.8894,946.1948,1790.843,3076.1069,249.8715,59209.8516,25898.5508
2025-12-12,2741.019,1285.1089,1011.0847,613.14,2057.5056,109.61,1613.4883,985.2053,2237.8379,1354.5802,1564.3484,381.4938,736.41,434.5697,4034.6919,16357.7188,294.69,1549.3365,946.0966,1777.2671,3103.6694,251.1727,59389.9492,26046.9492
2025-12-15,2756.2864,1283.8099,1006.5128,613.39,2043.9761,110.95,1623.9028,979.8931,2270.4065,1353.7869,1572.7664,383.5915,737.33,435.5081,4052.7158,16251.7822,294.54,1549.0378,950.124,1780.8345,3113.0173,252.2715,59461.8008,26027.3008
2025-12-16,2766.8943,1218.6602,992.3002,609.73,2075.8745,109.56,1592.7554,978.1224,2258.1313,1354.5802,1559.1608,383.0194,735.76,435.7278,4024.4915,16191.3887,292.66,1535.2019,944.132,1765.1776,3088.8281,249.8426,59034.6016,25860.0996
2025-12-17,2761.739,1223.7561,993.4927,607.87,2081.8,109.99,1595.9377,967.99,2252.6868,1341.0939,1568.068,381.2078,732.54,433.8909,4023.1047,16234.9512,291.71,1537.2922,958.5717,1776.6726,3101.0671,251.6932,58926.75,25818.5508
2025-12-18,2735.9626,1228.8523,994.1885,607.63,2065.999,109.88,1602.1094,963.7599,2242.6885,1345.4572,1592.3428,381.7799,729.68,432.1739,3992.1077,16166.6377,291.84,1537.2922,960.2416,1730.0979,3161.7817,254.3051,58912.8516,25815.5508
2025-12-19,2775.8169,1229.6516,1002.1396,609.7068,2071.6279,109.82,1583.7875,969.4656,2257.0425,1342.7797,1603.9906,382.3996,734.8282,431.1556,4034.0974,16250.793,293.4495,1557.8969,962.9429,1729.1069,3162.9382,254.8834,59069.1992,25966.4004
2025-12-22,2783.4509,1232.2496,1001.6427,611.26,2120.908,111.39,1610.6918,971.6298,2266.4468,1357.0593,1653.8125,383.9729,738.95,429.199,4033.0081,16483.4551,295.69,1568.1495,957.0491,1753.7816,3204.282,262.8061,59304.0,26172.4004
2025-12-23,2783.6492,1224.056,1005.2207,610.64,2096.5146,113.1,1619.9492,980.3849,2279.4148,1351.6052,1632.9637,388.4067,742.79,431.7945,4019.5398,16420.0918,295.68,1563.4711,954.6917,1740.0074,3189.9224,261.582,59299.5508,26177.1504
2025-12-24,2761.5408,1225.355,1005.5189,610.18,2097.3049,113.21,1614.9347,980.9752,2259.2202,1348.4321,1628.1675,387.6916,741.42,431.9942,4014.3901,16536.918,295.5,1551.0287,951.7939,1721.2786,3198.5962,258.3628,59183.6016,26142.0996
2025-12-26,2722.8765,1227.2534,993.8903,608.29,2079.2322,114.31,1601.6273,975.9582,2262.3879,1339.1106,1621.0221,385.3555,741.46,432.094,4008.1509,16430.9824,294.46,1552.024,949.1907,1703.9368,3161.0107,256.6665,59011.3516,26042.3008
2025-12-29,2751.5276,1231.0505,991.9026,607.35,2055.7283,113.03,1572.6014,975.5647,2270.2085,1332.0701,1609.8635,383.8776,738.58,430.976,3999.634,16377.5195,293.15,1538.4867,947.9629,1701.6577,3133.5447,254.681,58932.3516,25942.0996
2025-12-30,2734.575,1245.0398,983.2557,611.56,2073.7019,111.17,1557.5581,974.7778,2267.1396,1331.2766,1587.2528,381.9706,739.12,429.798,4012.8054,16481.4766,293.32,1532.7134,956.2142,1704.6305,3129.0151,254.1124,59171.25,25938.8496
2025-12-31,2745.6785,1268.4218,980.771,615.18,2079.4299,110.11,1565.3693,975.0729,2292.5808,1331.6733,1581.1842,384.259,744.88,439.4613,4044.0007,16530.9785,295.31,1563.1726,964.8093,1704.135,3089.8879,253.7558,59581.8516,26129.5996
2026-01-01,2728.3291,1273.418,967.1547,615.29,2084.1702,110.52,1576.1694,975.0237,2299.6094,1326.8143,1595.2792,346.9296,747.76,442.7955,4100.3501,16541.8691,295.33,1568.3485,967.3141,1705.5223,3110.3188,257.6785,59711.5508,26146.5508
2026-01-02,2748.752,1265.9237,984.3987,619.91,2080.1213,111.82,1581.6659,985.3036,2324.3577,1344.0688,1605.6547,333.7713,755.86,438.2634,4123.1279,16791.3633,297.55,1584.9718,981.2627,1712.3599,3132.7734,259.2688,60150.9492,26328.5508
2026-01-05,2791.3821,1284.8092,972.7702,619.22,2078.8374,112.92,1550.2292,961.5958,2360.0942,1360.0342,1572.3748,333.4376,756.12,437.4248,4110.2534,16984.4238,296.41,1570.837,987.7458,1713.2518,3099.429,253.775,60044.1992,26250.3008
2026-01-06,2821.3223,1292.803,971.3787,619.93,2079.1335,113.14,1558.6189,946.5447,2400.2854,1399.4022,1578.0519,326.5248,759.85,428.5402,4100.5483,17120.0625,296.02,1500.6615,1000.8594,1744.2684,3137.6885,255.9918,60118.3984,26178.6992
2026-01-07,2785.2351,1294.5017,962.881,618.97,2058.2959,112.91,1588.8982,933.6086,2375.24,1415.7643,1604.2843,325.3806,760.84,428.061,4116.79,16641.8652,295.72,1497.2771,989.3175,1766.4657,3176.0449,261.0037,59990.8516,26140.75
2026-01-08,2762.5322,1285.8083,966.0117,616.56,2040.6184,112.29,1587.934,931.2969,2362.668,1423.0034,1579.1287,325.0468,744.78,425.8648,3989.4336,16498.3066,292.93,1463.8318,980.3295,1744.7639,3087.6714,252.7148,59686.5,25876.8496
2026-01-09,2801.1968,1271.0198,953.7371,611.83,2001.9055,113.61,1602.1094,923.7222,2348.71,1392.5601,1579.9116,321.4712,737.32,424.6269,3986.2646,16336.9277,290.59,1468.5103,982.7852,1714.2428,3091.4302,252.4739,59251.5508,25683.3008
2026-01-12,2871.4868,1273.218,946.0842,613.58,2018.5955,116.76,1608.0881,921.7055,2381.9717,1401.2864,1562.0972,322.6631,738.67,425.9247,3980.1248,16417.1211,291.87,1476.3738,997.1758,1720.2875,3122.0764,253.5822,59450.5,25790.25
2026-01-13,2861.4739,1261.0275,943.202,614.57,2001.708,116.37,1605.5809,922.099,2365.4397,1424.9867,1565.1315,319.1352,737.06,425.7849,3849.7976,16262.6729,291.13,1446.1138,1010.2403,1713.0535,3149.446,254.6425,59578.8008,25732.3008
2026-01-14,2789.6965,1297.7992,940.1706,614.51,1997.3627,118.01,1608.9561,910.3926,2329.8022,1406.5421,1565.9146,319.1829,741.31,420.2744,3828.4067,15991.3975,290.66,1452.0862,1010.1421,1685.307,3076.6848,250.7872,59580.1484,25665.5996
2026-01-15,2789.6965,1297.7992,940.1706,614.51,1997.3627,118.01,1608.9561,910.3926,2329.8022,1406.5421,1565.9146,319.1829,741.31,420.2744,3828.4067,15991.3975,290.66,1452.0862,1010.1421,1685.307,3076.6848,250.7872,,
2026-01-16,2733.1868,1293.2026,944.4443,619.92,1991.3385,117.78,1649.2649,915.9507,2336.6328,1399.0057,1654.0083,313.891,740.69,417.4792,3819.0974,15701.3105,291.04,1451.1903,1023.8452,1653.7949,3146.5493,257.7749,60095.1484,25694.3496
2026-01-19,2730.3118,1306.4924,963.527,617.22,1985.0181,121.1,1667.5254,912.8028,2389.594,1369.0581,1645.5903,317.7049,738.63,426.1642,3832.3679,16015.1592,289.63,1407.0941,1020.0142,1660.2361,3104.2581,237.0527,59891.3516,25585.5
2026-01-20,2652.5862,1292.5032,927.4985,612.17,1971.192,125.86,1638.8721,916.0491,2355.1445,1364.2983,1623.7628,311.1258,722.64,423.0696,3773.6416,15721.1123,286.28,1387.5844,1018.0496,1599.1936,3044.1079,231.2215,59404.1992,25232.5
2026-01-21,2638.2109,1283.9098,930.5298,606.16,1971.2908,134.97,1634.2097,905.3755,2344.1562,1337.7223,1619.3582,309.6479,719.09,420.8734,3730.0671,15613.1963,284.95,1398.1356,1010.4368,1598.3018,3064.0271,230.8842,58800.3008,25157.5
2026-01-22,2680.5437,1293.8022,937.0895,610.97,1977.3149,124.34,1654.2185,903.7524,2366.5288,1334.2516,1628.2654,309.7433,727.47,425.2658,3757.103,15608.2461,286.61,1396.0453,1029.788,1619.4089,3091.3054,231.9444,59200.1016,25289.9004
2026-01-23,2680.4443,1257.0305,922.1812,603.35,1960.0325,127.42,1658.0066,901.1947,2385.2385,1332.1692,1635.4108,308.3607,713.3,422.0713,3707.5867,15315.1885,283.91,1379.7207,1011.2717,1617.1298,3103.1785,229.7758,58473.1016,25048.6504
2026-01-27,2600.2405,1314.786,909.1115,611.11,1948.873,131.45,1670.8276,911.3272,2376.7249,1350.0187,1647.0586,303.8316,717.06,407.9956,3751.1611,15093.416,285.22,1374.1465,1034.5031,1624.0664,3098.7629,232.1487,59205.4492,25175.4004
2026-01-28,2490.1951,1318.783,929.4366,614.14,1933.368,135.82,1679.9579,917.5247,2354.4514,1356.266,1631.2018,306.2153,732.0,411.6892,3757.301,14729.0752,286.61,1390.2719,1044.6698,1596.0225,3140.0735,234.6699,59598.8008,25342.75
2026-01-29,2395.219,1362.649,929.4366,617.92,1943.4414,146.53,1672.1875,920.2791,2328.9114,1372.0331,1624.3501,303.7839,733.95,411.6892,3894.8574,14357.8037,287.37,1384.5981,1047.3219,1574.9153,3085.418,237.0922,59957.8516,25418.9004
2026-01-30,2407.4133,1369.344,924.1689,615.73,1944.2313,131.12,1646.9337,914.1308,2349.106,1343.6721,1606.2419,307.1688,729.61,407.2968,3894.2634,14453.8398,286.73,1388.9779,1058.0781,1580.8611,3065.3027,234.225,59610.4492,25320.6504
2026-02-02,2381.3396,1310.4894,898.1787,604.48,1940.9724,118.67,1628.6733,912.9995,2333.564,1341.4906,1594.8876,300.0652,721.21,407.4965,3883.3699,14240.9775,283.94,1384.001,1010.4859,1613.166,3110.1455,239.564,58619.0,25088.4004
2026-02-03,2405.1331,1355.1548,958.5079,619.55,1972.476,125.2,1646.6425,933.2643,2344.7502,1378.082,1620.9242,301.9246,738.79,415.0834,3999.7332,14635.0195,291.24,1430.486,1045.3573,1686.6943,3164.8008,239.9496,60041.3008,25727.5508
2026-02-04,2431.6033,1337.6683,957.4146,620.95,2000.6217,129.6,1575.2521,937.5927,2347.126,1396.6257,1503.2701,305.5265,744.05,411.6393,4047.5662,14921.1465,291.65,1450.0955,1049.2865,1688.9736,2942.8438,230.7052,60238.1484,25776.0
2026-02-05,2411.1807,1329.5746,958.8557,620.55,1967.6368,125.22,1563.7906,934.248,2330.6931,1384.8252,1488.0005,301.9733,740.33,408.0455,4023.9963,14909.2656,290.35,1436.7571,1054.4927,1698.1494,2935.3862,230.7546,60063.6484,25642.8008
2026-02-06,2380.4473,1340.566,975.7021,619.79,2013.0651,125.04,1547.9584,925.788,2399.7903,1394.345,1475.178,317.1595,742.19,421.6221,4028.7498,14847.8818,290.65,1444.123,1047.5184,1690.6691,2886.4221,228.1148,60120.5508,25693.6992
2026-02-09,2396.6069,1340.3663,977.1433,625.28,2012.8676,127.98,1556.0203,922.0006,2410.4817,1384.627,1465.4877,314.2391,748.66,428.061,4073.8098,14829.0713,292.56,1454.8733,1125.709,1700.1442,2892.8984,227.482,60669.3516,25867.3008
2026-02-10,2373.012,1355.6544,959.7005,626.15,1986.302,128.34,1527.9497,917.2296,2428.8945,1394.7416,1466.0751,312.8762,751.61,428.5601,4128.6738,14995.4004,293.56,1451.7875,1123.8427,1703.3359,2928.6157,228.8563,60626.3984,25935.1504
2026-02-11,2371.9211,1346.2618,963.0301,627.67,1987.0919,128.7,1507.0667,912.0157,2438.1006,1394.345,1440.7236,309.8098,753.85,428.8097,4130.0601,15258.7559,293.85,1461.9406,1161.9557,1706.6272,2855.2188,227.215,60745.3516,25953.8496
2026-02-12,2389.7664,1338.9674,992.9958,627.87,1989.4622,128.52,1433.7338,905.6215,2385.4363,1418.0452,1356.6431,309.031,751.04,425.5154,4145.4102,15173.6104,292.27,1442.2317,1171.2875,1710.4174,2698.5144,216.6062,60739.75,25807.1992
2026-02-13,2346.0457,1331.2733,1018.4891,622.45,1979.7839,126.1,1413.4335,889.1932,2281.9885,1402.7739,1340.101,305.4291,740.89,419.925,4133.5264,15085.4961,288.87,1413.0665,1177.3777,1693.0627,2641.7004,211.6725,60186.6484,25471.0996
2026-02-16,2376.5808,1357.2533,1006.5624,628.61,2004.177,126.92,1419.8442,910.7369,2295.6497,1399.799,1336.6752,309.5177,747.26,424.8665,4160.8594,14901.3447,290.76,1430.486,1186.7095,1696.0549,2655.8303,210.8519,60949.1016,25682.75
2026-02-17,2416.4348,1356.1541,1007.9539,631.25,1995.1901,124.58,1440.0471,910.6385,2289.0171,1395.7333,1361.7329,316.8188,751.27,423.7185,4238.4019,15028.0723,291.52,1416.4509,1191.9156,1712.6116,2666.4275,213.2545,61174.0,25725.4004
2026-02-18,2411.1807,1375.9388,1017.5449,635.86,1996.6715,124.64,1425.0891,909.6548,2300.1045,1396.4274,1344.6035,323.6332,755.36,425.6152,4284.0562,15013.2217,292.2,1434.6667,1197.3182,1719.8925,2644.3496,209.5567,61550.8008,25819.3496
2026-02-19,2380.1499,1355.5546,1010.8362,626.34,1963.884,127.09,1408.7715,900.7029,2256.3494,1377.1897,1341.4714,317.3542,743.44,415.6823,4239.0952,14754.8164,288.38,1403.0131,1184.3519,1708.9213,2627.6685,208.8251,60739.5508,25454.3496
2026-02-20,2407.2151,1367.2456,1023.9058,631.22,1952.8232,127.54,1395.2704,897.0139,2291.1951,1382.8419,1324.5377,318.3277,747.56,420.6238,4338.2271,14828.0811,289.23,1412.8676,1194.5677,1719.8925,2635.813,207.4903,61172.0,25571.25
2026-02-23,2408.8013,1385.6313,1024.7009,631.6,1972.476,130.0,1385.2659,908.5727,2321.7837,1387.701,1299.3822,316.7701,749.67,429.9577,4375.3643,14922.1367,290.45,1421.4279,1206.0607,1727.7719,2626.0986,203.5651,61264.25,25713.0
2026-02-24,2392.3442,1386.5306,1017.2964,629.96,1916.8756,131.22,1300.7629,895.6859,2334.8511,1373.223,1248.4835,314.9205,750.28,426.9629,4218.0015,14777.5879,287.85,1422.2242,1201.6404,1727.2732,2525.4231,197.8801,61047.3008,25424.6504
2026-02-25,2395.6155,1401.9188,1014.8117,629.49,1889.6188,131.69,1338.6436,892.833,2350.9868,1388.7917,1262.7743,311.27,756.01,424.2176,4256.9209,14920.1562,288.63,1392.0637,1178.8511,1759.5884,2579.9802,199.64,61043.3516,25482.5
2026-02-26,2374.3005,1394.4246,1006.7612,630.35,1905.6173,130.48,1334.0785,883.9794,2359.3022,1393.155,1261.7955,309.8584,758.67,423.8183,4245.0371,15061.7344,288.58,1400.3256,1188.0847,1781.0322,2598.0352,198.8094,61187.6992,25496.5508
2026-02-27,2355.7615,1382.8335,989.8154,623.97,1855.9426,131.6,1349.2308,873.306,2314.5574,1367.3724,1272.5625,305.2831,750.48,414.4844,4236.9165,14709.2744,285.29,1387.4849,1180.4227,1732.4596,2587.9282,198.6908,60529.0,25178.6504
2026-03-02,2287.2559,1371.2426,972.2733,617.72,1849.9183,138.32,1331.6503,865.0919,2297.2336,1362.5133,1261.5997,306.5486,739.95,412.388,4027.3633,14244.9375,281.93,1351.75,1168.8318,1747.9191,2564.4766,196.3278,59839.6484,24865.6992
2026-03-04,2265.5442,1350.2587,939.3257,606.32,1882.2119,133.96,1324.8512,854.5168,2238.5308,1353.9852,1279.7079,303.6768,719.91,402.6548,3845.0442,14017.2246,277.29,1338.8099,1153.7043,1745.9243,2539.2588,193.3419,58755.25,24480.5
2026-03-05,2268.1218,1348.0603,956.5201,608.63,1883.2982,132.24,1315.2352,863.4687,2232.2942,1346.2504,1278.1418,303.2388,729.31,406.598,3999.634,14271.6689,280.35,1383.0056,1148.793,1779.8353,2530.4275,193.4704,59055.8516,24765.9004
2026-03-06,2259.8931,1314.786,944.3946,597.24,1847.5482,130.82,1317.7606,843.1055,2203.2891,1302.4199,1280.6868,301.4865,727.2,399.1109,3911.594,14018.2148,277.25,1398.3347,1122.7621,1794.6964,2509.6252,193.1936,57783.25,24450.4492
2026-03-09,2201.6982,1287.3073,932.3188,579.4,1843.499,131.35,1319.6062,827.0215,2172.5024,1267.7125,1287.147,297.8846,711.54,385.6841,3804.936,13373.6875,272.42,1417.4463,1079.05,1802.6755,2479.9917,196.5058,56019.8008,24028.0508
2026-03-10,2260.7854,1313.6868,934.0581,588.52,1827.4017,132.2,1322.423,835.6292,2168.1465,1300.9325,1268.1578,300.8537,724.26,391.1747,3838.5078,13729.1182,274.95,1402.3163,1092.5074,1808.0614,2465.96,198.6611,56950.8008,24261.5996
2026-03-11,2212.8018,1254.8323,888.1901,576.13,1784.5411,132.71,1311.5444,820.3813,2139.6365,1283.7771,1249.2667,300.8051,716.62,382.5396,3801.6677,13362.7969,270.56,1383.8018,1071.781,1821.1272,2418.6641,199.9465,55735.75,23866.8496
2026-03-12,2202.0945,1233.5487,857.8267,569.24,1778.912,132.43,1319.1205,819.2009,2115.3831,1255.912,1238.9891,296.035,715.84,374.6532,3683.5217,12881.6289,267.94,1385.7926,1065.9855,1820.5288,2396.5859,200.2233,55100.9492,23639.1504
2026-03-13,2177.9045,1196.3773,849.8259,555.7,1780.9858,130.32,1287.359,803.7072,2138.2507,1244.3099,1221.8597,293.4553,699.71,366.2177,3405.7349,12465.8057,262.69,1374.3456,1028.4619,1796.8906,2365.2844,195.349,53757.8516,23151.0996
2026-03-16,2198.6248,1213.7639,872.7849,561.91,1766.5674,127.22,1290.4672,826.9232,2153.7925,1262.2585,1223.328,300.075,693.67,369.2126,3435.8408,12630.1543,265.18,1388.6793,1047.8131,1778.5387,2364.0088,192.9069,54413.3984,23408.8008
2026-03-17,2218.9485,1227.1536,863.2932,566.86,1804.2926,128.22,1283.1824,831.5958,2136.4688,1277.9264,1206.7859,296.7651,700.61,373.5551,3508.531,12843.0166,267.16,1391.1677,1045.8485,1789.7095,2346.8372,189.1597,54876.0,23581.1504
2026-03-18,2242.6428,1252.2343,874.7228,569.45,1832.3396,127.91,1318.2463,829.3333,2113.7993,1278.5215,1240.2615,295.9863,706.48,374.753,3573.0012,12918.2617,269.43,1401.6195,1050.8583,1773.6516,2395.0161,192.106,55326.0508,23777.8008
2026-03-19,2167.1975,1206.0698,827.1155,551.71,1804.2926,121.32,1274.1494,785.213,2056.3835,1239.649,1194.9423,290.0968,688.14,367.5155,3401.2786,12473.7256,262.12,1378.4268,1030.3282,1739.8402,2311.8066,186.2825,53451.0,23002.1504
2026-03-20,2176.5164,1202.9723,825.4756,550.86,1823.1552,121.06,1295.4208,767.7518,2061.729,1234.9884,1229.2987,291.9951,688.51,366.1179,3401.5757,12475.7061,262.07,1407.8905,1039.2671,1772.4547,2345.7578,188.7444,53427.0508,23114.5
2026-03-23,2103.054,1169.6979,807.6353,531.67,1773.5791,110.72,1319.6062,732.0425,2031.5361,1212.4781,1230.1797,282.747,662.17,355.9355,3310.0693,12232.1523,255.15,1401.3209,1013.6293,1753.8036,2339.0852,185.4223,51437.75,22512.6504
2026-03-24,2198.2283,1191.7808,843.8129,543.04,1779.702,115.49,1333.8843,752.4548,2064.0059,1240.7399,1251.2244,283.5258,672.29,366.2177,3482.7825,12340.0684,259.83,1405.3025,1012.5488,1748.717,2353.804,186.6088,52605.6484,22912.4004
2026-03-25,2250.6731,1221.1582,877.3567,553.29,1812.0944,119.29,1341.6547,769.5717,2113.3044,1249.1688,1252.0073,287.8578,686.24,370.4604,3614.0007,12584.6123,264.06,1406.5964,1041.821,1790.7069,2332.8052,186.9153,53708.1016,23306.4492
2026-03-27,2188.4133,1204.2712,838.6447,540.27,1820.9825,117.53,1325.2397,743.8964,2053.5125,1223.4855,1242.8064,286.8843,671.06,365.519,3529.625,12265.8135,258.89,1341.8956,1001.4488,1788.9116,2344.9727,189.4365,52274.6016,22819.5996
2026-03-30,2146.5762,1160.4052,796.6528,520.9,1760.2469,121.19,1303.094,719.6474,2034.5059,1195.8187,1224.111,280.07,651.9,352.7909,3470.2053,12183.6387,253.44,1337.715,962.0588,1752.6067,2314.6521,185.5212,50275.3516,22331.4004
2026-04-01,2206.655,1192.1805,812.3066,533.42,1759.7531,123.37,1315.5267,730.1733,2043.9102,1202.5618,1248.6793,283.9639,669.66,355.4363,3572.605,12384.6211,257.45,1362.8984,999.7789,1723.9818,2363.0273,189.0212,51448.6484,22679.4004
2026-04-02,2150.3438,1196.9769,821.7982,532.43,1767.4561,120.58,1361.9547,738.6826,2044.5043,1205.636,1273.2478,285.0834,668.77,357.383,3578.1511,12505.4072,257.61,1344.2845,1000.3683,1689.173,2404.7302,192.7091,51548.75,22713.0996
2026-04-06,2165.512,1244.3403,845.6516,543.35,1770.5177,122.81,1363.0232,758.4556,2063.8079,1221.1055,1278.5333,287.0304,676.83,359.9286,3691.6423,12561.8408,260.25,1298.6953,1014.4642,1690.1704,2427.4951,195.0622,52609.1016,22968.25
2026-04-07,2167.3958,1249.1366,849.8756,543.96,1807.5516,121.78,1400.2239,759.4393,2089.3481,1235.0875,1311.0302,290.5349,680.86,362.3245,3687.2849,12670.7471,261.47,1298.5958,1012.1558,1713.5092,2492.1592,202.4083,52716.25,23123.6504
2026-04-08,2262.7681,1331.9728,909.4594,575.71,1838.4625,124.39,1419.0671,802.8218,2123.9958,1298.255,1317.686,294.4288,713.54,379.4948,3967.1514,13466.7529,271.68,1341.597,1042.656,1710.118,2511.1951,201.123,55703.8984,23997.3496
2026-04-09,2250.0784,1317.4839,897.7314,566.31,1836.2899,123.21,1422.8552,784.7212,2111.7205,1270.5884,1303.3953,294.9642,713.92,371.259,3858.5125,13453.8818,269.49,1323.8789,1022.519,1712.6116,2540.4363,200.5792,54821.6992,23775.0996
2026-04-10,2340.3948,1349.759,918.9013,575.96,1846.7581,123.49,1409.5485,797.1161,2133.5981,1310.8489,1265.1235,296.1811,729.46,373.9044,3921.5962,13572.6885,271.95,1343.986,1047.8131,1650.5742,2476.9497,202.5665,55912.75,24050.5996
2026-04-13,2332.166,1352.5569,893.4578,572.79,1847.647,123.76,1388.3741,781.77,2105.781,1339.8047,1249.7561,290.7296,723.6,371.259,3916.0505,12945.9824,269.52,1309.0475,1044.7189,1647.8811,2426.2197,200.6781,55605.0508,23842.6504
2026-04-15,2402.2581,1354.4554,907.571,579.79,1832.6357,125.06,1409.6455,796.7227,2135.875,1336.8298,1277.6525,294.0394,738.62,381.7409,4036.8706,13156.8652,273.77,1337.9141,1052.5281,1692.1652,2506.9758,207.3815,56301.9492,24231.3008
2026-04-16,2419.3101,1348.5599,900.3653,577.58,1817.7235,125.61,1408.577,782.5078,2117.5613,1334.2516,1291.2579,295.3536,746.16,378.4966,4079.9495,13202.4072,273.95,1337.1178,1048.2551,1688.6743,2528.563,207.8858,56086.3984,24196.75
2026-04-17,2442.8062,1358.0526,902.7009,582.85,1823.9452,124.8,1400.9038,786.8854,2218.2371,1335.5408,1290.7686,298.6634,757.6,382.9389,4056.479,13319.2344,275.87,1358.7179,1061.1232,1671.1204,2533.0767,202.0129,56565.6992,24353.5508
2026-04-20,2495.1521,1353.656,912.1429,582.73,1823.1552,125.0,1387.3057,782.5078,2209.0308,1344.8621,1284.7977,296.9112,756.55,378.5465,4011.8152,13316.2637,275.21,1357.0258,1088.2345,1664.2383,2531.2126,200.1936,56582.3516,24364.8496
2026-04-21,2521.7217,1376.6383,933.114,591.06,1831.9446,125.22,1399.8353,798.5425,2287.4331,1376.793,1285.385,301.4378,762.61,381.4914,4035.979,13327.1543,277.63,1347.0718,1092.1637,1660.8472,2561.533,202.6951,57371.4492,24576.5996
2026-04-22,2540.8555,1378.5369,929.039,589.0,1806.2677,124.99,1248.41,786.8854,2344.9482,1356.1667,1241.7297,297.3979,768.27,376.2005,3982.2046,13204.3877,275.64,1355.8312,1083.7651,1665.4353,2490.8835,201.6965,57124.4492,24378.0996
2026-04-23,2499.7124,1368.5446,912.7392,581.33,1818.316,124.08,1240.931,771.5883,2342.5723,1336.7307,1214.3228,297.2032,759.65,369.7616,4014.8853,13029.1475,273.76,1337.2173,1074.8752,1675.7083,2474.4968,200.4705,56305.0,24173.0508
2026-04-24,2463.7249,1364.8474,915.9196,578.75,1791.9479,123.94,1191.0403,772.0802,2303.8662,1315.1129,1130.1443,293.6013,754.26,370.2108,3975.4702,12918.2617,271.09,1321.6891,1081.604,1616.1643,2351.9395,197.1089,56089.75,23897.9492
2026-04-27,2463.8237,1323.1794,916.1681,579.98,1797.4783,124.25,1215.7876,776.9496,2304.8562,1303.114,1145.5118,295.7917,763.38,376.1506,4014.3901,13090.5312,272.52,1359.5142,1092.1637,1728.9688,2401.6885,202.7346,56264.3008,24092.6992
2026-04-28,2441.4185,1288.0067,918.0068,571.95,1820.8838,122.68,1183.9131,769.8176,2266.4468,1281.1989,1127.6973,296.3758,761.62,377.2986,3998.6438,12763.8125,271.48,1382.5078,1071.9775,1742.7327,2398.8428,199.3038,55400.3516,23995.6992
2026-04-29,2426.25,1295.401,924.318,571.54,1864.6332,121.58,1188.0707,766.3254,2291.0959,1270.2908,1142.7711,307.8628,759.76,381.3416,4056.479,13125.1836,273.13,1418.8398,1067.6555,1774.0505,2428.28,198.414,55403.6016,24177.6504
2026-04-30,2423.4739,1267.3226,931.2753,567.0,1863.3494,123.43,1186.9818,759.1442,2228.2354,1252.838,1156.7683,306.5486,752.8,382.6394,3975.1731,13181.6162,272.01,1424.2151,1049.5321,1803.5732,2427.4951,198.3843,54863.3516,23997.5508
2026-05-01,2423.4739,1267.3226,931.2753,567.0,1863.3494,123.43,1186.9818,759.1442,2228.2354,1252.838,1156.7683,306.5486,752.8,382.6394,3975.1731,13181.6162,272.01,1424.2151,1049.5321,1803.5732,2427.4951,198.3843,,
2026-05-04,2427.043,1274.1173,944.3946,565.3,1804.3912,122.38,1188.3677,766.7189,2286.0474,1260.1761,1143.6521,302.8494,759.22,371.0095,4061.1333,13444.9717,273.12,1456.3663,1049.483,1818.7334,2385.6943,198.4832,54878.5,24119.3008
2026-05-05,2409.0986,1258.7292,952.7433,562.81,1783.6523,122.16,1188.0707,759.7344,2303.9651,1240.8391,1153.1466,303.1901,762.48,370.71,4015.2812,13292.5029,272.3,1456.864,1041.1335,1816.0405,2381.7695,197.5241,54547.0508,24032.8008
2026-05-06,2497.3333,1293.2026,974.7579,577.5,1810.9092,124.02,1177.0829,783.5898,2293.7688,1268.8033,1142.4774,302.46,773.07,375.951,3969.7263,13585.5596,275.73,1431.2823,1076.5944,1845.3636,2389.7173,196.8716,55981.0508,24330.9492
2026-05-07,2508.8335,1291.7037,966.8068,577.66,1803.8975,124.47,1171.4404,783.098,2249.3208,1268.3075,1138.0728,299.2475,774.97,378.7461,3984.0859,13633.082,275.17,1429.5901,1072.6652,1829.605,2356.355,195.1315,56047.3984,24326.6504
2026-05-08,2577.5371,1267.3226,949.5131,570.99,1811.6993,124.31,1186.2889,768.1453,2264.6648,1254.2263,1154.2233,299.2962,771.73,380.1437,3936.0552,13589.5195,273.94,1428.5947,1001.2523,1843.0697,2349.4861,195.6752,55310.5508,24176.1504
2026-05-11,2544.0281,1271.3196,930.3311,562.31,1737.9279,123.23,1182.8242,751.2252,2283.9685,1255.8129,1152.0699,297.7386,758.9,380.3932,3902.0869,13348.9355,270.1,1381.811,956.3615,1867.8048,2348.0144,194.4591,54439.8984,23815.8496
2026-05-12,2483.9492,1259.1289,898.6757,552.99,1734.9651,124.61,1134.2205,738.2399,2239.2236,1229.9312,1116.1473,292.7252,740.49,375.352,3819.1965,13041.0283,265.05,1357.7224,957.3438,1840.8754,2257.1516,187.4294,53555.1992,23379.5508
2026-05-13,2595.0852,1254.7323,890.6749,552.14,1766.9623,131.74,1131.6467,737.4037,2244.4702,1225.2704,1099.3115,296.3758,745.86,376.9991,3877.9231,12972.7148,265.44,1352.5464,952.9235,1820.0302,2230.1672,185.6794,53456.1484,23412.5996
2026-05-14,2599.6455,1253.6332,906.5771,558.69,1860.0903,131.78,1112.6407,757.0292,2226.0574,1235.5834,1071.8068,299.0528,753.2,382.5396,3902.2849,12944.9932,268.09,1355.5326,962.55,1858.3296,2203.8701,186.1738,54128.9492,23689.5996
2026-05-15,2583.1885,1243.8408,904.8875,553.61,1881.7181,129.41,1121.1538,755.0125,2249.3208,1234.0959,1095.2985,301.2432,747.86,386.3829,3871.1887,13089.541,267.3,1330.2495,963.2,1873.2904,2221.5325,187.8546,53710.3516,23643.5
2026-05-18,2591.5161,1236.946,915.4724,553.35,1914.0117,129.7,1135.0123,756.1438,2231.5022,1240.6407,1118.3007,301.9246,740.6,391.1247,3879.9036,12886.5791,267.58,1329.7518,939.4,1900.8184,2240.3721,190.0,53537.0,23649.9492
2026-05-19,2578.3303,1237.3458,917.9074,552.17,1889.7174,130.64,1167.481,750.0447,2210.4165,1230.4269,1171.5485,302.0706,744.8,381.2917,3883.0728,12827.1758,267.61,1316.6124,948.8,1877.3798,2283.449,192.9662,53409.1484,23618.0
2026-05-20,2576.2485,1248.8369,917.4601,553.13,1881.2244,130.2,1157.9779,747.1427,2187.0542,1226.9562,1168.4161,299.3935,747.49,382.5396,3872.8723,12873.709,268.05,1353.4421,950.9,1875.385,2283.7432,194.8941,53562.1992,23659.0
2026-05-21,2576.4468,1252.3342,902.1046,552.4,1861.868,130.74,1156.394,746.7984,2157.0593,1232.4102,1156.1809,299.8802,749.58,380.1936,3890.5,12880.6387,268.21,1343.3887,950.9,1886.3563,2283.5469,197.4846,53439.3984,23654.6992
2026-05-22,2617.0942,1284.4094,910.9502,559.62,1848.1407,130.5,1152.2366,754.3239,2181.4119,1253.7305,1149.6228,293.6987,753.36,383.4879,3926.6001,12857.8682,269.1,1348.2661,949.2,1839.7783,2273.8325,200.8165,54055.3516,23719.3008
2026-05-25,2634.9395,1310.1895,936.1453,571.02,1851.4985,130.51,1153.9193,774.0477,2174.3831,1281.0006,1143.75,295.889,764.8,392.1729,4033.3999,13039.0479,271.99,1360.7086,969.6,1835.7887,2295.6133,204.5044,55293.6484,24031.6992
2026-05-26,2624.2322,1298.2988,924.5168,569.05,1823.9452,129.58,1150.1577,766.2271,2187.1531,1268.4066,1142.9668,293.65,765.68,387.9802,4037.8,13076.6699,270.83,1350.058,968.5,1835.9883,2263.7876,201.4295,55092.8984,23913.6992
2026-05-27,2648.918,1303.095,925.461,567.32,1829.1793,129.04,1153.4243,746.3065,2176.2639,1262.0602,1135.3322,291.95,775.11,388.0301,4047.5,13231.1191,270.94,1344.2845,967.8,1839.4791,2271.7441,199.3038,54853.8516,23907.1504
2026-05-28,2648.918,1303.095,925.461,567.32,1829.1793,129.04,1153.4243,746.3065,2176.2639,1262.0602,1135.3322,291.95,775.11,388.0301,4047.5,13231.1191,270.94,1344.2845,967.8,1839.4791,2271.7441,199.3038,,
2026-05-29,2648.6206,1285.6085,902.7009,561.32,1806.2677,128.65,1171.8364,732.4359,2131.8162,1245.8965,1136.3109,286.9,767.86,383.5378,4076.5,12996.4756,267.78,1315.1194,964.4,1794.4969,2246.582,201.9436,54239.1992,23547.75
2026-06-01,2609.7576,1274.9167,883.6182,553.51,1788.0963,127.49,1183.0222,730.616,2063.313,1229.3361,1177.0298,279.65,755.2,376.7495,4010.8,12817.2754,265.52,1313.9249,954.1,1791.8041,2284.8721,204.0793,53643.1016,23382.5996
2026-06-02,2637.8142,1250.1359,876.6113,555.91,1791.6516,128.67,1230.9331,736.0757,2072.6182,1216.3456,1243.8832,283.25,757.31,378.3967,4000.8999,12892.5195,266.02,1308.5498,956.65,1785.2213,2433.5569,207.4705,53714.6484,23483.5508
2026-06-03,2639.4995,1254.2327,871.4431,559.67,1801.4286,127.64,1167.085,741.3879,2069.5496,1231.6168,1196.704,277.0,753.78,380.3434,3953.2,12914.3008,265.55,1307.1562,970.45,1783.825,2229.4758,201.7953,54185.9492,23405.5996
2026-06-04,2638.7068,1252.3342,869.0577,561.27,1796.2932,128.5,1156.4932,741.9289,2058.4622,1241.2357,1175.8552,280.3,756.08,380.8425,3942.1001,12934.1025,265.6,1297.7,979.25,1775.4469,2228.7798,202.0129,54307.8516,23416.5508
2026-06-05,2663.5906,1271.3196,883.9661,563.08,1775.8505,127.78,1143.0304,734.8952,2100.1384,1251.5488,1172.1357,280.7,757.76,376.7995,3953.2,12920.2412,265.36,1291.0,977.7,1777.5414,2186.9092,196.13,54496.25,23366.6992
2026-06-08,2636.3271,1267.1227,865.7778,558.71,1790.7628,124.16,1139.6649,726.632,2088.8533,1239.7483,1162.4453,279.45,744.88,376.4501,3875.5,12783.6133,262.56,1263.3,981.95,1784.1241,2139.6682,179.7076,54063.75,23123.0
2026-06-09,2684.8066,1291.4041,881.4814,569.3,1776.6405,125.39,1134.7155,726.3368,2111.3247,1264.3409,1155.3,280.0,755.35,381.0422,3900.6001,12989.5449,263.88,1269.2,1002.7,1774.3497,2139.2705,179.6186,55194.5,23242.0996
2026-06-10,2691.7466,1313.4871,878.6984,567.99,1753.1364,121.15,1120.6589,734.6985,2147.655,1282.488,1145.3,283.65,746.62,387.4311,3917.5,12943.0127,263.08,1258.8,1003.25,1781.7305,2142.1545,176.9095,55100.3008,23214.9492
2026-06-11,2667.7544,1316.2849,865.2312,569.24,1760.4443,119.28,1098.9802,732.4851,2118.2542,1305.9899,1114.6,282.4,738.48,392.6721,3862.0,12967.7637,262.63,1263.0,1000.7,1789.51,2123.9546,175.3672,55176.75,23161.5996
2026-06-12,2723.7686,1355.2549,912.6895,585.42,1799.8485,121.92,1098.3862,759.882,2146.9622,1329.5909,1116.4,285.1,755.73,402.6049,4049.3,13233.0996,267.86,1293.0,1017.15,1802.9747,2149.6138,178.1059,56814.8008,23622.9004
2026-06-15,2715.7383,1367.2456,936.5428,589.68,1818.316,124.11,1107.9883,764.7022,2134.3901,1316.5012,1134.9,287.9,773.42,405.0507,4169.7998,13667.7344,270.63,1307.0,1020.85,1801.2792,2150.2104,179.3319,57198.8008,23853.9004
2026-06-16,2724.4626,1364.6475,953.7869,590.62,1829.9694,124.14,1147.287,772.1295,2177.7488,1323.1453,1143.6,291.65,774.78,407.1471,4186.3999,13554.8682,271.67,1328.8,1015.3,1795.993,2187.0088,180.6073,57297.1484,23989.1504
2026-06-17,2714.4495,1349.859,952.5446,593.66,1852.3872,123.75,1155.0083,774.2936,2175.4722,1325.6244,1157.7,290.75,779.84,403.8029,4207.7002,13494.4746,273.11,1332.7,1026.5,1815.6416,2210.8779,182.387,57585.0508,24085.6992
2026-06-18,2731.3032,1359.0519,952.9918,597.77,1851.4985,122.12,1150.0588,786.0,2196.1616,1331.0784,1127.5,291.15,783.47,402.2556,4190.0,13349.9258,273.97,1328.1,1042.7,1820.0302,2191.2854,180.7754,57963.8008,24168.0
2026-06-19,2709.3933,1356.8536,955.9237,597.32,1887.051,119.79,1120.2629,779.8,2172.5024,1335.2432,1051.4,292.5,781.04,398.5619,4209.3999,13261.8105,272.95,1309.5,1035.1,1833.4948,2113.4124,178.7584,57685.75,24013.0996
2026-06-22,2651.0,1357.553,962.384,598.96,1892.7789,121.12,1119.0751,786.4,2162.8999,1341.0939,1065.4,291.25,786.83,401.4569,4201.2998,13287.5527,273.67,1326.5,1040.75,1858.0305,2116.197,178.1454,57935.6016,24102.9004
2026-06-23,2661.2,1362.4492,956.5201,592.52,1877.9653,118.9,1098.2874,774.65,2160.1001,1327.1118,1029.3,290.0,778.2,400.9578,4179.3999,13317.2539,270.81,1309.5,1024.2,1863.1171,2048.3689,172.5197,57183.75,23824.0996
2026-06-24,2667.5,1383.4331,984.8956,602.28,1853.9674,117.56,1102.6428,793.2,2157.8,1362.1167,1056.6,290.35,778.4,405.2504,4181.7002,13116.2725,272.68,1313.6,1034.6,1869.5004,2097.4995,172.5098,58150.3516,24021.6504
2026-06-25,2645.2,1376.1387,974.4101,601.92,1827.6979,114.96,1089.5762,796.3,2174.2,1375.9005,1041.2,290.0,779.65,408.2951,4216.3999,13608.3311,273.43,1318.1,1045.4,1857.9308,2083.2773,173.0239,58177.0508,24056.0
2026-06-26,2645.2,1376.1387,974.4101,601.92,1827.6979,114.96,1089.5762,796.3,2174.2,1375.9005,1041.2,290.0,779.65,408.2951,4216.3999,13608.3311,273.43,1318.1,1045.4,1857.9308,2083.2773,173.0239,,
2026-06-29,2656.8999,1355.7545,976.05,598.0,1818.2173,116.43,1091.259,798.9,2151.3,1375.9996,1036.7,290.7,772.96,394.8184,4165.2002,13278.6416,272.16,1301.0,1036.1,1869.8994,2086.46,173.4985,57727.3516,23946.25
2026-06-30,2635.7,1344.663,1004.75,596.37,1828.9818,115.97,1060.9684,797.95,2118.2,1363.7032,1000.4,286.95,773.98,391.574,4143.3999,13974.6523,271.82,1293.9,1026.9,1857.6315,2020.4221,168.466,57542.8984,23865.75
2026-07-01,2716.3999,1367.6451,1014.9,601.57,1847.7457,115.46,1023.7482,796.15,2182.0,1368.2649,985.3,290.3,779.15,399.7599,4092.6001,14251.8682,272.87,1308.0,1047.4,1861.3218,1971.7888,168.2089,58033.0508,24005.8496
2026-07-02,2744.5,1361.5499,1018.4,600.07,1851.6959,117.69,1067.2046,795.9,2210.6001,1388.296,1040.9,289.9,782.42,398.6118,4059.3999,14205.335,274.27,1303.5,1051.6,1866.1093,2056.8228,172.0352,58031.6484,24175.6992
2026-07-03,2737.8,1341.0657,1031.4,600.12,1886.656,120.31,1127.4891,801.05,2201.2,1399.6007,1047.2,289.95,780.71,396.0662,4026.6001,14223.1562,275.91,1304.0,1040.0,1899.8209,2082.084,174.0917,57938.5,24270.8496
2026-07-06,2754.8999,1338.5676,1029.1,603.04,1901.7657,119.51,1122.7377,829.85,2202.0,1414.9711,1042.2,288.25,784.84,380.6428,4041.0,14312.2617,277.43,1321.3,1037.7,1907.8,2046.3799,172.3516,58291.5,24430.3496
2026-07-07,2731.3999,1339.9666,1042.5,603.41,1901.8646,118.58,1156.394,829.3,2208.8,1402.873,1071.8,288.75,780.28,381.0422,3991.8999,14393.4463,277.05,1308.4,1038.1,1903.4,2084.6699,171.0465,58200.6992,24398.6992
2026-07-08,2665.8999,1308.4908,1010.4,587.67,1864.6332,116.96,1134.0225,810.3,2135.8,1369.0581,1069.3,280.65,765.88,369.4622,3892.1001,13812.2822,271.69,1275.9,1016.9,1888.2,2046.2804,170.7697,56742.6016,23882.0508
2026-07-09,2673.8,1296.6,1003.8,592.56,1907.0986,118.42,1138.7739,817.55,2144.5,1369.1572,1050.8,282.05,771.82,376.5,3886.0,13591.5,272.76,1279.8,1022.1,1938.7,2038.324,170.8092,57252.4492,23962.8008
2026-07-10,2677.8,1323.7,1020.5,600.17,1896.5317,118.14,1152.3354,824.95,2150.6001,1389.4858,1068.0,281.75,781.85,376.9492,3945.8,13716.2471,275.07,1307.8,1036.0,1935.5,2057.7175,173.4787,58045.8984,24206.9004
2026-07-13,2652.1001,1319.4,1022.6,600.74,1878.163,116.95,1208.8584,817.95,2130.6001,1397.7166,1102.6,279.65,779.19,383.9871,3928.5,13558.8281,275.3,1296.9,1037.0,1921.4,2169.6042,176.4152,58131.4492,24211.0
2026-07-14,2641.0,1317.6,1006.6,594.18,1912.4316,115.98,1154.9092,809.4,2120.2,1395.9315,1092.9,275.55,776.39,377.9974,3848.7,13354.876,273.35,1293.0,1015.4,1942.6,2188.6001,175.1398,57462.3008,24052.0508
2026-07-15,2670.0,1312.3,1021.3,597.57,1894.4579,116.39,1156.196,815.45,2102.6001,1404.3605,1076.3,276.65,778.84,377.7478,3783.8999,13447.9414,273.66,1295.5,1030.1,1951.5,2189.2,172.6779,57757.8516,24078.5
2026-07-16,2674.7,1307.6,1037.6,597.09,1897.9143,116.47,1175.4,808.3,2098.3999,1406.3438,1082.4,279.35,776.98,376.5,3775.6001,13645.9531,273.99,1296.6,1031.2,1950.1,2201.0,175.733,57582.25,24072.75
2026-07-17,2689.0,1328.5,1056.3,604.9,1885.0759,115.79,1203.9,819.6,2143.8,1432.2257,1096.5,280.7,776.11,389.95,3814.5,13665.7539,276.46,1327.2,1044.3,1932.6,2269.0,174.0126,58521.3984,24334.3008
2026-07-20,2691.3999,1256.0,1064.0,600.21,1915.9868,116.84,1221.3,777.6,2139.7,1447.9927,1087.1,282.7,781.49,382.05,3838.8,13379.6279,275.58,1323.1,1060.0,1956.4,2251.1001,174.3884,57945.0,24238.5
2026-07-21,2692.3999,1258.2,1069.2,599.55,1924.1837,117.73,1239.5,761.45,2142.5,1450.8684,1073.5,281.0,784.43,385.95,3846.6001,13461.8027,275.13,1303.7,1044.4,1961.9,2221.1001,172.9943,57835.3516,24187.6992
2026-07-22,2692.8,1238.4,1060.3,592.24,1924.7762,119.14,1237.3,753.15,2154.6001,1428.6556,1052.1,280.8,779.61,381.15,3817.3999,13410.3193,273.36,1288.6,1025.0,1943.0,2208.3,172.4703,57126.8008,23996.25
2026-07-23,2668.8,1223.0,1039.8,586.72,1907.0,118.69,1244.7,747.25,2161.8,1422.6067,1047.4,281.3,776.24,383.35,3792.3999,13269.7314,271.98,1272.2,1012.6,1954.0,2242.8999,172.846,56592.0,23869.5996
2026-07-24,2637.8999,1227.3,1012.8,587.76,1898.2,117.91,1271.0,742.8,2145.0,1420.9209,1040.9,283.45,776.3,384.75,3785.6001,13308.3438,271.21,1278.0,1015.0,1941.1,2254.3,175.12,56693.5,23767.4492
2026-07-27,2710.2,1227.5,1048.3,591.44,1905.3,118.62,1295.9,739.55,2174.6001,1433.6139,1079.2,285.85,783.45,384.65,3806.0,13593.4805,273.59,1280.0,1020.6,1973.7,2295.6001,178.53,57087.1992,23995.9492
2026-07-28,2736.2,1223.5,1048.4,587.54,1901.8,116.83,1318.6,735.4,2022.7,1418.8385,1105.7,284.65,779.58,385.3,3832.0,13664.7637,273.53,1267.7,1013.2,1976.7,2398.0,181.12,56755.6016,23985.3496
2026-07-29,2758.3999,1235.4,1054.4,591.74,1950.2,116.85,1344.3,748.2,2117.8,1425.8792,1155.6,286.25,783.51,390.2,3931.3999,13809.3125,275.82,1275.9,1013.7,1989.9,2446.6001,183.61,57205.8984,24250.1992
2026-07-30,2746.2,1228.9,1053.5,591.08,1956.8,117.37,1352.7,753.95,2107.8999,1421.9126,1155.1,285.05,784.35,389.4,3937.7,14046.9258,276.49,1292.9,1025.3,2001.1,2431.8,186.33,57147.5,24317.1504
2026-07-31,2747.3,1229.5,1141.2,592.26,1972.0,117.11,1346.9,748.15,2101.3,1423.4,1130.1,281.0,795.65,390.3,3938.8999,14092.4688,277.42,1307.8,1027.4,1990.5,2365.6001,183.65,57264.8516,24383.5996
2026-08-03,2810.0,1272.0,1153.0,597.34,1970.5,117.26,1377.0,753.0,2138.0,1460.0,1180.0,287.0,801.59,397.5,4025.0,14009.3037,279.87,1319.0,1045.0,1963.5,2473.7,188.66,58247.9492,24774.3008
2026-08-04,2775.0,1261.8,1149.0,595.76,1970.1,117.15,1369.9,742.0,2096.5,1454.6,1167.5,289.0,802.0,398.0,3990.0,14027.125,278.79,1290.9,1042.7,1964.0,2460.0,186.3,57907.1992,24614.9004
2026-08-05,2760.0,1253.9,1158.8,596.31,1978.0,119.39,1350.0,735.0,2085.3,1450.1,1174.0,286.95,805.74,400.0,4057.0,14048.9062,279.96,1280.0,1055.0,1940.0,2413.0,186.99,57739.9492,24624.6504
2026-08-06,2755.0,1256.0,1144.8,600.16,1948.0,122.48,1335.0,734.3,2079.5,1457.5,1165.0,285.9,807.25,394.0,4061.8,13940.0,280.59,1325.0,1085.0,1951.0,2373.0,186.12,58063.6484,24636.0
2026-08-07,2735.0,1238.0,1078.0,598.78,1959.9,123.4,1356.6,731.0,2096.0,1421.0,1175.1,286.1,807.63,390.75,4056.0,14037.0,279.83,1334.8,1097.2,1945.0,2452.7,187.53,57746.4492,24570.6504
2026-08-10,2750.0,1247.3,1102.2,596.77,1943.0,124.58,1357.2,731.0,2087.2,1431.8,1183.0,282.65,809.0,393.5,4080.0,14097.0,280.46,1327.3,1071.0,1944.4,2425.7,185.5,57686.9492,24583.8008
2026-08-11,2735.5,1229.8,1093.3,594.87,1915.2,125.52,1365.4,729.0,2064.8999,1429.6,1190.7,279.0,807.7,392.9,4037.3999,13990.0,279.13,1323.9,1066.0,1942.0,2445.7,184.6,57446.25,24471.6992
2026-08-12,2740.0,1230.0,1094.2,599.01,1945.0,126.45,1365.4,729.0,2063.0,1431.7,1176.1,276.15,806.31,390.5,4020.0,13875.0,278.32,1329.0,1082.0,1944.0,2349.7,183.94,57885.8516,24435.9492
2026-08-13,2755.5,1221.8,1090.8,597.97,1939.1,125.48,1370.0,725.0,2092.0,1406.8,1175.0,278.5,807.69,392.4,4070.7,13905.0,278.16,1317.0,1083.0,1932.0,2375.0,183.1,57635.25,24395.8496
2026-08-14,2696.3,1217.4,1087.0,596.37,1992.1,125.13,1360.0,727.0,2077.0,1417.0,1169.2,278.2,807.81,391.15,4057.0,13834.0,278.35,1310.0,1067.7,1930.0,2361.0,184.0,57491.1016,24366.0
2026-08-17,2687.5,1227.3,1089.3,598.42,1969.3,126.42,1325.0,729.0,2055.0,1415.3,1139.9,273.05,808.27,392.7,4086.7,13760.0,277.91,1316.0,1061.2,1882.0,2313.2,181.9,57497.8008,24287.6504
2026-08-18,2628.3999,1243.0,1094.3,594.86,1934.2,126.43,1298.0,723.0,2035.0,1412.0,1115.0,270.0,805.9,387.65,4064.3,13691.0,276.1,1322.0,1053.0,1875.1,2280.0,178.06,57262.3984,24154.9004
2026-08-19,2630.8,1235.0,1080.2,593.26,1922.0,125.73,1324.8,720.0,2020.7,1402.0,1119.8,267.05,799.85,390.25,4041.3,13690.0,274.62,1311.0,1048.6,1900.0,2289.0,179.55,57239.75,24078.3008
2026-08-20,2625.2,1251.0,1095.0,596.06,1941.7,128.88,1318.4,725.05,2028.0,1411.9,1130.0,271.65,803.11,397.35,4081.0,13809.0,276.57,1313.2,1048.0,1904.0,2298.0,181.0,57495.8984,24231.8496
2026-08-21,2640.0,1245.8,1095.0,597.76,1946.0,131.32,1302.5,726.95,2015.0,1420.0,1121.0,269.4,800.27,402.8,4093.0,13565.0,276.76,1316.0,1048.7,1902.4,2302.0,180.79,57761.9492,24252.0
2026-08-24,2640.8,1236.0,1077.0,594.7,1935.0,133.02,1322.0,729.0,2030.0,1415.0,1130.0,269.7,799.94,401.45,4090.0,13620.0,275.87,1309.8,1039.5,1910.0,2284.1001,181.31,57525.9492,24219.0508
2026-08-25,2639.8,1235.0,1087.4,595.07,1947.0,132.78,1315.8,727.5,2024.2,1422.7,1144.0,271.4,804.14,401.6,4119.0,13678.0,276.94,1317.0,1048.0,1922.0,2296.2,180.09,57514.1992,24334.5508
2026-08-26,2626.5,1255.0,1085.0,599.57,1902.1,132.37,1298.5,727.2,2021.0,1430.0,1120.0,270.25,806.9,416.7,4038.1001,13520.0,277.02,1298.0,1052.0,1899.5,2270.0,177.35,57783.75,24207.75
2026-08-27,2631.0,1256.0,1083.0,596.79,1878.3,130.05,1282.0,711.0,2009.0,1443.0,1110.8,269.0,805.78,424.2,4027.0,13440.0,275.74,1282.2,1042.9,1913.3,2248.3999,176.4,57509.9492,24090.8496
2026-08-28,2608.7,1265.0,1079.9,596.06,1882.4,130.85,1316.1,720.3,2010.4,1422.8,1144.0,266.0,801.29,423.7,4045.8,13376.0,275.62,1287.0,1047.5,1920.0,2342.0,180.95,57496.3008,24175.6504
2026-08-31,2653.6001,1300.0,1057.0,595.58,1811.9,127.32,1312.2,709.0,1967.4,1454.0,1133.8,255.5,793.86,419.4,4044.8999,13547.0,274.87,1277.0,1060.0,1984.8,2399.3,184.5,58024.9492,24080.4004
2026-09-01,2575.5,1258.0,1053.9,593.79,1877.2,125.34,1351.4,711.9,1994.8,1438.0,1156.0,266.6,788.17,425.0,3980.1001,12950.0,273.25,1309.0,1034.5,1929.0,2369.0,181.7,57409.6016,24055.8008
2026-09-02,2527.5,1253.9,1055.9,592.76,1862.8,123.52,1331.5,700.8,1975.0,1426.5,1140.0,266.3,788.4,423.5,3981.0,12849.0,272.56,1313.1,1020.9,1931.7,2348.0,177.09,57172.0,23914.4492
2026-09-03,2541.6001,1267.0,1049.0,596.02,1869.0,126.23,1319.0,706.65,1962.0,1430.0,1130.3,263.0,788.74,421.15,3975.0,12857.0,272.63,1302.5,1023.4,1916.0,2320.1001,175.72,57380.6016,23873.4492
2026-09-04,2527.3,1273.0,1060.5,596.2,1840.0,127.17,1293.4,712.1,1973.4,1423.2,1130.0,264.1,791.07,424.5,3964.1001,12694.0,273.27,1322.0,1016.1,1899.0,2304.0,176.4,57369.6484,23897.6992
2026-09-07,2500.8999,1266.0,1060.0,591.58,1854.0,125.58,1282.8,710.5,1960.0,1427.5,1087.5,263.5,786.26,422.1,3999.0,12760.0,271.21,1309.5,1005.9,1895.0,2270.0,172.8,57088.3008,23779.1504
2026-09-08,2481.6001,1244.9,1054.1,589.09,1844.0,125.84,1277.0,703.0,1980.0,1399.4,1082.0,263.5,787.59,419.25,3946.1001,12641.0,270.05,1294.9,1008.0,1885.9,2255.5,171.5,56777.5508,23635.0996
2026-09-09,2489.0,1238.5,1039.3,585.87,1814.7,125.78,1229.8,687.1,1945.0,1389.1,1035.0,260.8,789.37,414.0,3922.6001,12618.0,268.15,1279.0,1000.5,1864.9,2208.0,167.0,56295.5508,23431.5
2026-09-10,2498.1001,1246.0,1043.5,583.52,1839.0,126.2,1207.0,693.8,1942.3,1384.5,1036.5,259.3,785.79,416.55,3955.0,12590.0,267.17,1274.0,1009.7,1861.0,2204.1001,166.3,56471.9492,23477.8008
2026-09-11,2472.5,1246.0,1034.5,586.35,1831.1,125.12,1206.1,708.25,1927.0,1379.3,1037.7,259.85,781.96,419.0,3930.7,12400.0,267.14,1257.5,995.7,1840.0,2200.8,167.4,56606.5508,23398.0996
2026-09-14,2472.5,1246.0,1034.5,586.35,1831.1,125.12,1206.1,708.25,1927.0,1379.3,1037.7,259.85,781.96,419.0,3930.7,12400.0,267.14,1257.5,995.7,1840.0,2200.8,167.4,,
2026-09-15,2402.8,1222.9,1009.2,579.33,1830.4,123.62,1253.7,716.55,1938.1,1350.4,1077.0,258.0,762.71,409.8,3850.7,12231.0,264.58,1235.3,968.0,1835.0,2251.0,170.0,55794.75,23118.5996
2026-09-16,2416.6001,1241.0,1006.2,582.68,1835.0,124.91,1253.0,721.5,1962.0,1358.8,1060.0,264.15,764.82,415.0,3807.7,12166.0,265.02,1240.0,991.4,1853.5,2188.8,166.89,56292.4492,23217.5996
2026-09-17,2454.0,1240.0,1015.0,581.64,1836.0,124.43,1258.3,713.0,1942.2,1347.6,1058.6,266.2,771.94,416.5,3836.2,12338.0,266.08,1243.9,988.7,1867.3,2190.0,166.4,56055.75,23270.5996
2026-09-18,2451.3,1257.0,1040.3,583.58,1893.3,126.48,1249.3,731.0,1932.0,1338.9,1051.4,262.3,781.11,412.5,3885.0,12103.0,266.53,1226.4,996.2,1837.3,2105.0,166.83,56358.6992,23346.4004
2026-09-21,2440.3,1250.0,1021.3,585.29,1830.2,125.57,1281.0,739.5,1947.0,1345.0,1038.5,267.0,782.31,414.8,3904.8,12153.0,267.76,1247.4,996.0,1868.9,2128.7,164.55,56470.6484,23414.3008
2026-09-22,2448.5,1242.7,1008.8,583.52,1817.2,125.0,1270.4,738.6,1933.8,1339.6,1029.4,265.8,778.55,412.65,3866.3999,12190.0,266.64,1240.4,987.0,1846.4,2105.0,166.0,56215.5508,23329.0
2026-09-23,2455.0,1243.2,1043.2,585.57,1833.2,124.73,1256.7,737.25,1950.0,1340.0,1020.5,270.15,784.54,413.25,3929.8999,12230.0,267.59,1248.0,994.1,1865.0,2089.6001,164.9,56548.8984,23446.8008
2026-09-24,2392.7,1186.5,982.0,575.88,1795.8,123.43,1243.6,728.9,1933.5,1334.5,1014.5,268.0,773.76,405.0,3858.3999,11990.0,263.99,1219.2,978.5,1849.9,2087.0,163.64,55438.5,23063.0996
2026-09-25,2444.0,1222.4,996.9,576.33,1785.4,124.43,1258.0,735.6,1942.9,1326.8,1000.2,269.0,776.69,404.0,3876.2,12065.0,264.13,1226.0,983.0,1852.2,2082.0,164.02,55580.3984,23140.5
2026-09-28,2420.0,1209.9,985.0,565.32,1771.4,121.17,1252.6,719.05,1896.0,1302.0,1003.2,265.2,761.9,401.55,3766.3999,12008.0,260.47,1197.6,962.0,1838.0,2070.7,161.56,54471.6484,22780.25
2026-09-29,2415.0,1212.1,973.8,564.42,1771.2,120.64,1222.0,722.7,1863.8,1292.2,1015.4,265.1,761.66,406.0,3749.1001,11877.0,259.47,1182.0,964.7,1865.0,2032.4,156.79,54259.9492,22716.1992
2026-09-30,2402.6001,1226.0,959.4,567.42,1757.0,121.59,1230.0,708.7,1879.1,1321.7,994.1,262.75,756.31,417.0,3760.0,11967.0,258.5,1187.0,959.5,1816.6,2050.6001,158.5,54633.0508,22620.4492
2026-10-01,2407.0,1217.1,948.3,565.03,1741.1,121.43,1243.1,721.2,1836.0,1310.6,1035.0,255.9,747.52,418.35,3693.3999,11386.0,256.5,1167.7,954.1,1801.0,2075.0,159.35,54450.75,22421.9492
2026-10-02,,,,565.03,,121.43,,,,,,,747.52,,,,256.5,,,,,,,
2026-10-05,2366.0,1222.2,970.0,565.61,1779.9,121.58,1201.9,704.8,1838.4,1332.0,1020.5,268.9,748.46,416.0,3750.0,11532.0,257.29,1186.4,958.0,1779.7,2114.3999,162.14,54714.1016,22555.75
